table_id,num_classes,feature_column,global_node_id,layer,node_in_layer,feature_type,cardinality,observation_type,gt_importance,single_feature_balanced_accuracy,permutation_importance,drop_column_importance
0,2,0,17,2,0,continuous,0,continuous_scalar,0.08676842762327489,0.4930555555555556,0.09027777777777779,0.0625
0,2,1,19,2,2,categorical,3,prototype_discretization,0.001021299559007184,0.5,0.00277777777777779,0.0
0,2,2,12,1,4,categorical,3,threshold_binning,0.13240004186578744,0.6527777777777778,0.001388888888888906,0.006944444444444531
0,2,3,1,0,1,continuous,0,continuous_scalar,0.24600206153197335,0.625,0.023611111111111138,0.03472222222222221
0,2,4,2,0,2,continuous,0,continuous_scalar,0.07708133984404464,0.5208333333333334,0.011111111111111117,0.03472222222222221
0,2,5,22,2,5,categorical,6,prototype_discretization,0.17786145505657658,0.6805555555555556,0.01527777777777779,0.05555555555555558
0,2,6,18,2,1,continuous,0,continuous_scalar,0.24130846429208946,0.5763888888888888,0.17638888888888893,0.16666666666666663
0,2,7,21,2,4,continuous,0,continuous_scalar,0.03755691022724644,0.3819444444444444,0.03888888888888893,0.03472222222222221
1,4,0,2,0,2,continuous,0,continuous_scalar,0.0003591057438973021,0.28013689526847424,-0.00959595959595958,-0.03472222222222221
1,4,1,32,3,5,continuous,0,continuous_scalar,0.005165798806879331,0.7153774587985114,-0.010732323232323204,0.002525252525252597
1,4,2,5,0,5,continuous,0,continuous_scalar,0.18003126113292403,0.5277777777777778,-0.011489898989898984,-0.02083333333333337
1,4,3,27,3,0,continuous,0,continuous_scalar,0.02485823884298412,0.36273923444976075,0.023212387028176518,0.01388888888888895
1,4,4,19,2,1,continuous,0,continuous_scalar,0.0014492713847955362,0.25299043062200954,0.0029040404040404644,0.0
1,4,5,20,2,2,continuous,0,continuous_scalar,0.012840689473878038,0.2879120148856991,-0.01073232323232327,-0.02083333333333337
1,4,6,35,3,8,continuous,0,continuous_scalar,0.15225885076414497,0.8422713981924508,0.033712121212121235,-0.011363636363636354
1,4,7,9,1,1,categorical,2,prototype_discretization,0.007652534735331213,0.30492424242424243,0.007323232323232354,0.002525252525252597
1,4,8,4,0,4,continuous,0,continuous_scalar,0.030615004170220728,0.3519072301967039,-0.010984848484848464,-0.06691919191919193
1,4,9,1,0,1,continuous,0,continuous_scalar,0.0013509223286608558,0.2546517809675704,0.0037878787878787845,-0.039141414141414144
1,4,10,24,2,6,continuous,0,continuous_scalar,0.16468442184679835,0.7703017012227539,0.056944444444444464,-0.04356060606060608
1,4,11,13,1,5,continuous,0,continuous_scalar,0.41048924141423115,0.6990629984051038,-0.01262626262626263,-0.018308080808080773
1,4,12,29,3,2,continuous,0,continuous_scalar,0.008244659355254341,0.23790536948431684,-0.006439393939393944,0.023358585858585856
2,3,0,28,3,3,continuous,0,continuous_scalar,0.03493261800903203,0.4533475783475784,0.06688034188034184,0.012820512820512775
2,3,1,25,3,0,continuous,0,continuous_scalar,0.05198803679613865,0.2795584045584046,0.004415954415954393,0.031339031339031376
2,3,2,3,0,3,continuous,0,continuous_scalar,0.1045503569090832,0.443019943019943,-0.010897435897435904,-0.01388888888888884
2,3,3,8,1,0,continuous,0,continuous_scalar,0.13814999523404972,0.28062678062678065,0.025498575498575482,-0.007834757834757844
2,3,4,0,0,0,continuous,0,continuous_scalar,0.05025577676218166,0.34437321937321935,-0.041239316239316315,-0.059116809116809055
2,3,5,26,3,1,continuous,0,continuous_scalar,0.14738960948484864,0.6363960113960114,0.24415954415954416,-0.059116809116809055
2,3,6,13,1,5,continuous,0,continuous_scalar,0.11833173345149359,0.5381054131054132,0.011680911680911654,0.0
2,3,7,16,2,1,continuous,0,continuous_scalar,0.06046242797090484,0.4836182336182336,-0.01509971509971506,-0.026709401709401837
2,3,8,9,1,1,categorical,3,threshold_binning,0.016170697708408847,0.3162393162393163,-0.00512820512820511,-0.026709401709401837
2,3,9,15,2,0,categorical,4,prototype_discretization,0.013368839746646129,0.29914529914529914,0.0,-0.01388888888888884
2,3,10,32,3,7,continuous,0,continuous_scalar,0.017127026319090962,0.3543447293447293,-0.0183760683760684,-0.026709401709401837
2,3,11,14,1,6,continuous,0,continuous_scalar,0.13588676210942616,0.3397435897435897,0.030911680911680905,0.004629629629629761
2,3,12,21,2,6,continuous,0,continuous_scalar,0.08164863501317965,0.3376068376068376,0.07307692307692304,-0.006766381766381779
2,3,13,2,0,2,continuous,0,continuous_scalar,0.02973748448551592,0.40883190883190884,-0.011111111111111072,-0.040598290598290676
3,2,0,4,0,4,continuous,0,continuous_scalar,0.01632433368877626,0.4959514170040486,0.013157894736842035,0.0
3,2,1,10,1,2,categorical,3,threshold_binning,4.42189662226527e-05,0.4888663967611336,0.0,0.013157894736842035
3,2,2,26,3,2,continuous,0,continuous_scalar,0.001982802738827352,0.5394736842105263,0.0,0.0
3,2,3,13,1,5,continuous,0,continuous_scalar,0.001050747105939681,0.4736842105263158,0.0,0.0
3,2,4,23,2,7,continuous,0,continuous_scalar,0.345659222837943,0.9736842105263157,0.01315789473684208,0.0
3,2,5,9,1,1,continuous,0,continuous_scalar,0.005548281075819312,0.6234817813765182,0.0,0.0
3,2,6,7,0,7,continuous,0,continuous_scalar,0.20149373813412652,0.9544534412955465,0.007894736842105222,0.0
3,2,7,28,3,4,continuous,0,continuous_scalar,0.0045777218905168155,0.49493927125506076,0.0,0.0
3,2,8,18,2,2,continuous,0,continuous_scalar,0.0035469997331369876,0.5141700404858299,0.0,0.0
3,2,9,25,3,1,continuous,0,continuous_scalar,0.18329284908028384,0.9736842105263157,0.010526315789473672,0.013157894736842035
3,2,10,14,1,6,continuous,0,continuous_scalar,0.2298221565919904,0.986842105263158,0.007894736842105222,0.013157894736842035
3,2,11,19,2,3,continuous,0,continuous_scalar,0.00386322472235556,0.5020242914979758,0.0,0.0
3,2,12,20,2,4,continuous,0,continuous_scalar,0.0027937034340616445,0.8441295546558705,0.005263157894736814,0.0
4,3,0,30,3,6,continuous,0,continuous_scalar,0.06923303912721362,0.4271428571428572,0.040857142857142856,0.0
4,3,1,24,3,0,categorical,2,prototype_discretization,0.034504455378265374,0.4066666666666667,0.028095238095238062,0.016666666666666607
4,3,2,21,2,6,continuous,0,continuous_scalar,0.0013659481506861902,0.4295238095238095,0.038285714285714326,-0.013333333333333197
4,3,3,22,2,7,categorical,4,prototype_discretization,0.010466743501882909,0.3057142857142857,0.00857142857142854,0.02857142857142858
4,3,4,0,0,0,categorical,5,prototype_discretization,0.0014003792634786915,0.3109523809523809,-0.003238095238095173,-0.013333333333333197
4,3,5,32,3,8,categorical,3,prototype_discretization,0.0016302352681274738,0.36571428571428566,0.002095238095238128,0.0033333333333334103
4,3,6,25,3,1,continuous,0,continuous_scalar,0.3084125589888644,0.7414285714285714,0.1582857142857143,0.016666666666666607
4,3,7,28,3,4,continuous,0,continuous_scalar,0.021372564629624575,0.27238095238095233,0.0195238095238095,0.016666666666666607
4,3,8,33,3,9,continuous,0,continuous_scalar,0.0010290016890203504,0.4042857142857143,0.022857142857142843,0.011904761904761973
4,3,9,14,1,6,continuous,0,continuous_scalar,0.15208673827736338,0.3442857142857143,0.04666666666666661,0.02857142857142858
4,3,10,17,2,2,continuous,0,continuous_scalar,0.39849833572547305,0.7747619047619048,0.243047619047619,0.07523809523809522
5,4,0,17,2,1,categorical,2,threshold_binning,0.024695106141779048,0.3607954545454546,0.0005681818181818121,-0.019886363636363646
5,4,1,24,3,2,continuous,0,continuous_scalar,0.04486038216181492,0.2232298951048951,0.04886363636363642,0.011363636363636354
5,4,2,15,1,7,continuous,0,continuous_scalar,0.1851822308671778,0.4059222027972028,0.038461538461538526,0.01846590909090917
5,4,3,0,0,0,categorical,4,threshold_binning,0.18073739324459587,0.45454545454545453,0.01245629370629373,0.030594405594405627
5,4,4,18,2,2,continuous,0,continuous_scalar,0.0037608419522625917,0.22607080419580422,0.006818181818181812,0.011363636363636354
5,4,5,3,0,3,categorical,2,threshold_binning,0.026327126038449528,0.3112980769230769,0.005113636363636353,-0.015625
5,4,6,25,3,3,continuous,0,continuous_scalar,0.08927568153468458,0.36319930069930073,0.014357517482517568,0.042613636363636354
5,4,7,16,2,0,continuous,0,continuous_scalar,0.14131926166691994,0.4519230769230769,0.12082604895104901,0.13789335664335667
5,4,8,2,0,2,categorical,3,prototype_discretization,0.0002803589192203177,0.2701048951048951,0.0,0.022727272727272707
5,4,9,6,0,6,continuous,0,continuous_scalar,0.010579005939784034,0.2671547202797203,0.01223776223776225,0.022727272727272707
5,4,10,27,3,5,continuous,0,continuous_scalar,0.29298261153331134,0.6859702797202797,0.3403627622377623,0.06894667832167833
6,2,0,2,0,2,continuous,0,continuous_scalar,0.017436316192196804,0.5580065359477124,0.005882352941176494,0.0
6,2,1,33,3,8,categorical,3,threshold_binning,0.038055732748794126,0.7802287581699346,0.01944444444444453,0.01388888888888895
6,2,2,23,2,6,continuous,0,continuous_scalar,0.1915436233144766,0.9297385620915033,0.01666666666666674,0.0
6,2,3,19,2,2,continuous,0,continuous_scalar,0.1290722635062889,0.9428104575163399,0.019934640522875902,0.01388888888888895
6,2,4,21,2,4,continuous,0,continuous_scalar,0.021260118057517964,0.5580065359477124,0.0,0.01388888888888895
6,2,5,28,3,3,continuous,0,continuous_scalar,0.00294028221807836,0.4852941176470588,0.002941176470588247,0.01388888888888895
6,2,6,16,1,8,continuous,0,continuous_scalar,0.005695767220423221,0.5,0.0,0.0
6,2,7,11,1,3,continuous,0,continuous_scalar,0.0185687094451264,0.5032679738562091,0.0,0.01388888888888895
6,2,8,15,1,7,categorical,2,prototype_discretization,0.016551699446963917,0.6160130718954249,0.00833333333333337,0.01388888888888895
6,2,9,25,3,0,categorical,4,prototype_discretization,0.004026998289791639,0.5089869281045751,0.0,0.01388888888888895
6,2,10,30,3,5,continuous,0,continuous_scalar,0.22133755627211343,0.9722222222222222,0.016830065359477196,0.0277777777777779
6,2,11,29,3,4,continuous,0,continuous_scalar,0.16039606887745747,0.7589869281045751,0.0,0.0
6,2,12,8,1,0,continuous,0,continuous_scalar,0.17261917844908056,0.9436274509803921,0.011274509803921617,0.0
6,2,13,9,1,1,continuous,0,continuous_scalar,0.0004956859616906044,0.4027777777777778,0.00833333333333337,0.01388888888888895
7,4,0,4,0,4,continuous,0,continuous_scalar,0.0023766111442985755,0.26282051282051283,-0.004761904761904789,-0.036904761904761996
7,4,1,2,0,2,categorical,2,threshold_binning,0.002216566617283713,0.2523809523809524,0.009523809523809578,0.0
7,4,2,21,2,6,continuous,0,continuous_scalar,0.1724479967177971,0.36776556776556774,-0.02142857142857142,-0.0357142857142857
7,4,3,12,1,4,continuous,0,continuous_scalar,0.1871697034294052,0.34093406593406594,-0.023809523809523815,-0.025000000000000022
7,4,4,22,3,0,continuous,0,continuous_scalar,0.11378168470831775,0.6352564102564102,0.21205128205128201,0.023809523809523836
7,4,5,7,0,7,continuous,0,continuous_scalar,0.0025554129738848777,0.3457875457875458,0.0023809523809523946,0.0
7,4,6,6,0,6,continuous,0,continuous_scalar,0.00011600020093302285,0.27673992673992676,0.0023809523809523946,0.0
7,4,7,29,3,7,continuous,0,continuous_scalar,0.1579540840604852,0.3586080586080586,-0.019047619047619046,-0.011904761904761973
7,4,8,30,3,8,continuous,0,continuous_scalar,0.013908638809747156,0.4208791208791209,-0.016666666666666673,-0.011904761904761862
7,4,9,18,2,3,continuous,0,continuous_scalar,0.33080006099690884,0.5626373626373626,0.32232600732600736,-0.013095238095238049
7,4,10,25,3,3,continuous,0,continuous_scalar,0.003485543934029817,0.41510989010989013,-0.0071428571428571175,-0.023809523809523836
7,4,11,24,3,2,categorical,2,threshold_binning,0.013187696406908766,0.325,-0.0071428571428571175,0.011904761904761973
8,3,0,2,0,2,continuous,0,continuous_scalar,0.18867247386480834,0.5454545454545454,0.004545454545454586,-0.015151515151515138
8,3,1,31,3,6,continuous,0,continuous_scalar,0.07858083638657593,0.6742424242424242,0.0018939393939394699,-0.015151515151515138
8,3,2,23,2,8,continuous,0,continuous_scalar,0.049243656569198394,0.4696969696969697,0.012500000000000044,-0.02083333333333326
8,3,3,16,2,1,continuous,0,continuous_scalar,0.05460389498800834,0.3503787878787879,-0.0030303030303030277,-0.015151515151515138
8,3,4,6,0,6,continuous,0,continuous_scalar,0.062124798121041,0.32196969696969696,0.0,0.0
8,3,5,11,1,3,continuous,0,continuous_scalar,0.004280042500459964,0.5776515151515151,0.016666666666666698,-0.015151515151515138
8,3,6,30,3,5,continuous,0,continuous_scalar,0.01619298060831461,0.4583333333333333,-0.006060606060606055,0.0
8,3,7,9,1,1,continuous,0,continuous_scalar,0.07337014602610359,0.3863636363636364,0.0,0.0
8,3,8,10,1,2,continuous,0,continuous_scalar,0.007487836058343379,0.3162878787878788,0.031818181818181836,0.0
8,3,9,3,0,3,continuous,0,continuous_scalar,0.12034570050556968,0.45265151515151514,-0.009090909090909084,0.0
8,3,10,15,2,0,continuous,0,continuous_scalar,0.2929680139459152,0.9034090909090909,0.3015151515151516,0.045454545454545636
8,3,11,32,3,7,categorical,3,threshold_binning,0.052129620425661535,0.4375,-0.0030303030303030277,0.0
9,4,0,19,2,1,categorical,4,threshold_binning,0.03482262270541143,0.33055555555555555,0.001872294372294414,0.03089826839826848
9,4,1,13,1,5,continuous,0,continuous_scalar,0.00707401241328927,0.22312409812409814,0.022164502164502185,-0.007738095238095211
9,4,2,6,0,6,continuous,0,continuous_scalar,0.020473382829595457,0.17705627705627705,0.01510822510822516,0.03452380952380951
9,4,3,18,2,0,continuous,0,continuous_scalar,0.2554164694169952,0.5280303030303031,0.24813492063492068,0.11423160173160174
9,4,4,10,1,2,continuous,0,continuous_scalar,0.03772170713325836,0.25216450216450215,0.048510101010101045,0.025595238095238115
9,4,5,7,0,7,categorical,2,threshold_binning,0.017899059917763496,0.23358585858585856,-0.0033333333333333435,0.021969696969696972
9,4,6,4,0,4,categorical,2,prototype_discretization,0.02746971874418245,0.20292207792207792,0.002597402597402665,0.014231601731601762
9,4,7,3,0,3,continuous,0,continuous_scalar,0.010288065033983924,0.23648989898989897,0.003437950937950984,0.0011904761904761862
9,4,8,5,0,5,categorical,5,threshold_binning,0.010820595316618099,0.14707792207792206,-0.012272727272727279,0.02029220779220786
9,4,9,9,1,1,continuous,0,continuous_scalar,0.49435404162630986,0.44839466089466096,0.12991341991341993,0.048755411255411274
9,4,10,0,0,0,categorical,3,prototype_discretization,0.04546859782195422,0.3003246753246753,0.12314213564213569,0.10719696969696968
9,4,11,12,1,4,categorical,4,threshold_binning,0.038191727040638244,0.29848484848484846,0.01646825396825402,0.006493506493506551
10,4,0,10,1,2,categorical,3,threshold_binning,0.004607970448105967,0.3908371040723982,-0.0004776269482151152,0.0
10,4,1,5,0,5,continuous,0,continuous_scalar,0.004025448655726869,0.29066113624937157,0.02665912518853695,0.0608974358974359
10,4,2,26,3,2,continuous,0,continuous_scalar,0.027573468686835304,0.24157868275515335,0.02735042735042741,1.1102230246251565e-16
10,4,3,28,3,4,continuous,0,continuous_scalar,0.21789515431934386,0.38958019105077935,0.2859854198089492,0.04782554047259924
10,4,4,22,2,6,continuous,0,continuous_scalar,0.0004883377206976349,0.30297888386123684,-0.011639014580191075,1.1102230246251565e-16
10,4,5,7,0,7,categorical,2,threshold_binning,0.06559392934336915,0.24773755656108598,0.0,-0.038461538461538436
10,4,6,6,0,6,continuous,0,continuous_scalar,0.18518007152997326,0.45984162895927605,0.10258924082453498,0.020047762694821558
10,4,7,25,3,1,continuous,0,continuous_scalar,0.08511760992395813,0.41892911010558065,0.12356711915535448,-0.005341880341880323
10,4,8,2,0,2,categorical,3,threshold_binning,0.23814157103387126,0.3888888888888889,0.0035822021116139304,0.005341880341880434
10,4,9,27,3,3,categorical,2,threshold_binning,0.02607028049526919,0.4668803418803419,0.04066113624937153,0.008547008547008628
10,4,10,9,1,1,continuous,0,continuous_scalar,0.14530615784284934,0.4135872297637003,0.09450729009552539,0.04700854700854695
11,2,0,11,1,3,continuous,0,continuous_scalar,0.014721729383047982,0.5196428571428571,-0.0035714285714285587,0.0
11,2,1,17,2,3,continuous,0,continuous_scalar,0.015578604801175353,0.55,-0.0035714285714285587,0.0
11,2,2,12,1,4,continuous,0,continuous_scalar,0.015525808125889377,0.37857142857142856,0.0,-0.017857142857142794
11,2,3,27,3,5,continuous,0,continuous_scalar,0.027015884586517186,0.6410714285714285,-0.017857142857142794,-0.017857142857142794
11,2,4,29,3,7,continuous,0,continuous_scalar,0.001585844743645646,0.9089285714285715,0.03107142857142864,0.0
11,2,5,28,3,6,continuous,0,continuous_scalar,0.21680458776928757,0.9321428571428572,0.14857142857142866,0.012500000000000067
11,2,6,3,0,3,categorical,2,threshold_binning,0.026802080869011428,0.4839285714285714,0.0,0.0
11,2,7,20,2,6,categorical,4,threshold_binning,0.0195921654018425,0.43392857142857144,-0.014285714285714235,0.0
11,2,8,18,2,4,continuous,0,continuous_scalar,0.3471953474241672,0.9321428571428572,2.2204460492503132e-17,0.0
11,2,9,15,2,1,categorical,4,prototype_discretization,0.013134573220838443,0.4482142857142857,0.0,0.0
11,2,10,21,2,7,continuous,0,continuous_scalar,0.07908770967019225,0.49464285714285716,0.005000000000000027,0.0
11,2,11,8,1,0,categorical,3,prototype_discretization,0.014008257148324809,0.4857142857142857,-0.010714285714285676,0.0
11,2,12,10,1,2,continuous,0,continuous_scalar,0.13249766457977916,0.42321428571428577,0.0,-0.017857142857142794
11,2,13,7,0,7,continuous,0,continuous_scalar,0.07644974227628107,0.6321428571428571,0.010000000000000054,0.0
12,3,0,19,2,3,continuous,0,continuous_scalar,0.04009555628465385,0.2748792270531401,0.023633923778851207,0.031159420289854856
12,3,1,30,3,6,continuous,0,continuous_scalar,0.04639454157877292,0.4473429951690821,0.04839506172839501,0.031159420289854856
12,3,2,23,2,7,categorical,3,threshold_binning,0.040473904215655866,0.39312936124530323,0.03308641975308635,0.039184111647879716
12,3,3,6,0,6,continuous,0,continuous_scalar,0.001163508270343017,0.4538915727321524,0.018695652173912936,0.014492753623188248
12,3,4,27,3,3,continuous,0,continuous_scalar,0.09374206456418761,0.42638217928073,0.10816425120772939,0.016639828234030984
12,3,5,20,2,4,continuous,0,continuous_scalar,0.08319450119439116,0.5235909822866345,0.06370370370370364,0.047826086956521796
12,3,6,12,1,4,continuous,0,continuous_scalar,0.008148754897558216,0.57361782071927,0.020740740740740726,0.014492753623188248
12,3,7,9,1,1,continuous,0,continuous_scalar,0.1723334629832138,0.5069779924852389,0.04801932367149755,0.031159420289854856
12,3,8,26,3,2,continuous,0,continuous_scalar,0.20128203806622583,0.48443370907139016,0.05803005904455176,0.01666666666666672
12,3,9,4,0,4,categorical,6,prototype_discretization,0.15412463154475195,0.48904991948470206,0.01610305958132039,0.01666666666666672
12,3,10,18,2,2,continuous,0,continuous_scalar,0.017212867632616646,0.2872249060654858,0.08060118089103588,0.020987654320987592
12,3,11,21,2,5,continuous,0,continuous_scalar,0.1418341687676291,0.4785024154589372,0.13424584004294143,0.033306494900697814
13,4,0,27,3,2,continuous,0,continuous_scalar,0.04727538864392947,0.3217948717948718,-0.01961538461538457,-0.026556776556776573
13,4,1,19,2,1,continuous,0,continuous_scalar,0.024093168821191658,0.22417582417582418,-0.020503663003663,-0.019230769230769273
13,4,2,24,2,6,continuous,0,continuous_scalar,0.04344674746339223,0.2906593406593407,-0.04127289377289376,-0.03328754578754578
13,4,3,32,3,7,categorical,5,prototype_discretization,0.12057368940177247,0.5480769230769231,-0.008653846153846123,-0.017673992673992722
13,4,4,15,1,7,continuous,0,continuous_scalar,0.16272599156686815,0.3303113553113553,-0.0442582417582418,-0.03173076923076923
13,4,5,6,0,6,continuous,0,continuous_scalar,0.19507849997689528,0.32815934065934066,0.004258241758241787,-0.0005952380952379821
13,4,6,10,1,2,categorical,3,prototype_discretization,0.11994895819370188,0.4125,0.006153846153846221,1.1102230246251565e-16
13,4,7,21,2,3,continuous,0,continuous_scalar,0.17716563457448248,0.7095695970695971,0.20003663003663003,0.054578754578754496
13,4,8,31,3,6,continuous,0,continuous_scalar,0.008365756235762982,0.22179487179487178,-0.01476190476190482,0.00576923076923086
13,4,9,30,3,5,continuous,0,continuous_scalar,0.0045838125023096215,0.2874084249084249,-0.03887362637362637,-0.038461538461538436
13,4,10,11,1,3,continuous,0,continuous_scalar,0.08110815611449136,0.3821428571428572,-0.03233516483516476,-0.007326007326007411
13,4,11,22,2,4,continuous,0,continuous_scalar,0.0156341965052024,0.35943223443223443,-0.01403846153846149,-0.038461538461538436
14,2,0,18,2,0,continuous,0,continuous_scalar,0.03832304365264636,0.4118773946360153,0.020689655172413723,0.01724137931034475
14,2,1,16,1,8,categorical,2,threshold_binning,0.1284672729235896,0.7954980842911877,0.1587164750957854,0.0033524904214559115
14,2,2,26,2,8,categorical,4,prototype_discretization,0.13638500469166073,0.6388888888888888,0.008237547892720288,0.01724137931034475
14,2,3,35,3,7,categorical,2,threshold_binning,0.0037233292895510117,0.46503831417624525,0.0,0.0
14,2,4,37,3,9,continuous,0,continuous_scalar,0.14146573426558579,0.7126436781609196,0.0351532567049808,0.01724137931034475
14,2,5,17,1,9,categorical,4,threshold_binning,0.006970312707531405,0.7538314176245211,0.1255747126436781,0.01388888888888884
14,2,6,0,0,0,continuous,0,continuous_scalar,0.2792864955984758,0.5919540229885057,0.13132183908045975,0.024425287356321768
14,2,7,10,1,2,continuous,0,continuous_scalar,0.09651915445890895,0.5014367816091954,0.015134099616858188,0.0
14,2,8,8,1,0,continuous,0,continuous_scalar,0.006836487245420601,0.46360153256704983,-0.008333333333333304,-0.01388888888888884
14,2,9,14,1,6,continuous,0,continuous_scalar,0.1380497921737205,0.5814176245210728,0.039272030651340994,0.01724137931034475
14,2,10,7,0,7,continuous,0,continuous_scalar,0.023973372992909282,0.4918582375478927,0.023467432950191512,0.0033524904214559115
15,2,0,20,2,6,continuous,0,continuous_scalar,0.018750807673695,0.46969696969696967,0.0,0.0
15,2,1,17,2,3,continuous,0,continuous_scalar,0.12238517666825342,0.5454545454545454,0.039393939393939405,0.015151515151515138
15,2,2,12,1,4,categorical,3,prototype_discretization,0.10275492293107928,0.6515151515151515,0.0030303030303030277,0.0
15,2,3,30,3,7,categorical,3,prototype_discretization,3.275348060429161e-05,0.6666666666666666,0.0,0.0
15,2,4,16,2,2,continuous,0,continuous_scalar,0.20824151188980547,0.8484848484848485,0.06666666666666672,0.0
15,2,5,9,1,1,categorical,3,threshold_binning,0.09957690751143192,0.696969696969697,-0.0030303030303030277,0.0
15,2,6,28,3,5,continuous,0,continuous_scalar,0.2336586466022342,0.8181818181818181,0.11212121212121214,0.0
15,2,7,10,1,2,continuous,0,continuous_scalar,0.00362299343912723,0.5303030303030303,0.0,0.0
15,2,8,26,3,3,continuous,0,continuous_scalar,0.12317306813274329,0.5606060606060606,0.045454545454545456,0.015151515151515138
15,2,9,14,2,0,categorical,2,threshold_binning,0.0013128543787810306,0.5151515151515151,0.0,0.0
15,2,10,24,3,1,categorical,3,threshold_binning,0.08649035729224486,0.7121212121212122,0.003030303030302983,0.0
16,3,0,9,1,1,categorical,5,prototype_discretization,0.013890985952741004,0.3688163688163688,0.002564102564102533,0.027972027972027913
16,3,1,10,1,2,categorical,4,threshold_binning,0.09556016065867808,0.3917378917378917,0.013286713286713247,0.012820512820512775
16,3,2,0,0,0,categorical,3,threshold_binning,0.007802899248870741,0.3569023569023569,-0.0121212121212122,0.012820512820512775
16,3,3,29,3,6,continuous,0,continuous_scalar,0.38533576274204756,0.6569541569541569,0.22424242424242422,0.2232582232582233
16,3,4,12,1,4,continuous,0,continuous_scalar,0.006825326756144826,0.37101787101787104,0.028438228438228387,0.015151515151515138
16,3,5,1,0,1,categorical,2,prototype_discretization,2.495117076099217e-07,0.2895622895622896,0.0030303030303030277,0.015151515151515138
16,3,6,17,2,3,continuous,0,continuous_scalar,0.00830507814632281,0.29318829318829315,0.00862470862470861,0.0
16,3,7,18,2,4,categorical,2,threshold_binning,0.07076694623746964,0.5071225071225071,0.10492100492100494,0.027972027972027913
16,3,8,4,0,4,continuous,0,continuous_scalar,0.12902478522567368,0.35923335923335925,0.016083916083916062,0.030303030303030276
16,3,9,16,2,2,categorical,3,threshold_binning,0.0001270447939515912,0.2707847707847708,-0.0009324009324009896,0.030303030303030276
16,3,10,8,1,0,categorical,2,threshold_binning,0.010153911731453148,0.3247863247863248,0.002564102564102555,0.030303030303030276
16,3,11,7,0,7,categorical,2,prototype_discretization,0.0054069490563023286,0.3148148148148148,0.01678321678321675,0.030303030303030276
16,3,12,5,0,5,continuous,0,continuous_scalar,0.013731441086825905,0.3131313131313131,0.012820512820512775,0.0
16,3,13,22,2,8,continuous,0,continuous_scalar,0.02714976966994281,0.34744884744884746,0.036363636363636334,0.0174825174825175
16,3,14,15,2,1,categorical,3,prototype_discretization,0.06472648504046256,0.4230769230769231,0.04309764309764304,0.045454545454545414
16,3,15,20,2,6,continuous,0,continuous_scalar,0.1611922041414057,0.4151774151774152,0.21486661486661482,0.20150220150220144
17,2,0,20,2,5,continuous,0,continuous_scalar,0.29939281688613467,0.7992359932088284,0.03132427843803058,0.0
17,2,1,26,3,3,continuous,0,continuous_scalar,0.005588641343193246,0.4698641765704584,0.0,0.0
17,2,2,11,1,3,continuous,0,continuous_scalar,0.0023593446041362967,0.5152801358234296,0.0,0.0
17,2,3,15,2,0,continuous,0,continuous_scalar,0.004266438504182324,0.47580645161290325,0.0,0.0
17,2,4,10,1,2,categorical,5,threshold_binning,0.005159045991862498,0.4847198641765704,0.0,0.0
17,2,5,16,2,1,continuous,0,continuous_scalar,0.2402621934468834,0.6808149405772496,-0.0032258064516129,-0.016129032258064502
17,2,6,6,0,6,continuous,0,continuous_scalar,1.067665371124497e-05,0.3629032258064516,0.0,0.0
17,2,7,24,3,1,categorical,2,prototype_discretization,0.008775450215431066,0.7071307300509337,0.0,0.0
17,2,8,1,0,1,categorical,2,threshold_binning,0.00048611388365673767,0.4367572156196944,0.0,0.0
17,2,9,7,0,7,continuous,0,continuous_scalar,0.002991260702705249,0.41129032258064513,0.0,0.0
17,2,10,3,0,3,categorical,2,prototype_discretization,0.0013316552974024672,0.47368421052631576,0.0,0.0
17,2,11,23,3,0,continuous,0,continuous_scalar,0.411908712498422,0.9838709677419355,0.25280135823429545,0.013157894736842035
17,2,12,28,3,5,categorical,6,threshold_binning,0.014895174527041064,0.8344651952461799,-0.0032258064516129,0.0
17,2,13,21,2,6,continuous,0,continuous_scalar,0.0025724754452377736,0.5445670628183361,0.0,0.0
18,4,0,18,2,4,continuous,0,continuous_scalar,0.03363201018918025,0.3935661764705882,0.038272058823529354,0.0
18,4,1,9,1,1,continuous,0,continuous_scalar,0.0004133874895737452,0.3266544117647059,0.020624999999999984,0.012499999999999956
18,4,2,19,2,5,continuous,0,continuous_scalar,0.047589030071090735,0.43676470588235294,0.08624999999999998,0.01966911764705881
18,4,3,4,0,4,continuous,0,continuous_scalar,0.19388237576937192,0.4476102941176471,-0.008088235294117684,0.03125
18,4,4,12,1,4,continuous,0,continuous_scalar,0.1252686976183361,0.5332720588235295,0.09033088235294111,0.030330882352941124
18,4,5,14,2,0,continuous,0,continuous_scalar,0.3108352717752113,0.4373161764705882,0.01136029411764703,0.012499999999999956
18,4,6,0,0,0,continuous,0,continuous_scalar,0.00027964738520012576,0.20349264705882353,0.013566176470588198,0.0
18,4,7,11,1,3,continuous,0,continuous_scalar,0.047928150697214615,0.4645220588235294,0.06437499999999996,0.03125
18,4,8,21,3,1,continuous,0,continuous_scalar,0.0042075593915404325,0.22003676470588235,0.03290441176470586,0.01378676470588236
18,4,9,7,0,7,categorical,2,prototype_discretization,0.04249395426006811,0.4375,0.04624999999999999,0.018749999999999933
18,4,10,22,3,2,continuous,0,continuous_scalar,0.1339752821827661,0.5702205882352942,0.16091911764705874,0.017830882352941058
18,4,11,24,3,4,continuous,0,continuous_scalar,0.05949463317044653,0.5261029411764706,0.0648161764705882,-0.01158088235294119
19,4,0,8,1,0,continuous,0,continuous_scalar,0.028245607993155366,0.23953634085213033,0.028345864661654164,0.004761904761904856
19,4,1,11,1,3,categorical,2,threshold_binning,0.0021079075972096272,0.2791666666666667,-0.007894736842105288,-0.02506265664160401
19,4,2,5,0,5,categorical,3,prototype_discretization,0.001262933857654543,0.25,-0.007894736842105265,-0.02506265664160401
19,4,3,13,1,5,continuous,0,continuous_scalar,0.017885236450847462,0.15661027568922303,0.0055701754385964804,-0.00839598997493729
19,4,4,6,0,6,continuous,0,continuous_scalar,0.0034158228227778517,0.22114661654135337,-0.01578947368421053,-0.013157894736842146
19,4,5,9,1,1,continuous,0,continuous_scalar,0.005043883449824196,0.3595551378446115,-0.008333333333333304,-0.029824561403508754
19,4,6,21,3,1,categorical,3,prototype_discretization,0.0346395827763916,0.33771929824561403,0.018596491228070187,-0.02506265664160401
19,4,7,23,3,3,continuous,0,continuous_scalar,0.00011842091296401687,0.2194235588972431,-0.00508771929824563,-0.021553884711779436
19,4,8,19,2,5,categorical,5,prototype_discretization,0.2241177904700826,0.5350877192982456,0.10049498746867172,-0.058395989974937335
19,4,9,2,0,2,continuous,0,continuous_scalar,0.02818380170049596,0.19555137844611528,-0.015463659147869646,-0.016666666666666607
19,4,10,28,3,8,continuous,0,continuous_scalar,0.1696503943609107,0.7005012531328321,0.020357142857142872,0.0345864661654135
19,4,11,3,0,3,continuous,0,continuous_scalar,0.0226991647105646,0.21137218045112782,0.029605263157894735,-0.018045112781954864
19,4,12,12,1,4,continuous,0,continuous_scalar,0.23174588876292876,0.6010338345864661,0.055952380952380955,0.008270676691729317
19,4,13,17,2,3,continuous,0,continuous_scalar,0.02739848813709665,0.18233082706766918,-0.0026315789473684292,-0.00839598997493729
19,4,14,1,0,1,continuous,0,continuous_scalar,0.2034850759970961,0.5594298245614034,0.024799498746867155,0.03809523809523818
20,2,0,30,3,5,continuous,0,continuous_scalar,0.05420073184884074,0.42221331194867684,0.010344827586206851,0.0
20,2,1,18,2,2,continuous,0,continuous_scalar,0.011042945215512827,0.33039294306335204,0.0,0.0
20,2,2,1,0,1,continuous,0,continuous_scalar,0.011729380252414618,0.5781876503608661,0.0,0.0
20,2,3,15,1,7,continuous,0,continuous_scalar,0.005963937448849173,0.491579791499599,0.0,0.0
20,2,4,22,2,6,categorical,2,threshold_binning,0.30506638047595486,0.7413793103448276,0.09422614274258215,0.0
20,2,5,12,1,4,continuous,0,continuous_scalar,0.09246708560347423,0.5376904570970329,0.0,0.0
20,2,6,32,3,7,continuous,0,continuous_scalar,0.03379031682608552,0.45188452285485164,0.0,0.0
20,2,7,3,0,3,continuous,0,continuous_scalar,0.0074112867867956725,0.5717722534081796,0.0,0.0
20,2,8,27,3,2,continuous,0,continuous_scalar,0.47832793554207237,0.9246190858059342,0.2939855653568564,0.15517241379310343
21,4,0,10,1,2,continuous,0,continuous_scalar,0.007156481504935721,0.3055555555555556,0.02249999999999992,0.0625
21,4,1,2,0,2,continuous,0,continuous_scalar,0.018411510901536345,0.19722222222222222,0.02999999999999998,0.012499999999999956
21,4,2,22,2,7,continuous,0,continuous_scalar,0.040418027759968264,0.5069444444444444,0.032222222222222194,0.01388888888888884
21,4,3,12,1,4,continuous,0,continuous_scalar,0.12345248526278903,0.6222222222222221,0.02666666666666666,0.023611111111111027
21,4,4,20,2,5,continuous,0,continuous_scalar,0.030041933169547737,0.3472222222222222,-0.004999999999999982,0.03749999999999987
21,4,5,9,1,1,categorical,3,prototype_discretization,0.07080039846843862,0.3611111111111111,0.002499999999999991,0.0
21,4,6,15,2,0,continuous,0,continuous_scalar,0.21873386150294657,0.4847222222222223,0.05416666666666663,0.011111111111111072
21,4,7,28,3,4,continuous,0,continuous_scalar,0.08192975611989183,0.23888888888888887,0.14444444444444443,0.11388888888888893
21,4,8,8,1,0,continuous,0,continuous_scalar,0.029316701057206303,0.2,0.02499999999999991,0.012499999999999956
21,4,9,16,2,1,continuous,0,continuous_scalar,0.09125857654374991,0.25416666666666665,0.09472222222222218,0.026388888888888906
21,4,10,18,2,3,continuous,0,continuous_scalar,0.02374604686544864,0.23750000000000002,0.050833333333333286,0.07638888888888884
21,4,11,1,0,1,continuous,0,continuous_scalar,0.0065370834999386096,0.2847222222222222,0.014999999999999947,0.02499999999999991
21,4,12,4,0,4,categorical,2,threshold_binning,0.0032414116230975085,0.2638888888888889,0.0,0.03749999999999987
21,4,13,3,0,3,continuous,0,continuous_scalar,0.2549557257205049,0.49722222222222223,0.05861111111111106,0.03749999999999987
22,2,0,17,2,2,continuous,0,continuous_scalar,0.10599984777124277,0.5402046783625731,-0.005263157894736814,-0.013157894736842035
22,2,1,28,3,3,categorical,3,threshold_binning,0.11083873189843915,0.7404970760233918,-0.014035087719298178,-0.01388888888888884
22,2,2,25,3,0,continuous,0,continuous_scalar,0.008361486219414583,0.564327485380117,0.011842105263157876,0.0007309941520468044
22,2,3,16,2,1,continuous,0,continuous_scalar,0.08355436906450393,0.7697368421052632,0.0073099415204679104,0.0
22,2,4,23,2,8,continuous,0,continuous_scalar,0.060608635998859385,0.7711988304093567,0.011257309941520521,0.013157894736842257
22,2,5,0,0,0,categorical,2,prototype_discretization,0.052291131490306925,0.47953216374269003,0.0,0.01388888888888895
22,2,6,19,2,4,categorical,3,threshold_binning,0.04370866569556551,0.5504385964912281,0.022222222222222254,0.0
22,2,7,31,3,6,continuous,0,continuous_scalar,0.03314339913570333,0.5387426900584795,0.0001461988304094275,-0.013157894736842035
22,2,8,5,0,5,categorical,2,prototype_discretization,0.0008428059372384147,0.5328947368421053,0.000292397660818744,0.01388888888888895
22,2,9,20,2,5,continuous,0,continuous_scalar,0.0857727497497093,0.6578947368421053,0.1032163742690059,0.06725146198830412
22,2,10,8,1,0,categorical,4,prototype_discretization,0.10522904791570173,0.689327485380117,-0.002339181286549663,-0.01388888888888884
22,2,11,6,0,6,continuous,0,continuous_scalar,0.004032619040517505,0.4861111111111111,0.0,0.0
22,2,12,11,1,3,continuous,0,continuous_scalar,0.06654918538186616,0.513157894736842,0.025438596491228083,0.0
22,2,13,3,0,3,categorical,2,threshold_binning,0.033452806862743184,0.5884502923976608,-0.0020467836257309635,-0.013157894736842035
22,2,14,4,0,4,categorical,3,prototype_discretization,0.20561451783818813,0.6403508771929824,-0.016228070175438526,0.0
23,3,0,4,0,4,continuous,0,continuous_scalar,0.057632151298397265,0.2775757575757576,-0.058909090909091,-0.043636363636363806
23,3,1,8,1,0,categorical,3,prototype_discretization,0.12674341943507803,0.47878787878787876,-0.027757575757575804,-0.041818181818181865
23,3,2,6,0,6,categorical,3,threshold_binning,0.0065902778086664405,0.3648484848484848,-0.0247272727272728,-0.056969696969697114
23,3,3,17,2,2,continuous,0,continuous_scalar,0.02280812683108506,0.3460606060606061,-0.019636363636363785,-0.03212121212121222
23,3,4,22,2,7,categorical,2,threshold_binning,0.002163354281409838,0.3333333333333333,-0.031151515151515218,0.0
23,3,5,16,2,1,continuous,0,continuous_scalar,0.13539540604925998,0.48666666666666664,0.30993939393939385,0.24545454545454537
23,3,6,20,2,5,continuous,0,continuous_scalar,0.0008653233422263718,0.3709090909090909,-0.05781818181818188,-0.07030303030303031
23,3,7,15,2,0,categorical,6,prototype_discretization,0.0004724777188637149,0.29696969696969694,-0.03806060606060613,-0.056969696969697114
23,3,8,11,1,3,continuous,0,continuous_scalar,0.005037155407470849,0.3212121212121212,-0.014787878787878883,-0.043636363636363806
23,3,9,7,0,7,categorical,6,threshold_binning,0.0005820192675928714,0.2684848484848485,-0.032727272727272785,-0.041818181818181865
23,3,10,18,2,3,categorical,2,prototype_discretization,0.03504414814311216,0.45939393939393947,0.02133333333333325,0.0
23,3,11,19,2,4,continuous,0,continuous_scalar,0.11500293623259604,0.43151515151515146,0.053696969696969576,0.026666666666666505
23,3,12,2,0,2,categorical,3,prototype_discretization,0.04414489067183342,0.4466666666666666,-0.005333333333333368,-0.028484848484848557
23,3,13,21,2,6,continuous,0,continuous_scalar,0.10719016065502258,0.36303030303030304,0.06751515151515138,-0.045454545454545414
23,3,14,23,3,0,continuous,0,continuous_scalar,0.14610725465631413,0.4412121212121212,0.11054545454545442,-0.03393939393939405
23,3,15,0,0,0,continuous,0,continuous_scalar,0.19422089820107122,0.3151515151515151,-0.009090909090909172,0.013333333333333197
24,2,0,15,2,0,categorical,3,threshold_binning,0.06772017777733823,0.6102941176470589,0.0,0.0
24,2,1,7,0,7,continuous,0,continuous_scalar,0.006860031583340835,0.5588235294117647,0.0,0.0
24,2,2,21,3,0,categorical,3,prototype_discretization,0.015305922110674958,0.5569852941176471,-0.0117647058823529,0.0
24,2,3,20,2,5,continuous,0,continuous_scalar,0.003010378817670696,0.6360294117647058,-0.0117647058823529,0.0
24,2,4,2,0,2,categorical,4,prototype_discretization,0.0917859117950849,0.6773897058823529,-0.00588235294117645,-0.014705882352941124
24,2,5,18,2,3,continuous,0,continuous_scalar,0.03298555832606817,0.6084558823529411,-0.00588235294117645,-0.014705882352941124
24,2,6,19,2,4,categorical,4,threshold_binning,0.11250351120704212,0.8621323529411764,0.0,0.0
24,2,7,27,3,6,continuous,0,continuous_scalar,0.01074804226792278,0.6194852941176471,-0.0117647058823529,-0.014705882352941124
24,2,8,17,2,2,continuous,0,continuous_scalar,0.0020978621667122658,0.6194852941176471,-0.014705882352941124,0.0
24,2,9,9,1,1,categorical,4,prototype_discretization,0.006347184815162682,0.5808823529411764,0.0,-0.014705882352941124
24,2,10,5,0,5,continuous,0,continuous_scalar,0.21349290955274047,0.7444852941176471,-0.002941176470588225,0.0
24,2,11,26,3,5,continuous,0,continuous_scalar,0.006339563336537045,0.5045955882352942,-0.008823529411764675,-0.014705882352941124
24,2,12,13,1,5,continuous,0,continuous_scalar,0.23207428585227513,0.7895220588235294,0.0,0.0
24,2,13,16,2,1,continuous,0,continuous_scalar,0.03271615277037745,0.6231617647058824,-0.014705882352941124,-0.014705882352941124
24,2,14,29,3,8,continuous,0,continuous_scalar,0.16514401866467474,0.953125,0.3036764705882353,0.045955882352941235
24,2,15,24,3,3,continuous,0,continuous_scalar,0.0008684889563775289,0.6525735294117647,-0.002941176470588225,0.0
25,2,0,12,1,4,categorical,4,threshold_binning,0.08913591232225193,0.5875,-0.00857142857142854,-0.014285714285714235
25,2,1,22,2,5,continuous,0,continuous_scalar,0.03934345274372206,0.659375,-0.002857142857142847,-0.014285714285714235
25,2,2,30,3,7,continuous,0,continuous_scalar,0.05250850904765197,0.5486607142857143,-0.014285714285714235,-0.014285714285714235
25,2,3,9,1,1,continuous,0,continuous_scalar,0.033537237813375385,0.47857142857142854,-0.00857142857142854,-0.014285714285714235
25,2,4,11,1,3,continuous,0,continuous_scalar,0.09526590712372357,0.5200892857142857,0.011428571428571389,-0.014285714285714235
25,2,5,21,2,4,continuous,0,continuous_scalar,0.0888390513980026,0.5174107142857143,0.037232142857142846,0.045535714285714235
25,2,6,18,2,1,categorical,2,prototype_discretization,0.04053387294757707,0.48526785714285714,0.0,-0.014285714285714235
25,2,7,25,3,2,continuous,0,continuous_scalar,0.1960294186883015,0.8830357142857144,0.34464285714285714,0.3241071428571429
25,2,8,2,0,2,categorical,4,threshold_binning,0.10830139038444447,0.5535714285714286,-0.014285714285714235,-0.02857142857142847
25,2,9,5,0,5,continuous,0,continuous_scalar,0.07871281115538947,0.5071428571428571,0.0,0.0
25,2,10,1,0,1,categorical,2,prototype_discretization,0.03322364661090595,0.5683035714285714,0.0,0.0
25,2,11,27,3,4,continuous,0,continuous_scalar,0.006194237430709158,0.5397321428571429,-0.002857142857142847,-0.02857142857142847
25,2,12,16,1,8,continuous,0,continuous_scalar,0.0003516122125877999,0.434375,0.005714285714285694,-0.014285714285714235
25,2,13,14,1,6,continuous,0,continuous_scalar,0.060100751027185845,0.5642857142857143,0.011428571428571389,-0.02857142857142847
25,2,14,6,0,6,continuous,0,continuous_scalar,0.0541450774546235,0.5058035714285714,0.0,-0.014285714285714235
25,2,15,8,1,0,continuous,0,continuous_scalar,0.023777111639547713,0.5683035714285714,0.0,-0.014285714285714235
26,3,0,3,0,3,continuous,0,continuous_scalar,0.051430726080175654,0.28960622710622713,0.0,-0.008012820512820373
26,3,1,31,3,4,continuous,0,continuous_scalar,0.018741718620722728,0.36897130647130644,-0.038141025641025526,-0.049679487179487
26,3,2,10,1,2,continuous,0,continuous_scalar,0.016087942997877604,0.44864163614163616,-0.015735653235653135,-0.012973137973137927
26,3,3,16,1,8,continuous,0,continuous_scalar,0.005665732770247556,0.3624084249084249,0.0,0.012820512820512997
26,3,4,5,0,5,continuous,0,continuous_scalar,0.0015031479352724257,0.28609584859584863,2.2204460492503132e-17,-0.028846153846153744
26,3,5,14,1,6,continuous,0,continuous_scalar,0.39154957045265276,0.6990231990231991,0.20670024420024422,0.06234737484737485
26,3,6,24,2,6,continuous,0,continuous_scalar,0.0014439159384831992,0.2889957264957265,-0.008333333333333304,-0.028846153846153744
26,3,7,19,2,1,continuous,0,continuous_scalar,0.4015307850246208,0.6802503052503052,0.23379120879120885,0.07516788766788762
26,3,8,0,0,0,categorical,5,prototype_discretization,0.01062076120710111,0.45856227106227104,0.0051282051282051985,-0.04166666666666663
26,3,9,26,2,8,continuous,0,continuous_scalar,0.0613374199482101,0.4007173382173382,0.10943223443223442,0.012820512820512997
26,3,10,15,1,7,categorical,3,threshold_binning,0.03841883151822963,0.45535714285714285,0.03128815628815636,0.007860195360195443
26,3,11,11,1,3,continuous,0,continuous_scalar,0.0015962896183793521,0.38209706959706957,-0.004166666666666629,-0.04166666666666663
26,3,12,21,2,3,continuous,0,continuous_scalar,7.31578880270615e-05,0.330509768009768,-0.02660256410256403,-0.025793650793650813
27,4,0,14,1,6,continuous,0,continuous_scalar,0.05429417201706745,0.2108134920634921,0.04236111111111116,0.05208333333333337
27,4,1,27,2,9,categorical,3,threshold_binning,0.010128251154285608,0.32291666666666663,0.036111111111111135,0.00347222222222221
27,4,2,22,2,4,continuous,0,continuous_scalar,0.28050678628814574,0.49057539682539686,0.23759920634920642,0.1741071428571429
27,4,3,9,1,1,continuous,0,continuous_scalar,0.2850783730801019,0.3392857142857143,0.37599206349206354,0.3348214285714287
27,4,4,10,1,2,continuous,0,continuous_scalar,0.021465638392555247,0.30208333333333337,0.04613095238095244,0.014384920634920806
27,4,5,6,0,6,categorical,4,threshold_binning,0.13217301506712176,0.373015873015873,0.015575396825396926,0.014384920634920806
27,4,6,7,0,7,categorical,5,threshold_binning,0.0319696288410526,0.29960317460317465,-0.0013888888888888174,-0.003472222222222099
27,4,7,30,3,2,categorical,4,prototype_discretization,0.18438413515966967,0.4722222222222222,0.16607142857142865,0.042162698412698485
28,2,0,22,2,5,continuous,0,continuous_scalar,0.07543292437907792,0.5690653432588917,0.004466501240694832,-0.028949545078577388
28,2,1,18,2,1,continuous,0,continuous_scalar,0.2648569869987176,0.9421009098428452,0.03713813068651781,0.016129032258064502
28,2,2,9,1,1,continuous,0,continuous_scalar,0.02121413628085521,0.39205955334987597,-0.002564102564102577,-0.012820512820512886
28,2,3,25,2,8,continuous,0,continuous_scalar,0.02884254712943559,0.5496277915632755,-0.007692307692307732,-0.012820512820512886
28,2,4,16,1,8,continuous,0,continuous_scalar,0.27237787107102734,0.7940446650124069,0.12886683209263855,-0.028949545078577388
28,2,5,26,3,0,continuous,0,continuous_scalar,0.030412468237838167,0.6658395368072787,-0.005789909015715478,-0.012820512820512886
28,2,6,20,2,3,categorical,3,prototype_discretization,0.012178688912482952,0.5392886683209264,0.0,0.0
28,2,7,7,0,7,continuous,0,continuous_scalar,0.014516830983582793,0.4499586435070306,-0.005128205128205154,-0.012820512820512886
28,2,8,27,3,1,categorical,2,threshold_binning,0.0033447471475250394,0.575682382133995,0.0,-0.012820512820512886
28,2,9,29,3,3,continuous,0,continuous_scalar,0.1819297324158603,0.9036393713813069,0.02489660876757649,-0.012820512820512886
28,2,10,21,2,4,categorical,3,threshold_binning,0.008744014190904413,0.49048800661703884,-0.0064516129032258,-0.016129032258064502
28,2,11,15,1,7,continuous,0,continuous_scalar,0.006069022066889666,0.3502894954507858,-0.0129032258064516,-0.016129032258064502
28,2,12,31,3,5,continuous,0,continuous_scalar,0.08008003018580295,0.42431761786600497,0.007030603804797387,-0.012820512820512886
29,2,0,2,0,2,continuous,0,continuous_scalar,0.005514764219269021,0.4990808823529412,0.014705882352941235,0.0
29,2,1,17,1,9,categorical,2,prototype_discretization,0.00815293471121285,0.5661764705882353,0.00882352941176474,-0.015625
29,2,2,15,1,7,continuous,0,continuous_scalar,0.00964316444986989,0.44025735294117646,-0.030330882352941235,-0.045955882352941235
29,2,3,4,0,4,continuous,0,continuous_scalar,0.12547117454166826,0.6360294117647058,0.011029411764705909,0.044117647058823484
29,2,4,31,3,5,categorical,3,prototype_discretization,0.12933258694224165,0.6204044117647058,-0.034375,-0.030330882352941235
29,2,5,32,3,6,categorical,2,threshold_binning,0.03375592078023229,0.5569852941176471,0.05110294117647059,-0.016544117647058765
29,2,6,5,0,5,continuous,0,continuous_scalar,0.1485479024957662,0.4724264705882353,-0.02444852941176472,0.01378676470588236
29,2,7,8,1,0,continuous,0,continuous_scalar,0.0071845389802224855,0.4834558823529412,-0.030330882352941214,-0.0018382352941176405
29,2,8,6,0,6,categorical,4,prototype_discretization,0.043074574261333924,0.5560661764705883,-0.003125,-0.0009191176470587648
29,2,9,22,2,4,continuous,0,continuous_scalar,0.08426861453205076,0.5459558823529411,-0.006433823529411753,0.0
29,2,10,23,2,5,continuous,0,continuous_scalar,0.02338934686492754,0.5459558823529411,-0.02132352941176472,-0.015625
29,2,11,9,1,1,continuous,0,continuous_scalar,0.14685739556300817,0.6691176470588236,-0.012316176470588247,-0.030330882352941235
29,2,12,10,1,2,continuous,0,continuous_scalar,0.06645371010556765,0.6838235294117647,0.003125,0.0009191176470587648
29,2,13,19,2,1,continuous,0,continuous_scalar,0.07868324954246649,0.7270220588235294,0.09522058823529408,-0.0009191176470587648
29,2,14,0,0,0,categorical,4,prototype_discretization,0.006064579347989644,0.6130514705882353,0.002941176470588247,0.014705882352941235
29,2,15,11,1,3,continuous,0,continuous_scalar,0.08360554266217322,0.6222426470588236,0.06507352941176463,0.04503676470588236
30,4,0,31,3,6,continuous,0,continuous_scalar,0.21387611112938942,0.6806818181818182,0.4750757575757575,0.10404040404040393
30,4,1,18,2,2,categorical,2,threshold_binning,0.003354439943582253,0.19583333333333333,-0.01388888888888884,0.022474747474747536
30,4,2,19,2,3,continuous,0,continuous_scalar,0.0733105383838973,0.19936868686868686,0.03348484848484841,0.04772727272727262
30,4,3,2,0,2,continuous,0,continuous_scalar,0.23445772887232919,0.44861111111111107,0.05651515151515143,0.06553030303030294
30,4,4,25,3,0,continuous,0,continuous_scalar,0.07826740960482687,0.28623737373737373,0.01707070707070697,-0.009722222222222188
30,4,5,3,0,3,continuous,0,continuous_scalar,0.17989057120279411,0.3089646464646465,0.1511363636363636,0.07323232323232332
30,4,6,1,0,1,continuous,0,continuous_scalar,0.0042485375458348115,0.29393939393939394,-0.0068181818181818786,0.0
30,4,7,24,2,8,continuous,0,continuous_scalar,0.10902610310757638,0.33232323232323235,0.0020202020202019443,-0.04419191919191934
30,4,8,8,1,0,continuous,0,continuous_scalar,0.08922141700025377,0.30732323232323233,0.03585858585858581,-0.002525252525252597
30,4,9,4,0,4,continuous,0,continuous_scalar,0.0018312121788836714,0.2684343434343434,-0.0018939393939394478,0.02499999999999991
30,4,10,7,0,7,continuous,0,continuous_scalar,0.00371315955148953,0.302020202020202,-0.002272727272727293,0.0
30,4,11,10,1,2,categorical,4,threshold_binning,0.0088027714791427,0.19368686868686869,-0.008333333333333392,0.0018939393939392257
31,4,0,2,0,2,categorical,2,threshold_binning,0.025383148361578404,0.325,0.0,0.013636363636363669
31,4,1,11,1,3,continuous,0,continuous_scalar,0.012216188022797603,0.22727272727272727,0.0,-0.011363636363636465
31,4,2,3,0,3,continuous,0,continuous_scalar,0.0008191450039535345,0.21704545454545454,-0.016363636363636403,-0.06136363636363629
31,4,3,19,2,5,categorical,2,threshold_binning,0.30403259419559175,0.5,0.31636363636363635,-0.022727272727272707
31,4,4,29,3,7,continuous,0,continuous_scalar,0.4316996935296394,0.7670454545454546,0.4211363636363636,0.32045454545454544
31,4,5,30,3,8,continuous,0,continuous_scalar,0.007921744143996776,0.3022727272727273,0.004999999999999982,-0.04886363636363633
31,4,6,15,2,1,categorical,2,prototype_discretization,0.021613217906617316,0.2681818181818182,-0.004545454545454586,-0.011363636363636465
31,4,7,25,3,3,continuous,0,continuous_scalar,0.0006103226337543569,0.23863636363636362,0.007499999999999974,0.001136363636363602
31,4,8,14,2,0,continuous,0,continuous_scalar,0.0027583003996323042,0.25113636363636366,0.0,0.0
31,4,9,12,1,4,continuous,0,continuous_scalar,0.06274330620745099,0.27045454545454545,0.02840909090909085,-0.011363636363636465
31,4,10,8,1,0,continuous,0,continuous_scalar,0.0617713593413953,0.2159090909090909,-0.0018181818181818299,0.013636363636363558
31,4,11,5,0,5,continuous,0,continuous_scalar,0.06613723938701349,0.26477272727272727,0.052954545454545435,0.013636363636363558
31,4,12,17,2,3,categorical,3,threshold_binning,0.002293740866578803,0.34318181818181814,-0.0015909090909091317,-0.011363636363636465
32,4,0,16,1,8,continuous,0,continuous_scalar,0.0001358466298224123,0.34438131313131315,0.0,0.0
32,4,1,21,2,4,categorical,3,prototype_discretization,0.004914323966580614,0.4318181818181818,0.0,0.0
32,4,2,32,3,5,categorical,4,threshold_binning,0.04610064037594417,0.28361742424242425,0.0,0.0
32,4,3,23,2,6,continuous,0,continuous_scalar,0.2265445518116424,0.9340277777777778,-0.003125,0.0
32,4,4,19,2,2,continuous,0,continuous_scalar,0.05866901403681293,0.2050189393939394,0.0,0.0
32,4,5,36,3,9,continuous,0,continuous_scalar,0.23688059361395003,0.9305555555555556,0.019191919191919225,0.0
32,4,6,18,2,1,categorical,5,threshold_binning,0.07785961296923975,0.7263257575757576,0.0,0.0
32,4,7,22,2,5,continuous,0,continuous_scalar,0.026452071002442887,0.28345959595959597,0.0,0.0
32,4,8,26,2,9,continuous,0,continuous_scalar,0.014138594750986859,0.617739898989899,0.0,0.0
32,4,9,8,1,0,continuous,0,continuous_scalar,0.020048147749805033,0.21022727272727273,0.0,0.0
32,4,10,14,1,6,categorical,3,threshold_binning,0.04337963982055921,0.6145833333333334,0.0,0.0
32,4,11,10,1,2,categorical,3,prototype_discretization,0.14577945072928758,0.648989898989899,0.0,0.0
32,4,12,24,2,7,continuous,0,continuous_scalar,0.0329917009973373,0.15845959595959597,0.0,0.0
32,4,13,13,1,5,continuous,0,continuous_scalar,0.00838092649941954,0.8852588383838383,0.0,0.0
32,4,14,15,1,7,categorical,4,prototype_discretization,0.002247871209078159,0.20233585858585856,0.0,0.0
32,4,15,11,1,3,continuous,0,continuous_scalar,0.05547701383709115,0.9234532828282829,-0.002777777777777768,0.0
33,4,0,16,2,2,continuous,0,continuous_scalar,0.017476430667349465,0.266025641025641,0.012215099715099709,0.0023148148148148806
33,4,1,24,3,4,continuous,0,continuous_scalar,0.19550955860018387,0.35986467236467234,0.05395299145299144,-0.07407407407407407
33,4,2,14,2,0,continuous,0,continuous_scalar,0.009807795569339453,0.1718304843304843,0.009722222222222233,-0.026175213675213693
33,4,3,7,0,7,continuous,0,continuous_scalar,0.015653986935758587,0.10487891737891737,0.004166666666666674,-0.026175213675213693
33,4,4,0,0,0,continuous,0,continuous_scalar,0.1056704477181508,0.23219373219373218,-0.0005341880341880323,-0.047008547008547064
33,4,5,2,0,2,continuous,0,continuous_scalar,0.003994860336036114,0.27920227920227914,0.012357549857549888,-0.026175213675213693
33,4,6,1,0,1,continuous,0,continuous_scalar,0.02971856568127455,0.3561253561253561,-0.02745726495726497,-0.047008547008547064
33,4,7,25,3,5,continuous,0,continuous_scalar,0.027491177294614255,0.4132834757834758,-0.028846153846153834,-0.03774928774928776
33,4,8,13,1,5,continuous,0,continuous_scalar,0.01682807926244145,0.24056267806267806,-0.0038461538461538546,-0.045405982905982856
33,4,9,11,1,3,categorical,2,prototype_discretization,0.016344218055411017,0.2708333333333333,-0.007692307692307709,-0.045405982905982856
33,4,10,20,3,0,continuous,0,continuous_scalar,0.001782648782489926,0.27777777777777773,0.002492877492877499,-0.02777777777777779
33,4,11,15,2,1,continuous,0,continuous_scalar,0.08187250284296235,0.3730413105413105,0.11381766381766383,0.0007122507122506727
33,4,12,6,0,6,continuous,0,continuous_scalar,0.16908768307577648,0.31534900284900286,0.017343304843304864,-0.026175213675213693
33,4,13,4,0,4,categorical,4,prototype_discretization,0.11197353477699643,0.468482905982906,0.03660968660968663,-0.009971509971509973
33,4,14,17,2,3,continuous,0,continuous_scalar,0.19678851040121523,0.4887820512820513,0.10569800569800569,0.022435897435897467
34,4,0,0,0,0,continuous,0,continuous_scalar,0.015769285300985647,0.3245320855614973,-0.009745989304812764,0.012500000000000067
34,4,1,30,3,5,continuous,0,continuous_scalar,0.11948637818199224,0.5078208556149733,0.011550802139037475,-0.0010695187165774556
34,4,2,17,2,1,categorical,2,prototype_discretization,0.0015482257984117647,0.2580213903743315,-0.004545454545454542,-0.011363636363636354
34,4,3,9,1,1,continuous,0,continuous_scalar,0.050065961983283766,0.24745989304812832,0.008181818181818224,0.012500000000000067
34,4,4,26,3,1,categorical,2,threshold_binning,0.15340382591860532,0.4852941176470588,0.1434491978609626,0.02941176470588236
34,4,5,21,2,5,categorical,4,threshold_binning,0.17069511761127215,0.5329545454545455,0.03541443850267385,0.0022058823529412797
34,4,6,27,3,2,continuous,0,continuous_scalar,0.007503471431674511,0.3618315508021391,0.04250000000000005,0.001136363636363713
34,4,7,15,1,7,continuous,0,continuous_scalar,0.015483540648070074,0.1950534759358289,0.0036229946524064527,0.012500000000000067
34,4,8,10,1,2,continuous,0,continuous_scalar,0.00301874297636494,0.23001336898395724,-0.0015909090909090428,0.012500000000000067
34,4,9,3,0,3,categorical,4,threshold_binning,0.18757318522331728,0.4435828877005348,-0.012072192513368907,-0.03743315508021383
34,4,10,12,1,4,continuous,0,continuous_scalar,0.23618398928337317,0.6417112299465241,0.09451871657754018,0.013636363636363669
34,4,11,6,0,6,categorical,3,threshold_binning,0.039268275642649134,0.39939839572192515,0.018823529411764704,0.039705882352941146
35,2,0,4,0,4,continuous,0,continuous_scalar,8.357731032646464e-05,0.5245535714285714,0.0,0.0
35,2,1,0,0,0,continuous,0,continuous_scalar,0.29972869328112656,0.6986607142857143,0.0,0.0
35,2,2,5,0,5,continuous,0,continuous_scalar,0.0016510125809104709,0.4330357142857143,0.0,0.0
35,2,3,2,0,2,continuous,0,continuous_scalar,3.468822271018509e-05,0.4486607142857143,0.0,0.0
35,2,4,11,1,3,categorical,2,threshold_binning,0.0010454908538415355,0.5178571428571428,0.0,0.0
35,2,5,20,2,3,continuous,0,continuous_scalar,0.0054624267232877555,0.4754464285714286,0.0,0.0
35,2,6,3,0,3,categorical,3,prototype_discretization,0.06668806859003512,0.6495535714285714,0.0,0.0
35,2,7,22,2,5,continuous,0,continuous_scalar,0.06529565192610538,0.5513392857142857,0.0,0.0
35,2,8,21,2,4,categorical,2,threshold_binning,0.02176340309231613,0.8950892857142857,0.003125,0.015625
35,2,9,27,3,2,continuous,0,continuous_scalar,0.21150499702478848,0.984375,0.2107142857142857,0.0357142857142857
35,2,10,26,3,1,continuous,0,continuous_scalar,0.008058364548877454,0.6875,0.0,0.0
35,2,11,30,3,5,continuous,0,continuous_scalar,0.0431515316137036,0.9330357142857143,0.003125,0.0
35,2,12,7,0,7,continuous,0,continuous_scalar,0.001146624569777587,0.49776785714285715,0.0,0.0
35,2,13,29,3,4,continuous,0,continuous_scalar,0.0052939812022275825,0.4642857142857143,0.0,0.0
35,2,14,12,1,4,categorical,5,prototype_discretization,0.2690914884599657,0.8950892857142857,0.0,0.0
36,4,0,19,2,1,continuous,0,continuous_scalar,0.16497891280910082,0.36519607843137253,0.043090569561157734,-0.023809523809523836
36,4,1,11,1,3,categorical,2,prototype_discretization,0.08305063410584301,0.29166666666666663,0.0023809523809523283,-0.01388888888888884
36,4,2,1,0,1,continuous,0,continuous_scalar,0.24071565505110037,0.5871848739495799,-0.0015873015873016482,-0.02777777777777779
36,4,3,28,3,0,categorical,3,threshold_binning,0.024288273081049982,0.34325396825396826,0.025396825396825327,0.017857142857142794
36,4,4,23,2,5,categorical,2,prototype_discretization,0.16230750727539844,0.5,-0.0064892623716153565,-0.01388888888888884
36,4,5,17,1,9,continuous,0,continuous_scalar,0.029953653293284973,0.29014939309056953,-0.009523809523809556,0.003968253968253954
36,4,6,31,3,3,categorical,3,prototype_discretization,0.016721024237221705,0.2496498599439776,-0.019444444444444486,-0.02777777777777779
36,4,7,21,2,3,continuous,0,continuous_scalar,0.025591301328397473,0.21638655462184875,-0.013095238095238115,0.01388888888888884
36,4,8,10,1,2,continuous,0,continuous_scalar,0.22881993948117213,0.5390989729225023,0.08692810457516334,0.0031512605042016695
36,4,9,18,2,0,continuous,0,continuous_scalar,0.004351249669054541,0.49031279178338005,-0.011811391223155976,0.0
36,4,10,27,2,9,continuous,0,continuous_scalar,0.007914225158098517,0.3167600373482726,0.02847805788982256,-0.02777777777777779
36,4,11,9,1,1,continuous,0,continuous_scalar,0.01130762451027802,0.2913165266106443,0.0,-0.01388888888888884
37,3,0,10,1,2,categorical,4,threshold_binning,0.20133166539068503,0.48963317384370014,0.02456140350877194,0.037480063795853336
37,3,1,22,2,7,continuous,0,continuous_scalar,0.26958203006978526,0.583732057416268,0.06012759170653912,0.052631578947368474
37,3,2,29,3,6,continuous,0,continuous_scalar,0.019881627890753324,0.43460925039872406,0.007017543859649145,0.0
37,3,3,30,3,7,continuous,0,continuous_scalar,0.041792398807775,0.3716108452950558,0.052631578947368494,0.01754385964912286
37,3,4,20,2,5,continuous,0,continuous_scalar,0.013832287106635411,0.39952153110047844,-0.007017543859649011,-0.01754385964912264
37,3,5,23,3,0,continuous,0,continuous_scalar,0.09179455412078034,0.40988835725677825,0.07368421052631587,-0.01754385964912286
37,3,6,27,3,4,continuous,0,continuous_scalar,0.05309742786384835,0.27910685805422647,-0.0116427432216905,-0.015151515151515138
37,3,7,18,2,3,continuous,0,continuous_scalar,0.0281855690364637,0.3293460925039872,-0.007017543859649056,0.0
37,3,8,9,1,1,continuous,0,continuous_scalar,0.07294716541089241,0.26634768740031894,0.009888357256778368,0.0023923444976077235
37,3,9,24,3,1,continuous,0,continuous_scalar,0.1876314202512465,0.6586921850079744,0.2877192982456141,0.08771929824561409
37,3,10,1,0,1,continuous,0,continuous_scalar,0.01992385405113466,0.38197767145135564,-0.01754385964912277,0.0
38,2,0,32,3,6,categorical,2,threshold_binning,0.2512384108521464,0.9545454545454546,0.2899350649350649,0.0
38,2,1,27,3,1,continuous,0,continuous_scalar,0.04576772545174692,0.6093073593073594,0.0,0.0
38,2,2,13,1,5,continuous,0,continuous_scalar,0.025780516273501662,0.4897186147186147,0.0,0.0
38,2,3,7,0,7,categorical,2,threshold_binning,0.09829490833216159,0.7224025974025974,0.020887445887445844,0.0
38,2,4,20,2,4,continuous,0,continuous_scalar,0.1743761187757129,0.7483766233766234,0.1198051948051948,0.030303030303030276
38,2,5,11,1,3,continuous,0,continuous_scalar,0.034724605049883304,0.387987012987013,0.0,0.0
38,2,6,14,1,6,continuous,0,continuous_scalar,0.16910828996485322,0.6190476190476191,0.0,0.0
38,2,7,10,1,2,categorical,2,threshold_binning,0.036218602952369734,0.5925324675324675,0.0,0.0
38,2,8,17,2,1,continuous,0,continuous_scalar,0.1644908223476243,0.6601731601731602,0.0030303030303030277,0.0
39,3,0,7,0,7,continuous,0,continuous_scalar,0.010547727080988752,0.40370370370370373,-0.009999999999999964,-0.011111111111111072
39,3,1,17,2,3,continuous,0,continuous_scalar,1.3597803102822932e-05,0.3925925925925926,-0.02333333333333325,-0.0277777777777779
39,3,2,1,0,1,categorical,2,prototype_discretization,0.05237195136480339,0.5055555555555555,-0.008888888888888858,0.0
39,3,3,26,3,3,continuous,0,continuous_scalar,3.082373145583749e-05,0.3944444444444444,-0.0033333333333333214,-0.005555555555555536
39,3,4,29,3,6,continuous,0,continuous_scalar,0.011130761075058192,0.6370370370370371,-0.01888888888888891,-0.016666666666666607
39,3,5,18,2,4,categorical,2,prototype_discretization,0.008056894673312656,0.5203703703703704,-0.01333333333333333,-0.0277777777777779
39,3,6,25,3,2,categorical,2,prototype_discretization,0.0148642748579008,0.4166666666666667,0.0,-0.016666666666666607
39,3,7,11,1,3,continuous,0,continuous_scalar,0.18933249533561974,0.762962962962963,-0.01555555555555559,-0.016666666666666607
39,3,8,9,1,1,continuous,0,continuous_scalar,1.7295687504379767e-05,0.35555555555555557,-0.01777777777777776,-0.016666666666666607
39,3,9,23,3,0,continuous,0,continuous_scalar,0.20420260213533603,0.9629629629629629,-0.025185185185185244,0.0
39,3,10,28,3,5,continuous,0,continuous_scalar,0.003705853503072594,0.5925925925925926,-0.022222222222222275,-0.03888888888888897
39,3,11,12,1,4,continuous,0,continuous_scalar,0.07707465991136017,0.4296296296296296,-0.014444444444444482,-0.005555555555555536
39,3,12,10,1,2,categorical,2,prototype_discretization,0.0023436699404128345,0.5925925925925926,-0.004444444444444429,0.0
39,3,13,19,2,5,continuous,0,continuous_scalar,0.2164869552016375,0.9092592592592593,-0.018888888888888955,-0.022222222222222365
39,3,14,0,0,0,continuous,0,continuous_scalar,0.20933693120592256,0.7537037037037037,-0.014444444444444437,-0.016666666666666607
39,3,15,20,2,6,continuous,0,continuous_scalar,0.0004835064925117502,0.7388888888888889,-0.011111111111111117,0.0
40,2,0,21,2,7,continuous,0,continuous_scalar,0.021152596128649448,0.4174418604651162,0.0,0.0
40,2,1,27,3,5,continuous,0,continuous_scalar,0.15713421305572836,0.8019379844961241,0.15705426356589147,0.0
40,2,2,7,0,7,categorical,2,prototype_discretization,0.00045546673331574566,0.40271317829457365,0.0,0.0
40,2,3,13,1,5,categorical,3,prototype_discretization,0.013219647778575526,0.4903100775193798,0.0,0.0
40,2,4,17,2,3,continuous,0,continuous_scalar,0.04562503330356945,0.5604651162790697,0.00364341085271318,0.011627906976744207
40,2,5,25,3,3,continuous,0,continuous_scalar,0.049249815453234744,0.6069767441860465,0.0023255813953488415,0.0
40,2,6,4,0,4,continuous,0,continuous_scalar,0.08701726489592762,0.5790697674418605,-0.0013178294573643833,0.011627906976744207
40,2,7,23,3,1,continuous,0,continuous_scalar,0.1868593489328751,0.8670542635658915,0.269922480620155,0.033333333333333215
40,2,8,28,3,6,continuous,0,continuous_scalar,0.023691448650771902,0.5174418604651163,0.011627906976744207,0.011627906976744207
40,2,9,12,1,4,continuous,0,continuous_scalar,0.4155951650673521,0.8251937984496125,0.04736434108527125,0.011627906976744207
41,2,0,4,0,4,continuous,0,continuous_scalar,0.008010008801136385,0.5732600732600732,0.0,0.0
41,2,1,14,1,6,categorical,5,prototype_discretization,0.23617704220993158,0.8772893772893773,0.014835164835164871,0.0
41,2,2,21,2,3,categorical,2,prototype_discretization,0.029725952071553294,0.48351648351648346,0.010256410256410308,0.0
41,2,3,15,1,7,continuous,0,continuous_scalar,0.002458043009423237,0.5782967032967032,0.0,0.0
41,2,4,30,3,6,continuous,0,continuous_scalar,0.1128811988937772,0.7060439560439561,0.12014652014652014,-0.005036630036630019
41,2,5,22,2,4,continuous,0,continuous_scalar,0.187751206896947,0.771978021978022,0.06785714285714288,0.0
41,2,6,29,3,5,categorical,3,prototype_discretization,0.08844453286541679,0.5773809523809523,0.00979853479853483,0.017857142857142905
41,2,7,2,0,2,continuous,0,continuous_scalar,0.0006182056580234538,0.3708791208791209,0.0,0.0
41,2,8,27,3,3,continuous,0,continuous_scalar,0.05033377242195915,0.7083333333333333,0.025000000000000022,0.0
41,2,9,25,3,1,categorical,4,threshold_binning,0.02267083010890515,0.5801282051282051,0.019505494505494547,0.012820512820512886
41,2,10,12,1,4,categorical,2,prototype_discretization,0.020506570691736423,0.5728021978021978,0.0,0.0
41,2,11,26,3,2,continuous,0,continuous_scalar,4.8939652173382485e-05,0.44780219780219777,0.0,0.0
41,2,12,6,0,6,continuous,0,continuous_scalar,0.0022747680514634346,0.5476190476190476,0.0,0.0
41,2,13,13,1,5,continuous,0,continuous_scalar,0.01005920890936571,0.559981684981685,0.0,0.0
41,2,14,10,1,2,continuous,0,continuous_scalar,0.06525032557944682,0.6163003663003663,0.02051282051282053,0.012820512820512886
41,2,15,24,3,0,continuous,0,continuous_scalar,0.16278939417874103,0.8003663003663004,0.07142857142857147,0.0
42,3,0,30,3,5,continuous,0,continuous_scalar,0.047386945474176274,0.4702614379084968,0.011111111111111027,0.011111111111111072
42,3,1,27,3,2,categorical,5,prototype_discretization,0.0025010372669279648,0.2584967320261438,0.0,-0.01666666666666672
42,3,2,19,2,4,continuous,0,continuous_scalar,0.1049209784770538,0.33137254901960783,0.01222222222222218,-0.01666666666666672
42,3,3,28,3,3,continuous,0,continuous_scalar,0.11426747129835388,0.7166666666666667,0.4437254901960784,0.18169934640522878
42,3,4,8,1,0,categorical,3,threshold_binning,2.856064455236691e-05,0.3666666666666667,0.0,-0.01666666666666672
42,3,5,24,2,9,categorical,5,prototype_discretization,0.04430586209971055,0.5111111111111111,0.00888888888888879,-0.0277777777777779
42,3,6,20,2,5,categorical,4,prototype_discretization,0.002729730981401147,0.3058823529411765,0.0,-0.01666666666666672
42,3,7,0,0,0,continuous,0,continuous_scalar,0.03297597252004746,0.2477124183006536,-0.004444444444444473,0.0
42,3,8,3,0,3,continuous,0,continuous_scalar,0.12566551879101515,0.434640522875817,-0.010000000000000031,-0.01666666666666672
42,3,9,11,1,3,categorical,4,threshold_binning,0.15105054158663556,0.5137254901960784,0.022222222222222143,0.0
42,3,10,12,1,4,continuous,0,continuous_scalar,0.032659296759759114,0.45359477124183006,-0.0033333333333333435,-0.01666666666666672
42,3,11,16,2,1,continuous,0,continuous_scalar,0.18949114258159666,0.4954248366013072,0.0033333333333333214,-0.005555555555555536
42,3,12,6,0,6,categorical,3,threshold_binning,0.15201694151877013,0.4009803921568627,-0.004444444444444473,-0.01666666666666672
43,4,0,18,2,4,continuous,0,continuous_scalar,0.003075161902976604,0.22759395424836604,-0.015882352941176413,-0.014705882352941124
43,4,1,24,3,2,continuous,0,continuous_scalar,0.02394497731410001,0.31345996732026143,0.03553513071895427,0.04513888888888895
43,4,2,2,0,2,continuous,0,continuous_scalar,0.002501070927812592,0.15002042483660133,-0.016666666666666607,-0.016666666666666607
43,4,3,7,0,7,continuous,0,continuous_scalar,0.18240302529330513,0.6526143790849674,0.01828431372549024,0.017585784313725483
43,4,4,5,0,5,continuous,0,continuous_scalar,0.04423347049603655,0.27318218954248363,0.046437908496732086,0.031372549019607954
43,4,5,20,2,6,continuous,0,continuous_scalar,0.35872291984076915,0.5862949346405228,0.02622549019607847,-0.012745098039215641
43,4,6,25,3,3,continuous,0,continuous_scalar,0.15059073044969543,0.5281862745098038,0.057303921568627514,0.03229166666666661
43,4,7,15,2,1,categorical,3,threshold_binning,0.02497797980937392,0.4222222222222222,0.05676470588235298,-0.014705882352941124
43,4,8,3,0,3,continuous,0,continuous_scalar,0.028971863478841432,0.299468954248366,0.02076797385620919,0.027553104575163467
43,4,9,10,1,2,continuous,0,continuous_scalar,0.004940961879626484,0.20386029411764706,-0.009215686274509772,0.014705882352941124
43,4,10,8,1,0,continuous,0,continuous_scalar,0.17563783860746265,0.6852532679738562,-0.012156862745097996,0.017585784313725483
44,4,0,3,0,3,continuous,0,continuous_scalar,0.1828533740556959,0.2952569169960474,-0.013007246376811632,-0.023633069828722042
44,4,1,24,3,2,continuous,0,continuous_scalar,0.016778488496583227,0.26157773386034255,0.004387351778656101,0.02473649538866929
44,4,2,22,3,0,categorical,5,prototype_discretization,0.03698031366649862,0.4049242424242424,0.021393280632411037,0.03749999999999998
44,4,3,10,1,2,continuous,0,continuous_scalar,0.05453201405451729,0.25423254281949936,0.08749011857707512,0.053442028985507206
44,4,4,2,0,2,continuous,0,continuous_scalar,0.006657387633472917,0.19718379446640316,-0.00397891963109358,-0.022727272727272707
44,4,5,25,3,3,continuous,0,continuous_scalar,0.02514308529452152,0.1342391304347826,0.0701548089591568,0.03359683794466395
44,4,6,1,0,1,continuous,0,continuous_scalar,0.1207302805684606,0.3063076416337286,0.007028985507246355,0.05833333333333335
44,4,7,28,3,6,continuous,0,continuous_scalar,0.005900480405303512,0.3809288537549407,0.0878919631093544,0.01477272727272727
44,4,8,9,1,1,categorical,2,prototype_discretization,0.09928888934577502,0.23674242424242425,-0.0021739130434782704,0.05833333333333335
44,4,9,17,2,1,continuous,0,continuous_scalar,0.0168618530375251,0.2510540184453228,0.013227931488801036,-0.0060606060606061
44,4,10,29,3,7,categorical,3,threshold_binning,0.07953459258388086,0.43636363636363634,0.1525856389986825,0.12453886693017135
44,4,11,23,3,1,continuous,0,continuous_scalar,0.09431154419901171,0.5768280632411067,0.26099143610013176,0.0970026350461134
44,4,12,6,0,6,continuous,0,continuous_scalar,0.2604276966587537,0.28521080368906454,0.016271409749670607,-0.02083333333333337
45,3,0,14,1,6,continuous,0,continuous_scalar,0.062430298423089864,0.23589341692789967,0.01601880877742947,0.04597701149425282
45,3,1,21,2,6,continuous,0,continuous_scalar,0.09700368873021702,0.4648380355276907,-0.002904911180773251,-0.015151515151515138
45,3,2,27,3,3,continuous,0,continuous_scalar,0.058779208538400934,0.3491640543364681,0.010000000000000031,0.011494252873563315
45,3,3,7,0,7,categorical,3,prototype_discretization,0.03895716282076025,0.3708463949843261,-0.024367816091954042,-0.031818181818181746
45,3,4,12,1,4,categorical,3,prototype_discretization,0.04095235002892427,0.3025078369905956,0.003103448275862064,0.011494252873563315
45,3,5,9,1,1,continuous,0,continuous_scalar,0.09082160687100276,0.348171368861024,0.017471264367816118,-0.005172413793103514
45,3,6,32,3,8,continuous,0,continuous_scalar,0.12255923921109946,0.3231452455590387,-0.009644723092998953,-0.028160919540229923
45,3,7,4,0,4,continuous,0,continuous_scalar,0.07042504689637467,0.4312434691745037,-0.006206896551724172,-0.020323928944618652
45,3,8,2,0,2,continuous,0,continuous_scalar,0.09327438265216985,0.3461337513061651,0.015862068965517274,0.005172413793103403
45,3,9,22,2,7,continuous,0,continuous_scalar,0.05768249427491812,0.46724137931034476,-0.013834900731452483,0.03448275862068961
45,3,10,18,2,3,categorical,6,prototype_discretization,0.039864040020166934,0.3550679205851619,-0.030459770114942542,-0.016666666666666607
45,3,11,15,2,0,categorical,4,threshold_binning,0.17964154080357683,0.665987460815047,0.35092998955067917,0.3598746081504702
45,3,12,31,3,7,continuous,0,continuous_scalar,0.04760894072929902,0.42126436781609194,-0.008735632183908071,0.011494252873563315
46,4,0,22,2,6,categorical,2,threshold_binning,0.044726580832004294,0.29545454545454547,0.027705627705627657,-0.0005952380952380931
46,4,1,24,3,0,categorical,2,prototype_discretization,0.19970178978527378,0.3181818181818182,0.1552164502164502,0.0
46,4,2,19,2,3,continuous,0,continuous_scalar,0.5266560807798729,0.661038961038961,0.37995670995670994,0.29182900432900427
46,4,3,25,3,1,continuous,0,continuous_scalar,0.06202528459768256,0.258982683982684,0.09293290043290041,0.08463203463203461
46,4,4,12,1,4,categorical,4,prototype_discretization,0.010584580768928138,0.3012987012987013,0.018614718614718574,0.0004870129870129247
46,4,5,27,3,3,continuous,0,continuous_scalar,0.0988780575921063,0.3055194805194805,0.23096320346320348,0.08403679653679652
46,4,6,29,3,5,continuous,0,continuous_scalar,0.010030944836886805,0.33966450216450217,0.017023809523809462,0.001677489177489111
46,4,7,18,2,2,categorical,3,prototype_discretization,0.04478586883263975,0.4102272727272728,0.055541125541125516,-0.010822510822510845
46,4,8,1,0,1,categorical,4,threshold_binning,0.0026108119746054525,0.29004329004329005,0.04189393939393933,0.001677489177489111
47,2,0,0,0,0,continuous,0,continuous_scalar,0.03558113344161843,0.46153846153846156,0.0,0.0
47,2,1,1,0,1,categorical,4,prototype_discretization,0.20732543885861823,0.8107287449392713,0.005263157894736903,0.0
47,2,2,4,0,4,continuous,0,continuous_scalar,0.0056412232674027795,0.513157894736842,-0.0038461538461538325,-0.019230769230769162
47,2,3,9,1,1,continuous,0,continuous_scalar,0.029016985822136666,0.6174089068825911,0.0026315789473684514,0.013157894736842257
47,2,4,15,1,7,categorical,3,prototype_discretization,0.12569859334902464,0.7105263157894737,0.005263157894736903,0.0
47,2,5,10,1,2,continuous,0,continuous_scalar,0.07784316509798808,0.708502024291498,0.0,0.0
47,2,6,13,1,5,continuous,0,continuous_scalar,0.014866203659205322,0.4817813765182186,-0.0038461538461538325,0.0
47,2,7,29,3,1,continuous,0,continuous_scalar,0.24712205855098943,0.9483805668016194,0.3,-0.006072874493927127
47,2,8,26,2,8,continuous,0,continuous_scalar,0.030075510272300654,0.4423076923076923,-0.007692307692307665,0.0
47,2,9,16,1,8,continuous,0,continuous_scalar,0.0005517999398311963,0.5779352226720648,0.0026315789473684514,0.0
47,2,10,25,2,7,continuous,0,continuous_scalar,0.029812780454752018,0.5597165991902835,0.0,0.0
47,2,11,33,3,5,continuous,0,continuous_scalar,0.0038561070382617016,0.7135627530364372,-0.011538461538461497,-0.038461538461538436
47,2,12,7,0,7,continuous,0,continuous_scalar,0.02571416773384575,0.41700404858299595,0.005263157894736903,0.0
47,2,13,14,1,6,categorical,4,prototype_discretization,0.009373696305404298,0.48785425101214575,0.0,0.0
47,2,14,8,1,0,continuous,0,continuous_scalar,0.10298213870975044,0.6244939271255061,-0.023886639676113285,-0.019230769230769162
47,2,15,17,1,9,continuous,0,continuous_scalar,0.05453899749887036,0.4817813765182186,0.0,0.0
48,4,0,0,0,0,categorical,4,threshold_binning,0.022530137118281553,0.26026785714285716,0.01749999999999996,0.012499999999999956
48,4,1,18,2,1,continuous,0,continuous_scalar,0.03388605340257748,0.2671914160401002,0.018869047619047574,0.0
48,4,2,21,2,4,continuous,0,continuous_scalar,0.36761225066669356,0.5602286967418546,0.06874999999999995,0.03749999999999998
48,4,3,22,2,5,continuous,0,continuous_scalar,0.04355030973773954,0.6609492481203008,0.05551065162907261,0.04880952380952375
48,4,4,32,3,8,continuous,0,continuous_scalar,8.055821846925343e-05,0.5615679824561404,-0.006250000000000022,0.0
48,4,5,10,1,2,categorical,4,threshold_binning,0.36455569461403803,0.6579730576441103,0.043291040100250554,-0.028125000000000067
48,4,6,7,0,7,categorical,2,threshold_binning,0.1470771910836844,0.484375,0.012023809523809437,0.0
48,4,7,17,2,0,continuous,0,continuous_scalar,0.020707805158516213,0.2833724937343358,0.08249999999999995,0.043749999999999956
49,2,0,19,2,3,continuous,0,continuous_scalar,0.004871090706223291,0.440359477124183,-0.028267973856209095,-0.04166666666666652
49,2,1,14,1,6,continuous,0,continuous_scalar,0.6725829607941494,0.8145424836601307,0.20473856209150335,0.11192810457516345
49,2,2,0,0,0,categorical,3,threshold_binning,0.015127877183508635,0.451797385620915,-0.008660130718954218,-0.02777777777777768
49,2,3,6,0,6,continuous,0,continuous_scalar,0.038048422515586364,0.6013071895424837,-0.012418300653594727,-0.028594771241829964
49,2,4,21,2,5,continuous,0,continuous_scalar,0.04333197176150702,0.4722222222222222,-0.03741830065359473,-0.014705882352941124
49,2,5,25,3,1,categorical,2,prototype_discretization,0.01712122873078523,0.5669934640522876,-0.0063725490196078205,-0.028594771241829964
49,2,6,23,2,7,categorical,3,threshold_binning,0.13239465197678457,0.7916666666666667,0.1439542483660131,-0.01388888888888884
49,2,7,17,2,1,continuous,0,continuous_scalar,0.02066520344036396,0.5016339869281046,-0.008333333333333304,-0.01388888888888884
49,2,8,8,1,0,continuous,0,continuous_scalar,0.033476191350613645,0.45669934640522875,-0.0320261437908496,-0.0433006535947712
49,2,9,18,2,2,continuous,0,continuous_scalar,0.022380401540477893,0.602124183006536,-0.00245098039215681,0.0008169934640522847
50,2,0,4,0,4,continuous,0,continuous_scalar,0.0015713141413479436,0.5358952702702703,0.008952702702702698,0.0
50,2,1,2,0,2,continuous,0,continuous_scalar,0.47066825080857416,0.7356418918918919,0.08412162162162165,0.0
50,2,2,27,3,3,continuous,0,continuous_scalar,0.2610464529023302,0.8407939189189189,0.225,0.058277027027027084
50,2,3,5,0,5,continuous,0,continuous_scalar,0.10488819873081057,0.6169763513513513,0.10067567567567567,0.015625
50,2,4,30,3,6,continuous,0,continuous_scalar,0.08572643693333236,0.7512668918918919,0.03741554054054057,-0.013513513513513487
50,2,5,29,3,5,continuous,0,continuous_scalar,0.0010472172248368672,0.43074324324324326,0.00625,0.013513513513513487
50,2,6,32,3,8,continuous,0,continuous_scalar,0.04795738930034927,0.5983952702702703,0.015202702702702697,0.044763513513513487
50,2,7,33,3,9,continuous,0,continuous_scalar,0.027094739958418598,0.5764358108108107,0.001266891891891908,-0.013513513513513487
51,3,0,22,2,4,categorical,2,prototype_discretization,0.06503783498068132,0.48774509803921573,0.027083333333333327,-0.02083333333333337
51,3,1,6,0,6,categorical,4,prototype_discretization,0.17476033053603715,0.3370098039215686,0.0023284313725489892,0.009191176470588203
51,3,2,28,3,3,continuous,0,continuous_scalar,0.32288906906062836,0.7144607843137255,0.19730392156862736,0.049632352941176294
51,3,3,20,2,2,categorical,5,threshold_binning,0.10250695143258251,0.5986519607843137,0.04166666666666667,-0.01041666666666663
51,3,4,30,3,5,categorical,2,prototype_discretization,0.0023511895812408173,0.3958333333333333,-0.011519607843137302,0.01041666666666663
51,3,5,3,0,3,continuous,0,continuous_scalar,0.2191499630389875,0.6881127450980392,0.02475490196078427,-0.01041666666666663
51,3,6,23,2,5,continuous,0,continuous_scalar,0.007067785614750937,0.33762254901960786,-0.00882352941176472,0.01041666666666663
51,3,7,19,2,1,continuous,0,continuous_scalar,0.10623687575509141,0.49938725490196073,0.15882352941176464,0.04289215686274506
52,3,0,6,0,6,categorical,3,threshold_binning,0.09871068173955068,0.4688191065900044,0.009803921568627416,0.0
52,3,1,4,0,4,continuous,0,continuous_scalar,0.17976025466902953,0.47063737775812076,0.07397415106393432,0.060764656739888845
52,3,2,21,2,4,continuous,0,continuous_scalar,0.12412057285239328,0.33507789080544503,0.1201041820236866,0.009803921568627416
52,3,3,0,0,0,categorical,3,threshold_binning,0.013381136008042603,0.2910216718266254,-0.011484593837535039,0.009803921568627416
52,3,4,15,1,7,categorical,5,threshold_binning,0.1568214975169032,0.5475453339230429,-0.023662096417514357,-0.03548085901027076
52,3,5,12,1,4,continuous,0,continuous_scalar,0.1354292126095446,0.30913066981178433,0.015248906580175924,-0.009803921568627527
52,3,6,10,1,2,categorical,2,threshold_binning,0.07721919980637432,0.38763575605680867,0.022064966337412173,0.01754385964912286
52,3,7,29,3,2,continuous,0,continuous_scalar,0.21455744479816177,0.6206938915917245,0.23646862253673398,0.03508771929824561
53,2,0,30,3,6,continuous,0,continuous_scalar,0.09227928114466628,0.5544444444444444,0.1080000000000001,0.020000000000000018
53,2,1,27,3,3,continuous,0,continuous_scalar,0.059330249530362957,0.4455555555555556,0.0517777777777779,0.007777777777777883
53,2,2,19,2,3,categorical,2,prototype_discretization,0.03355680157303774,0.5527777777777778,0.00555555555555558,0.03388888888888897
53,2,3,12,1,4,continuous,0,continuous_scalar,0.0014356533594829031,0.3838888888888889,0.00555555555555558,0.020000000000000018
53,2,4,11,1,3,continuous,0,continuous_scalar,0.07769300330072394,0.5533333333333333,-0.007999999999999962,0.020000000000000018
53,2,5,10,1,2,continuous,0,continuous_scalar,0.06022367848500728,0.4872222222222222,0.020666666666666743,0.03388888888888897
53,2,6,26,3,2,continuous,0,continuous_scalar,0.2037229315062564,0.6777777777777778,0.12255555555555561,0.06166666666666676
53,2,7,15,1,7,continuous,0,continuous_scalar,0.0001089753681465457,0.5272222222222223,0.006777777777777794,0.020000000000000018
53,2,8,24,3,0,continuous,0,continuous_scalar,0.08750549281450977,0.7011111111111111,0.3044444444444445,0.3144444444444445
53,2,9,4,0,4,continuous,0,continuous_scalar,0.3841439329178062,0.616111111111111,0.053888888888888965,0.020000000000000018
54,4,0,25,3,0,continuous,0,continuous_scalar,0.08522338911225232,0.4168291140907774,0.3222761518400465,0.15054924791233126
54,4,1,11,1,3,categorical,3,threshold_binning,0.23411323922535063,0.43907563025210083,0.006897868865414591,-0.04493427465029887
54,4,2,12,1,4,continuous,0,continuous_scalar,0.025703870856646573,0.31637074892652983,0.01886409736308321,0.00608519269776886
54,4,3,16,2,0,categorical,4,prototype_discretization,0.0184379903692606,0.2897249809014515,0.013567213719343663,-0.003750559785042462
54,4,4,0,0,0,continuous,0,continuous_scalar,0.016321213429534034,0.21210913832617687,-0.003552330022918193,-0.025878533231474266
54,4,5,32,3,7,continuous,0,continuous_scalar,0.01213507504358664,0.35038262954084454,0.022109533468560018,0.005469429150970928
54,4,6,3,0,3,continuous,0,continuous_scalar,0.05438812660014252,0.25816298306156316,0.007943679039013874,0.03428189457601227
54,4,7,6,0,6,continuous,0,continuous_scalar,0.19512597635012935,0.5478023497800374,0.0437422617950002,0.018976712942230245
54,4,8,7,0,7,continuous,0,continuous_scalar,0.2585386556822462,0.3608176813044967,0.09672097679197086,0.021390374331550888
54,4,9,34,3,9,continuous,0,continuous_scalar,0.10001246333085109,0.2938443402439346,0.15089236321487853,-0.01410658307210011
55,3,0,24,3,2,categorical,2,threshold_binning,0.18134083600808235,0.6206896551724138,0.025128205128205128,0.0
55,3,1,15,2,1,continuous,0,continuous_scalar,0.0014875729657214038,0.27537577365163574,0.0,0.0
55,3,2,20,2,6,categorical,4,prototype_discretization,0.011948635312039449,0.3019451812555261,0.0,0.0
55,3,3,10,1,2,continuous,0,continuous_scalar,0.0018624761542780782,0.29566755083996465,0.0,0.0
55,3,4,9,1,1,categorical,2,prototype_discretization,0.16164935462868624,0.6551724137931035,0.012820512820512952,0.0
55,3,5,19,2,5,continuous,0,continuous_scalar,0.2951040743062466,0.8718832891246683,0.059442970822281185,0.012820512820512997
55,3,6,27,3,5,continuous,0,continuous_scalar,0.005707569652113072,0.6526967285587976,0.019982316534040746,0.02431476569407609
55,3,7,0,0,0,continuous,0,continuous_scalar,0.01706131850304267,0.3290008841732979,0.0,0.0
55,3,8,13,1,5,continuous,0,continuous_scalar,0.016698402599683297,0.412290008841733,0.0025641025641025992,0.0
55,3,9,22,3,0,continuous,0,continuous_scalar,0.01669982193522885,0.4481432360742706,0.0076923076923077986,0.0
55,3,10,4,0,4,continuous,0,continuous_scalar,0.28372718721256013,0.8987621573828471,0.11407603890362512,0.016666666666666607
55,3,11,5,0,5,categorical,4,threshold_binning,0.006712750722317927,0.3831122900088417,0.0,0.0
56,3,0,34,3,9,continuous,0,continuous_scalar,0.029593256586978627,0.39999999999999997,0.0033333333333333435,0.031746031746031744
56,3,1,11,1,3,continuous,0,continuous_scalar,0.013629262895687694,0.37857142857142856,0.003571428571428581,-0.01388888888888884
56,3,2,13,1,5,categorical,3,prototype_discretization,0.1715550195145097,0.6194444444444445,0.0026984126984127554,-0.015873015873015817
56,3,3,30,3,5,continuous,0,continuous_scalar,0.0034785020663299633,0.37857142857142856,-0.020317460317460335,-0.01388888888888884
56,3,4,18,2,2,continuous,0,continuous_scalar,0.0018133054999747362,0.39365079365079364,0.019047619047619046,-0.029761904761904878
56,3,5,22,2,6,continuous,0,continuous_scalar,0.16570334817437476,0.5761904761904763,0.04880952380952375,-0.04365079365079372
56,3,6,26,3,1,continuous,0,continuous_scalar,0.17099844621988614,0.5107142857142857,0.007301587301587298,0.0
56,3,7,5,0,5,continuous,0,continuous_scalar,0.293777090462776,0.4912698412698413,-0.01865079365079363,-0.029761904761904878
56,3,8,27,3,2,categorical,3,threshold_binning,0.14945176857948236,0.5277777777777778,0.21285714285714286,0.22777777777777786
57,3,0,32,3,8,categorical,4,prototype_discretization,0.02324921300429824,0.5396825396825397,0.034674603174603136,0.013333333333333308
57,3,1,23,2,5,continuous,0,continuous_scalar,0.12053939137492804,0.32603174603174606,0.1470317460317459,0.19178571428571412
57,3,2,1,0,1,continuous,0,continuous_scalar,0.03777549845525236,0.43702380952380954,0.024507936507936413,0.03416666666666668
57,3,3,22,2,4,continuous,0,continuous_scalar,0.26300567786567125,0.5612301587301588,0.05806349206349197,0.0633730158730158
57,3,4,29,3,5,categorical,4,prototype_discretization,0.00344563257507191,0.2936111111111111,0.02285714285714282,0.050039682539682495
57,3,5,25,3,1,categorical,2,threshold_binning,0.16179396456959835,0.6349206349206349,0.22880158730158723,0.06920634920634905
57,3,6,20,2,2,continuous,0,continuous_scalar,0.047190357713814184,0.37210317460317466,0.009142857142857074,0.0633730158730158
57,3,7,31,3,7,continuous,0,continuous_scalar,0.03247947667519701,0.5062301587301588,0.059015873015872966,0.036706349206349076
57,3,8,2,0,2,continuous,0,continuous_scalar,0.2693175118196845,0.5956349206349206,0.08568253968253958,0.07174603174603167
57,3,9,15,1,7,continuous,0,continuous_scalar,0.041203275946484166,0.3053174603174603,0.016634920634920558,0.004960317460317332
58,3,0,19,2,3,continuous,0,continuous_scalar,0.1457049656588815,0.43165672065927824,0.03222506393861886,0.0
58,3,1,21,2,5,categorical,2,prototype_discretization,0.05314533635261801,0.41002415458937197,0.02450980392156863,-0.005718954248365993
58,3,2,22,2,6,categorical,3,prototype_discretization,0.03209406047049414,0.5117220801364024,0.023039215686274473,-0.02777777777777779
58,3,3,7,0,7,continuous,0,continuous_scalar,0.0035204367186006057,0.34470019892014775,-0.019607843137254943,-0.053104575163398615
58,3,4,25,3,0,continuous,0,continuous_scalar,0.008042115491559735,0.29550298380221657,0.031372549019607864,0.0
58,3,5,9,1,1,continuous,0,continuous_scalar,0.08879493671837557,0.41023728331912473,0.03643790849673208,0.006322818982665512
58,3,6,26,3,1,continuous,0,continuous_scalar,0.27402620735644106,0.6176825802784882,0.2801150895140665,0.009377664109121886
58,3,7,27,3,2,categorical,3,prototype_discretization,0.04456306868415994,0.42693236714975846,0.0309605001420858,0.0
58,3,8,16,2,0,continuous,0,continuous_scalar,0.04125821101659827,0.41023728331912473,0.003921568627450944,0.0
58,3,9,11,1,3,continuous,0,continuous_scalar,0.04127707216084801,0.3136544472861608,0.007843137254901933,-0.019607843137254943
58,3,10,20,2,4,categorical,3,threshold_binning,0.02895042404928214,0.5257885763000852,0.02352941176470589,0.0
58,3,11,24,2,8,continuous,0,continuous_scalar,0.19887642002104622,0.37677607274793984,0.010741687979539605,-0.04738562091503262
58,3,12,33,3,8,continuous,0,continuous_scalar,0.039746745301094795,0.41144501278772383,0.04109121909633422,0.01449275362318836
59,2,0,29,3,4,categorical,2,prototype_discretization,0.035942334518564045,0.6404665314401623,0.0,0.0
59,2,1,28,3,3,categorical,2,threshold_binning,0.07053602454824083,0.75,0.09320486815415814,0.0
59,2,2,1,0,1,categorical,3,prototype_discretization,0.1279577607067357,0.6044624746450304,0.007403651115618604,0.0
59,2,3,4,0,4,categorical,3,threshold_binning,0.1534184508510726,0.6632860040567952,0.0,0.0
59,2,4,14,1,6,categorical,3,prototype_discretization,0.004527908729320807,0.7129817444219066,0.0,0.0
59,2,5,21,2,4,continuous,0,continuous_scalar,0.10648030739362212,0.6977687626774849,0.13691683569979712,0.01724137931034475
59,2,6,23,2,6,continuous,0,continuous_scalar,0.09207089203517363,0.670892494929006,0.21308316430020283,0.019776876267748378
59,2,7,6,0,6,continuous,0,continuous_scalar,0.16033038424177967,0.6926977687626774,-0.004361054766734318,-0.014705882352941235
59,2,8,32,3,7,continuous,0,continuous_scalar,0.0014314510561727696,0.43204868154158216,-0.004868154158215066,0.0
59,2,9,20,2,3,continuous,0,continuous_scalar,0.1065107355646418,0.7322515212981744,0.06450304259634883,-0.014705882352941235
59,2,10,26,3,1,continuous,0,continuous_scalar,0.1366157376524045,0.6683569979716024,0.014300202839756571,0.0
59,2,11,0,0,0,continuous,0,continuous_scalar,0.004178012702271517,0.46399594320486814,-0.011764705882352988,0.0
60,2,0,5,0,5,continuous,0,continuous_scalar,0.09852704513603149,0.6541666666666667,0.016666666666666607,-0.01388888888888895
60,2,1,23,3,0,continuous,0,continuous_scalar,0.0658086172987253,0.8013888888888889,0.043888888888888825,0.026388888888888795
60,2,2,18,2,4,continuous,0,continuous_scalar,0.15859510178071676,0.6972222222222222,0.03249999999999993,0.02777777777777768
60,2,3,29,3,6,continuous,0,continuous_scalar,0.018660869653583708,0.7375,-0.011388888888888981,0.012499999999999956
60,2,4,26,3,3,continuous,0,continuous_scalar,0.034279391544668796,0.7208333333333333,0.014166666666666616,-0.012500000000000067
60,2,5,24,3,1,continuous,0,continuous_scalar,0.11335920666527997,0.675,0.018611111111111023,0.012499999999999956
60,2,6,25,3,2,categorical,3,threshold_binning,0.015556164256096752,0.6097222222222223,0.0,0.0
60,2,7,27,3,4,continuous,0,continuous_scalar,0.06382520566689424,0.7916666666666667,-0.01111111111111116,0.0
60,2,8,30,3,7,categorical,4,prototype_discretization,0.046087537465178005,0.5902777777777778,0.03416666666666659,0.040277777777777635
60,2,9,28,3,5,continuous,0,continuous_scalar,0.010274700001559896,0.725,0.026944444444444347,-0.01388888888888895
60,2,10,0,0,0,categorical,2,prototype_discretization,0.0036654270189523394,0.4083333333333333,0.0,0.0
60,2,11,12,1,4,continuous,0,continuous_scalar,0.148624228077321,0.7333333333333334,-0.006111111111111178,-0.01388888888888895
60,2,12,16,2,2,continuous,0,continuous_scalar,0.07510420762232918,0.6736111111111112,-0.01027777777777783,-0.001388888888888995
60,2,13,2,0,2,continuous,0,continuous_scalar,0.10011735668068653,0.525,-0.01027777777777783,-0.01388888888888895
60,2,14,7,0,7,continuous,0,continuous_scalar,0.04287461983391715,0.39166666666666666,0.007499999999999951,0.0
60,2,15,4,0,4,categorical,2,prototype_discretization,0.004640321298058867,0.5180555555555556,0.0,0.0
61,3,0,5,0,5,continuous,0,continuous_scalar,0.11291883196013408,0.466984126984127,0.01917460317460329,-0.0025396825396823974
61,3,1,10,1,2,continuous,0,continuous_scalar,0.0012416400774555379,0.36383838383838385,0.0033015873015874277,-0.03174603174603163
61,3,2,17,2,3,categorical,2,prototype_discretization,0.01494522679453943,0.33151515151515154,4.4408920985006264e-17,-0.0007215007215006786
61,3,3,19,2,5,continuous,0,continuous_scalar,0.08258222828950426,0.4182683982683983,0.1253621933621935,0.08689754689754703
61,3,4,6,0,6,categorical,3,prototype_discretization,0.0018179387641550774,0.3264069264069264,0.0,0.0
61,3,5,1,0,1,continuous,0,continuous_scalar,0.026219958567670343,0.3649350649350649,-0.003607503607503526,-0.0025396825396823974
61,3,6,9,1,1,continuous,0,continuous_scalar,0.11265349443203848,0.4565367965367965,0.014932178932179064,0.01261183261183274
61,3,7,22,3,1,categorical,3,prototype_discretization,0.08347111981196643,0.49939393939393945,-0.009668109668109626,-0.0007215007215006786
61,3,8,11,1,3,continuous,0,continuous_scalar,0.07340202516444086,0.33509379509379505,0.011976911976912152,-0.0007215007215006786
61,3,9,24,3,3,continuous,0,continuous_scalar,0.21350404724562191,0.5167965367965367,0.388906204906205,0.2798556998557
61,3,10,25,3,4,categorical,3,threshold_binning,0.025021109852344566,0.3054545454545455,0.0,0.0
61,3,11,14,2,0,continuous,0,continuous_scalar,0.11226915623006697,0.5228571428571428,0.04615295815295824,-0.0025396825396823974
61,3,12,18,2,4,continuous,0,continuous_scalar,0.08099828700091784,0.3505050505050505,0.005916305916306097,-0.0007215007215006786
61,3,13,0,0,0,continuous,0,continuous_scalar,0.0589549358091442,0.4089177489177489,0.0031746031746032076,0.02848484848484867
62,4,0,29,3,3,continuous,0,continuous_scalar,0.08226767700428149,0.5450757575757575,0.07825757575757564,-0.0018939393939394478
62,4,1,24,2,7,categorical,6,threshold_binning,0.0018998375802462097,0.2583333333333333,-0.02272727272727293,-0.05378787878787894
62,4,2,20,2,3,continuous,0,continuous_scalar,0.01981929448698964,0.2515151515151515,-0.008636363636363753,-0.02272727272727293
62,4,3,33,3,7,continuous,0,continuous_scalar,0.15545884835955837,0.6909090909090909,0.07878787878787867,0.07045454545454533
62,4,4,18,2,1,continuous,0,continuous_scalar,0.0175702473888932,0.2515151515151515,-0.001136363636363713,-0.014393939393939403
62,4,5,22,2,5,continuous,0,continuous_scalar,0.029571681398841494,0.3306818181818182,-0.03227272727272741,-0.02272727272727293
62,4,6,14,1,6,continuous,0,continuous_scalar,0.04625170177760845,0.2852272727272728,-0.008257575757575863,0.0
62,4,7,21,2,4,continuous,0,continuous_scalar,0.008297003576719452,0.20795454545454548,-0.0160606060606062,0.0
62,4,8,4,0,4,categorical,4,threshold_binning,0.002322115871317049,0.3325757575757576,-0.010681818181818303,-0.010227272727272863
62,4,9,1,0,1,continuous,0,continuous_scalar,0.23646808508283737,0.7155303030303031,0.01280303030303016,-0.04128787878787887
62,4,10,23,2,6,continuous,0,continuous_scalar,0.006756131816515322,0.3821969696969697,-0.02272727272727293,-0.03295454545454557
62,4,11,17,2,0,categorical,4,prototype_discretization,0.16131957920352694,0.6859848484848485,0.04568181818181809,-0.0018939393939394478
62,4,12,12,1,4,continuous,0,continuous_scalar,0.23199779645266502,0.7446969696969696,0.05613636363636354,-0.045454545454545636
63,2,0,8,1,0,continuous,0,continuous_scalar,0.2748289401180503,0.7749999999999999,-0.0058333333333333345,0.0
63,2,1,29,3,5,continuous,0,continuous_scalar,0.08288780584393478,0.7666666666666666,0.003333333333333366,-0.012499999999999956
63,2,2,1,0,1,continuous,0,continuous_scalar,0.1781597879190747,0.7458333333333333,-0.01583333333333332,0.0
63,2,3,9,1,1,continuous,0,continuous_scalar,0.04475760451563149,0.5875,-0.007500000000000018,0.0
63,2,4,11,1,3,continuous,0,continuous_scalar,0.03060356335602037,0.7541666666666667,0.0,0.0
63,2,5,25,3,1,continuous,0,continuous_scalar,0.1206290719646419,0.7958333333333334,0.04416666666666669,-0.029166666666666674
63,2,6,10,1,2,continuous,0,continuous_scalar,0.09991741906866912,0.6,-0.03249999999999997,-0.012499999999999956
63,2,7,16,2,2,continuous,0,continuous_scalar,0.07581318155710924,0.6083333333333334,-0.020000000000000018,-0.012499999999999956
63,2,8,12,1,4,continuous,0,continuous_scalar,0.04201174892110424,0.4125,-0.01666666666666672,0.0
63,2,9,27,3,3,continuous,0,continuous_scalar,0.050390876735763854,0.4458333333333333,-0.004166666666666674,-0.012499999999999956
64,2,0,24,2,8,continuous,0,continuous_scalar,0.001337264562397671,0.4365750528541226,0.0,0.0
64,2,1,32,3,6,categorical,4,prototype_discretization,0.012369743680996196,0.9499647639182522,0.0,0.0
64,2,2,18,2,2,categorical,3,threshold_binning,0.017567731628477024,0.46335447498238197,0.0,0.0
64,2,3,9,1,1,categorical,5,threshold_binning,0.004295685374613388,0.5599013389711064,0.0,0.0
64,2,4,4,0,4,categorical,5,threshold_binning,0.051577807025938,0.5331219168428472,0.0,0.0
64,2,5,15,1,7,continuous,0,continuous_scalar,0.18405030865171396,0.9464411557434813,0.0,0.0
64,2,6,1,0,1,continuous,0,continuous_scalar,0.1730207968432853,0.8742071881606766,0.0,0.0
64,2,7,8,1,0,continuous,0,continuous_scalar,0.0013938091146299457,0.3678646934460888,0.0,0.0
64,2,8,12,1,4,continuous,0,continuous_scalar,5.663231483395817e-05,0.4386892177589852,0.0,0.0
64,2,9,25,2,9,continuous,0,continuous_scalar,0.24698715176825545,0.9767441860465116,0.004651162790697683,0.0
64,2,10,30,3,4,continuous,0,continuous_scalar,0.3073430690348591,1.0,0.021423537702607475,0.0
65,4,0,8,1,0,continuous,0,continuous_scalar,0.08734351621010802,0.23185425685425687,0.04600048100048104,0.007407407407407418
65,4,1,15,1,7,categorical,3,prototype_discretization,0.06170833488057048,0.2936147186147186,0.051515151515151535,0.024074074074074137
65,4,2,0,0,0,continuous,0,continuous_scalar,0.08451603594326759,0.2441077441077441,0.03531986531986533,0.007407407407407418
65,4,3,2,0,2,continuous,0,continuous_scalar,0.04402050858613798,0.21516354016354017,0.007979797979797998,-0.03518518518518521
65,4,4,7,0,7,continuous,0,continuous_scalar,0.06615844719657617,0.2606902356902357,0.041245791245791266,0.039393939393939426
65,4,5,24,3,1,continuous,0,continuous_scalar,0.26158533921329147,0.5672438672438672,0.3748605098605099,0.3261303511303512
65,4,6,1,0,1,continuous,0,continuous_scalar,0.07511751651063463,0.35664983164983166,0.014985569985570013,-0.01851851851851849
65,4,7,5,0,5,continuous,0,continuous_scalar,0.1844858119198196,0.24616402116402117,-0.0035281385281384693,-0.061111111111111005
65,4,8,18,2,1,continuous,0,continuous_scalar,0.13506448953959407,0.28879268879268877,0.11613035113035117,0.08571428571428585
66,3,0,3,0,3,continuous,0,continuous_scalar,0.02690278102272543,0.3242123877332589,-0.00026525198938993634,-0.029038112522685955
66,3,1,5,0,5,categorical,5,prototype_discretization,0.11071241327367275,0.6554283586951463,0.024263576713667502,-0.012820512820512775
66,3,2,23,3,0,continuous,0,continuous_scalar,0.0025541716449155277,0.31260179626785795,-0.01025641025641022,0.0
66,3,3,12,1,4,continuous,0,continuous_scalar,0.3168473748282822,0.4732421238773326,0.08530410907906376,-0.011494252873563204
66,3,4,26,3,3,continuous,0,continuous_scalar,0.19125441654688966,0.34236120805993764,0.1730187537810043,0.04053236539624927
66,3,5,32,3,9,continuous,0,continuous_scalar,0.010098140395207003,0.3700730606356741,-0.01025641025641022,-0.012820512820512775
66,3,6,10,1,2,continuous,0,continuous_scalar,0.16918457556076177,0.6467494997440552,0.14351994043464106,-0.011494252873563204
66,3,7,16,2,2,continuous,0,continuous_scalar,0.1724461267275457,0.5273628368002233,0.06563357997114802,-0.011494252873563204
67,2,0,23,2,5,continuous,0,continuous_scalar,0.20147515221207696,0.9579150579150579,0.008108108108108091,0.0
67,2,1,14,1,6,continuous,0,continuous_scalar,0.004473873278163266,0.5131274131274132,0.0,0.0
67,2,2,22,2,4,continuous,0,continuous_scalar,0.08610334730788906,0.8625482625482626,0.016370656370656357,0.0
67,2,3,7,0,7,continuous,0,continuous_scalar,0.006588276741148411,0.5027027027027027,0.0,0.0
67,2,4,12,1,4,continuous,0,continuous_scalar,0.02919900142343955,0.4297297297297298,0.0,0.0
67,2,5,5,0,5,continuous,0,continuous_scalar,0.023349854385676796,0.5154440154440154,0.010810810810810789,0.0
67,2,6,2,0,2,continuous,0,continuous_scalar,0.0003433591814692195,0.5552123552123551,0.0,0.0
67,2,7,4,0,4,categorical,3,threshold_binning,0.2593993167738405,0.71003861003861,0.002702702702702697,0.0
67,2,8,17,1,9,continuous,0,continuous_scalar,0.011371979144391772,0.594980694980695,0.0,0.0
67,2,9,19,2,1,categorical,3,threshold_binning,0.012039944163706918,0.5694980694980695,0.0,0.0
67,2,10,13,1,5,continuous,0,continuous_scalar,0.2583951275514988,0.9594594594594594,0.055135135135135196,0.0
67,2,11,29,3,5,continuous,0,continuous_scalar,0.10726076783669874,0.9459459459459459,0.08355212355212353,0.0
68,4,0,4,0,4,categorical,2,prototype_discretization,0.03325736428187743,0.3666666666666667,0.030714285714285694,0.015476190476190532
68,4,1,30,3,5,continuous,0,continuous_scalar,0.07893686517324587,0.4666666666666667,0.04452380952380954,0.028571428571428692
68,4,2,11,1,3,continuous,0,continuous_scalar,0.16383206378869908,0.3738095238095238,0.06166666666666667,0.03333333333333344
68,4,3,6,0,6,continuous,0,continuous_scalar,0.16477207371358416,0.46190476190476193,0.02857142857142856,-0.0011904761904761862
68,4,4,18,2,0,continuous,0,continuous_scalar,0.017977268855635043,0.3904761904761904,0.04880952380952386,0.0452380952380953
68,4,5,9,1,1,continuous,0,continuous_scalar,0.06374779162492494,0.38095238095238093,0.1147619047619048,0.016666666666666607
68,4,6,25,3,0,categorical,2,threshold_binning,0.11280486412233737,0.3416666666666667,0.006666666666666643,0.0035714285714285587
68,4,7,1,0,1,categorical,2,prototype_discretization,0.001416384900726342,0.21904761904761905,-0.007380952380952354,0.0035714285714285587
68,4,8,29,3,4,continuous,0,continuous_scalar,0.1158719774943085,0.5904761904761905,0.07357142857142862,0.016666666666666607
68,4,9,19,2,1,continuous,0,continuous_scalar,0.059425080369400654,0.2869047619047619,0.04976190476190483,0.010714285714285787
68,4,10,20,2,2,categorical,2,prototype_discretization,0.18387230708339927,0.43333333333333335,0.043333333333333404,0.0035714285714285587
68,4,11,12,1,4,continuous,0,continuous_scalar,0.0020662994933927045,0.23214285714285715,-0.0071428571428571175,-0.013095238095238049
68,4,12,5,0,5,continuous,0,continuous_scalar,0.00013493491477211422,0.26666666666666666,0.019285714285714285,0.021428571428571463
68,4,13,3,0,3,categorical,4,threshold_binning,1.5122690026689642e-05,0.2761904761904762,0.020000000000000018,0.028571428571428692
68,4,14,15,1,7,continuous,0,continuous_scalar,0.0018696014936698598,0.17976190476190476,-0.014761904761904688,-0.029761904761904656
69,4,0,26,2,8,continuous,0,continuous_scalar,0.18613903458498135,0.35954670329670335,0.1631295787545788,0.038461538461538436
69,4,1,19,2,1,continuous,0,continuous_scalar,0.07263182194952815,0.28777472527472525,0.03115842490842493,0.046760531135531136
69,4,2,3,0,3,continuous,0,continuous_scalar,0.12979154451953792,0.3768315018315018,-0.03432921245421241,-0.008298992673992589
69,4,3,33,3,6,continuous,0,continuous_scalar,0.16226963902883243,0.4308035714285714,0.09186126373626377,0.0036057692307692735
69,4,4,13,1,5,continuous,0,continuous_scalar,0.33198202073737726,0.3046016483516483,0.048202838827838865,-0.015625
69,4,5,24,2,6,continuous,0,continuous_scalar,0.001849412242851281,0.41626602564102566,0.014434523809523859,0.0036057692307692735
69,4,6,20,2,2,continuous,0,continuous_scalar,0.00035166577878174187,0.3573717948717948,0.0086080586080586,-0.015625
69,4,7,8,1,0,continuous,0,continuous_scalar,0.011959252098062917,0.16323260073260074,-0.025892857142857117,-0.03125
69,4,8,12,1,4,categorical,3,prototype_discretization,0.10302560906004693,0.4036172161172161,-0.025,-0.027529761904761862
70,2,0,12,1,4,categorical,2,prototype_discretization,0.008921114186913943,0.5825581395348837,0.006666666666666643,-0.01666666666666672
70,2,1,29,3,4,categorical,2,threshold_binning,0.0269769562814384,0.5813953488372093,0.05697674418604644,0.0
70,2,2,24,2,7,continuous,0,continuous_scalar,0.015659418870187933,0.49883720930232556,0.010310077519379846,0.011627906976744207
70,2,3,5,0,5,categorical,4,prototype_discretization,0.12140464046565523,0.5728682170542636,-0.0026356589147287224,-0.011627906976744207
70,2,4,2,0,2,categorical,2,threshold_binning,0.009356679758812025,0.5135658914728682,0.0,-0.005038759689922512
70,2,5,0,0,0,continuous,0,continuous_scalar,0.12290640920203232,0.5422480620155039,0.013333333333333286,-0.01666666666666672
70,2,6,20,2,3,continuous,0,continuous_scalar,0.2652326363431167,0.8585271317829457,0.19790697674418603,0.07325581395348835
70,2,7,1,0,1,continuous,0,continuous_scalar,1.3594090972839654e-05,0.43914728682170545,0.006666666666666643,0.005038759689922401
70,2,8,3,0,3,categorical,2,prototype_discretization,0.0033055546551792494,0.4744186046511628,-0.013333333333333374,-0.028294573643410814
70,2,9,9,1,1,continuous,0,continuous_scalar,8.522258787544166e-05,0.424031007751938,0.0,0.0
70,2,10,28,3,3,continuous,0,continuous_scalar,0.01624002767973921,0.5023255813953489,0.024961240310077494,0.011627906976744207
70,2,11,14,1,6,continuous,0,continuous_scalar,0.10322979211711732,0.6003875968992248,0.0017054263565890793,0.0
70,2,12,22,2,5,continuous,0,continuous_scalar,0.05177360831681065,0.5821705426356589,-0.009302325581395366,-0.005038759689922512
70,2,13,6,0,6,continuous,0,continuous_scalar,0.00031858797115977717,0.562015503875969,-0.0006201550387597621,-0.028294573643410814
70,2,14,15,1,7,continuous,0,continuous_scalar,0.25245778221928017,0.712015503875969,0.07465116279069761,0.011627906976744207
70,2,15,30,3,5,continuous,0,continuous_scalar,0.002117975253708746,0.42906976744186043,0.0,-0.01666666666666672
71,4,0,5,0,5,continuous,0,continuous_scalar,0.0003808273174579072,0.2688605571900766,0.009299516908212558,0.010869565217391242
71,4,1,26,3,5,categorical,2,prototype_discretization,0.0034088708903173676,0.2048054919908467,0.012870945479641117,-0.01388888888888884
71,4,2,15,2,0,continuous,0,continuous_scalar,0.12051142744103671,0.24233591224437906,0.05053485162180813,0.0426155969634231
71,4,3,12,1,4,continuous,0,continuous_scalar,0.3117499945461095,0.5219933892702772,0.021179760996694608,-0.003019323671497598
71,4,4,16,2,1,continuous,0,continuous_scalar,0.017468770954240414,0.18496876248592495,0.0021739130434782704,0.0
71,4,5,6,0,6,continuous,0,continuous_scalar,0.020018210621189244,0.24220424249028366,0.0,0.010869565217391242
71,4,6,24,3,3,categorical,3,prototype_discretization,0.21208015070070269,0.5673558897243108,0.12204968944099379,0.02570738440303655
71,4,7,22,3,1,continuous,0,continuous_scalar,0.03987925124479159,0.5762958119937525,0.047367512985361904,-0.017857142857142905
71,4,8,9,1,1,categorical,3,threshold_binning,0.015184831795362664,0.3079710144927536,-0.011111111111111072,0.010869565217391242
71,4,9,18,2,3,categorical,3,threshold_binning,0.15369097878181806,0.5320048309178744,0.04597998619737749,0.007850241545893755
71,4,10,19,2,4,continuous,0,continuous_scalar,0.0037996794537352215,0.13932476117830808,0.026190476190476143,0.0
71,4,11,28,3,7,continuous,0,continuous_scalar,0.09269039326662085,0.26458810068649885,0.1982746721877157,0.010869565217391242
71,4,12,25,3,4,continuous,0,continuous_scalar,0.004171024073848572,0.5374759362173549,0.030479277904907186,-0.0007309941520468044
71,4,13,17,2,2,continuous,0,continuous_scalar,0.004965588912769205,0.545457847517344,0.04259834368530022,-0.003019323671497598
72,4,0,10,1,2,categorical,4,prototype_discretization,0.03291553616097413,0.30043077837195487,0.02151702786377725,0.0198423867154518
72,4,1,18,2,4,continuous,0,continuous_scalar,0.0036224175541549105,0.2601987365919255,0.012341683084717215,0.014705882352941346
72,4,2,28,3,7,continuous,0,continuous_scalar,0.08210329673204898,0.3335756950308034,0.09786565343840896,-0.02631578947368407
72,4,3,9,1,1,continuous,0,continuous_scalar,0.23980785794645615,0.47515010789004597,0.01185930512555906,0.0007309941520469154
72,4,4,20,2,6,categorical,2,prototype_discretization,0.1702250830353001,0.31417112299465244,0.004207711792851265,-0.024275260343371796
72,4,5,19,2,5,continuous,0,continuous_scalar,0.007480205467528638,0.30831144259936827,0.02628998968008269,0.03095975232198156
72,4,6,15,2,1,continuous,0,continuous_scalar,0.03421899660388475,0.2552068674359696,0.027846577227382242,-0.02786377708978316
72,4,7,12,1,4,continuous,0,continuous_scalar,0.030344085626564522,0.5382814210213591,0.0009287925696595423,0.03095975232198156
72,4,8,8,1,0,continuous,0,continuous_scalar,0.03163172289900611,0.26623823373049377,0.023472339494011417,-0.025823247959470885
72,4,9,26,3,5,continuous,0,continuous_scalar,0.005949449232083516,0.2128756606310786,0.052141382868937144,0.08432232542139673
72,4,10,7,0,7,continuous,0,continuous_scalar,0.2442117024016953,0.4709439597210495,0.02055383556931556,0.030142758857929275
72,4,11,2,0,2,continuous,0,continuous_scalar,0.042352810304831665,0.23951199299496514,0.0343309253525973,0.03218328798824166
72,4,12,14,2,0,categorical,2,threshold_binning,0.04433130824784139,0.3244949494949495,-0.012271320011257992,0.024275260343372018
72,4,13,16,2,2,continuous,0,continuous_scalar,0.02791926810555501,0.5955569628170247,0.0027300872502111773,-0.021179285111173618
72,4,14,17,2,3,continuous,0,continuous_scalar,0.0028862596820748427,0.2309589705100541,0.028482972136223018,0.02786377708978338
73,4,0,29,3,6,continuous,0,continuous_scalar,0.08875343004132015,0.3453375668449198,-0.006250000000000045,-0.026988636363636465
73,4,1,13,1,5,continuous,0,continuous_scalar,0.0784639847530577,0.2751504010695187,-0.022727272727272818,0.0
73,4,2,15,1,7,continuous,0,continuous_scalar,0.05496664966822563,0.3524398395721925,-0.01846590909090917,-0.011363636363636465
73,4,3,6,0,6,continuous,0,continuous_scalar,0.09263855755803622,0.2690508021390374,0.01619318181818181,-0.026988636363636465
73,4,4,5,0,5,continuous,0,continuous_scalar,0.1920016513838993,0.56600935828877,0.021590909090909084,0.0
73,4,5,14,1,6,continuous,0,continuous_scalar,0.01850173394535265,0.4811163101604278,-0.0058823529411765165,0.0
73,4,6,17,2,0,continuous,0,continuous_scalar,0.015958662717600595,0.6498161764705883,-0.01128008021390381,0.0
73,4,7,26,3,3,continuous,0,continuous_scalar,0.2490462902856602,0.42538435828877,-0.00625,-0.015625
73,4,8,4,0,4,categorical,2,threshold_binning,0.04042892439724151,0.3890374331550802,0.0,0.0
73,4,9,31,3,8,continuous,0,continuous_scalar,0.1613991224265156,0.3695688502673797,-0.004545454545454586,0.0
73,4,10,7,0,7,continuous,0,continuous_scalar,0.006038258647850724,0.2865975935828877,0.0,0.0
73,4,11,27,3,4,continuous,0,continuous_scalar,0.0018027341752397251,0.26345254010695185,-0.011163101604278114,-0.026988636363636465
74,3,0,0,0,0,continuous,0,continuous_scalar,0.21916463245967127,0.7288676236044657,0.014035087719298156,0.01754385964912264
74,3,1,8,1,0,continuous,0,continuous_scalar,0.0001967121711905077,0.6555023923444976,0.003030303030302939,0.0
74,3,2,19,2,4,categorical,2,prototype_discretization,0.0027708028013260703,0.36443381180223283,0.0,0.0
74,3,3,14,1,6,categorical,2,threshold_binning,0.14115344480606346,0.6515151515151515,0.0,0.0
74,3,4,23,2,8,continuous,0,continuous_scalar,0.00013287367355511388,0.6810207336523127,0.009090909090909084,0.0
74,3,5,26,3,2,continuous,0,continuous_scalar,0.004391742092172985,0.2751196172248804,0.0,0.0
74,3,6,15,2,0,continuous,0,continuous_scalar,0.22398497946019014,0.5980861244019139,0.01961722488038271,0.0
74,3,7,10,1,2,continuous,0,continuous_scalar,0.0014694751520369922,0.34529505582137165,0.007017543859649056,0.0
74,3,8,25,3,1,categorical,3,prototype_discretization,0.0002178687212662499,0.5606060606060606,0.017543859649122685,0.0
74,3,9,30,3,6,continuous,0,continuous_scalar,0.2807016470653311,0.934609250398724,0.23732057416267938,0.05023923444976064
74,3,10,29,3,5,categorical,4,threshold_binning,0.000119173023061543,0.6810207336523125,0.007017543859649056,0.0
74,3,11,18,2,3,continuous,0,continuous_scalar,0.12569664857413462,0.4154704944178629,0.09585326953748001,0.015151515151515138
75,2,0,11,1,3,continuous,0,continuous_scalar,0.23790732159041234,0.47023809523809523,-0.0011904761904761862,0.017857142857142794
75,2,1,22,2,8,continuous,0,continuous_scalar,0.5732687743749587,0.9047619047619048,0.45714285714285713,0.38095238095238093
75,2,2,1,0,1,categorical,2,threshold_binning,0.01544938431372522,0.47023809523809523,0.0,0.017857142857142794
75,2,3,15,2,1,continuous,0,continuous_scalar,0.09147524139736914,0.5892857142857143,0.036904761904761954,0.04166666666666674
75,2,4,9,1,1,categorical,2,prototype_discretization,0.007801261774085062,0.5,0.0,0.005952380952380931
75,2,5,7,0,7,continuous,0,continuous_scalar,0.027621379276484507,0.43452380952380953,-0.004761904761904745,0.0
75,2,6,13,1,5,continuous,0,continuous_scalar,0.018729379505269487,0.5833333333333333,0.0011904761904761862,0.0
75,2,7,5,0,5,categorical,2,threshold_binning,0.0070687896035730256,0.5059523809523809,0.017857142857142794,0.017857142857142794
75,2,8,12,1,4,continuous,0,continuous_scalar,0.020678468164122485,0.5416666666666667,-0.005952380952380931,-0.011904761904761862
76,3,0,3,0,3,continuous,0,continuous_scalar,0.030381470122859956,0.19907773386034255,-0.009090909090909016,-0.015151515151515027
76,3,1,6,0,6,categorical,2,threshold_binning,0.003486973607846412,0.32367149758454106,0.0,0.0
76,3,2,27,3,3,continuous,0,continuous_scalar,0.02839554771909045,0.43719806763285024,0.03852437417654812,0.015151515151515249
76,3,3,11,1,3,continuous,0,continuous_scalar,0.26480936310462344,0.7700043917435222,0.11087395696091348,0.03671497584541061
76,3,4,28,3,4,continuous,0,continuous_scalar,0.3069482365316533,0.8063680281071585,0.12203776899429071,-0.00873956960913469
76,3,5,2,0,2,continuous,0,continuous_scalar,0.02978159222974695,0.3502415458937198,-0.009020641194554235,0.01449275362318847
76,3,6,4,0,4,continuous,0,continuous_scalar,0.003576336334846486,0.3267018006148441,0.0025032938076417154,0.015151515151515249
76,3,7,7,0,7,categorical,2,threshold_binning,0.17372123442039852,0.6515151515151515,0.0066930171277997715,-0.015810276679841806
76,3,8,12,1,4,continuous,0,continuous_scalar,0.0017582432604855004,0.3267018006148441,0.00303030303030305,0.015151515151515249
76,3,9,15,2,1,continuous,0,continuous_scalar,0.0030770014631183204,0.33280632411067196,0.0,0.0
76,3,10,16,2,2,continuous,0,continuous_scalar,0.11136886930814996,0.4082125603864734,0.01892841458058856,0.01449275362318847
76,3,11,30,3,6,continuous,0,continuous_scalar,0.008434908243611646,0.43715415019762843,4.4408920985006264e-17,0.015151515151515249
76,3,12,10,1,2,continuous,0,continuous_scalar,0.03426022365356908,0.3533596837944664,0.002898550724637694,0.0
77,3,0,14,1,6,continuous,0,continuous_scalar,0.1519563308244544,0.3245614035087719,0.038596491228070254,-0.01388888888888884
77,3,1,24,3,0,continuous,0,continuous_scalar,0.2605858719043671,0.5906432748538011,0.37207602339181295,0.25950292397660835
77,3,2,7,0,7,continuous,0,continuous_scalar,0.0030383070434115266,0.3355263157894737,-0.01388888888888884,-0.03143274853801159
77,3,3,5,0,5,categorical,2,threshold_binning,0.018817450387387965,0.43274853801169594,0.01403508771929829,-0.01754385964912275
77,3,4,17,2,0,continuous,0,continuous_scalar,0.14962574479839055,0.3881578947368421,0.0710526315789475,0.01754385964912286
77,3,5,25,3,1,continuous,0,continuous_scalar,0.12726297891311306,0.4612573099415204,0.017397660818713544,0.003654970760234022
77,3,6,2,0,2,categorical,2,threshold_binning,0.01723151254702053,0.3538011695906433,0.0,0.0
77,3,7,21,2,4,categorical,2,prototype_discretization,0.19358674278609445,0.5,0.08918128654970767,0.0
77,3,8,4,0,4,categorical,2,prototype_discretization,0.011597503405466138,0.3940058479532164,0.0,0.0
77,3,9,30,3,6,categorical,2,prototype_discretization,0.009266495490328151,0.47368421052631576,0.010526315789473717,0.021198830409356884
77,3,10,26,3,2,continuous,0,continuous_scalar,0.05703106189996612,0.40204678362573104,0.09035087719298256,0.07017543859649134
78,4,0,22,2,4,continuous,0,continuous_scalar,0.07869876117483704,0.47023026315789473,0.007631578947368522,1.1102230246251565e-16
78,4,1,1,0,1,categorical,4,threshold_binning,0.2520360033807456,0.43125,0.1538486842105264,0.028782894736842257
78,4,2,25,2,7,continuous,0,continuous_scalar,0.4851315879439444,0.4990131578947368,0.41661184210526325,0.24342105263157898
78,4,3,2,0,2,continuous,0,continuous_scalar,0.07669770660476605,0.32516447368421053,0.015657894736842204,0.03947368421052633
78,4,4,31,3,3,continuous,0,continuous_scalar,0.08835096591449554,0.3483552631578948,0.08088815789473695,-0.01628289473684197
78,4,5,5,0,5,continuous,0,continuous_scalar,0.002794087843640984,0.19638157894736843,-0.007894736842105222,-0.013157894736842035
78,4,6,29,3,1,continuous,0,continuous_scalar,0.007603174018836215,0.26825657894736843,-0.0031249999999999555,0.013157894736842257
78,4,7,33,3,5,continuous,0,continuous_scalar,0.008687713118734113,0.27828947368421053,-0.027532894736842017,0.0
79,3,0,3,0,3,continuous,0,continuous_scalar,0.10354659841459025,0.43924191750278707,0.00936454849498325,0.011148272017837302
79,3,1,0,0,0,categorical,2,prototype_discretization,0.0023482633768323264,0.3043478260869565,0.0,-0.012820512820512775
79,3,2,13,1,5,categorical,4,threshold_binning,0.09834840314412815,0.5362318840579711,0.009253065774804892,-0.04180602006688949
79,3,3,11,1,3,categorical,3,threshold_binning,0.047526017757113445,0.36231884057971014,-0.00992196209587517,0.0
79,3,4,30,3,8,continuous,0,continuous_scalar,0.06116196525423387,0.3617614269788183,-0.034336677814938654,0.0
79,3,5,25,3,3,continuous,0,continuous_scalar,0.08954270401636509,0.5100334448160535,0.12965440356744712,0.09308807134894082
79,3,6,31,3,9,continuous,0,continuous_scalar,0.03874397049606206,0.43756967670011154,0.05273132664437015,0.027313266443701245
79,3,7,4,0,4,continuous,0,continuous_scalar,0.008802699337926942,0.2653288740245262,-0.005797101449275343,-0.02898550724637672
79,3,8,19,2,3,continuous,0,continuous_scalar,0.0590622911828664,0.2959866220735786,0.008918617614269797,0.0
79,3,9,7,0,7,continuous,0,continuous_scalar,0.008697783062108999,0.4275362318840579,0.0,-0.01114827201783719
79,3,10,14,1,6,continuous,0,continuous_scalar,0.2367527196420268,0.4827201783723523,0.049609810479375696,0.041806020066889604
79,3,11,2,0,2,categorical,3,prototype_discretization,0.04500645506506946,0.36231884057971014,0.004459308807134921,-0.02898550724637672
79,3,12,27,3,5,continuous,0,continuous_scalar,0.03883402938372236,0.35228539576365664,0.0636566332218506,0.027313266443701245
79,3,13,17,2,1,continuous,0,continuous_scalar,0.00650821448150597,0.2636566332218506,-0.01571906354515047,-0.027313266443701245
79,3,14,18,2,2,continuous,0,continuous_scalar,0.14690192668554666,0.5518394648829431,0.02541806020066888,-0.014492753623188248
79,3,15,15,1,7,continuous,0,continuous_scalar,0.008215958699901228,0.2876254180602007,-0.007023411371237453,0.0
80,2,0,7,0,7,continuous,0,continuous_scalar,0.0033260381010950086,0.4389705882352941,0.032205882352941174,0.012499999999999956
80,2,1,14,1,6,continuous,0,continuous_scalar,0.0017251430387348252,0.5477941176470589,0.003823529411764692,0.0
80,2,2,27,3,1,continuous,0,continuous_scalar,0.12926629067545248,0.8933823529411764,0.11485294117647056,0.014705882352941124
80,2,3,13,1,5,continuous,0,continuous_scalar,0.0235031021473704,0.3698529411764706,0.013823529411764702,0.012499999999999956
80,2,4,15,1,7,continuous,0,continuous_scalar,0.1302871990218357,0.9036764705882353,0.04102941176470589,-0.014705882352941124
80,2,5,22,2,6,continuous,0,continuous_scalar,0.140236912876298,0.5441176470588236,0.002499999999999991,0.012499999999999956
80,2,6,4,0,4,continuous,0,continuous_scalar,0.19546954155150348,0.5610294117647059,0.01749999999999994,0.0
80,2,7,24,2,8,continuous,0,continuous_scalar,0.003959795889579228,0.5963235294117647,-0.0038235294117647143,0.0
80,2,8,1,0,1,categorical,5,threshold_binning,0.10992570120967371,0.8080882352941177,0.021323529411764696,0.012499999999999956
80,2,9,9,1,1,continuous,0,continuous_scalar,0.11576441569632075,0.6110294117647059,0.01955882352941172,0.012499999999999956
80,2,10,21,2,5,categorical,2,prototype_discretization,0.0006514906940117922,0.4713235294117647,0.0,0.0
80,2,11,2,0,2,categorical,3,threshold_binning,0.016164218859177643,0.5522058823529412,0.0,0.0
80,2,12,28,3,2,continuous,0,continuous_scalar,0.12972015023894704,0.5941176470588235,0.004558823529411749,0.012499999999999956
81,2,0,21,2,6,continuous,0,continuous_scalar,0.002242530361187019,0.5208333333333333,0.0,0.0
81,2,1,6,0,6,continuous,0,continuous_scalar,0.15608087961706055,0.8504464285714286,0.014285714285714258,0.0
81,2,2,15,2,0,continuous,0,continuous_scalar,0.13279245189369554,0.4799107142857143,-0.003125,0.0
81,2,3,16,2,1,continuous,0,continuous_scalar,0.03973068488590678,0.546875,0.0,0.015625
81,2,4,9,1,1,continuous,0,continuous_scalar,0.0021220426040563433,0.4375,0.0,0.0
81,2,5,22,2,7,continuous,0,continuous_scalar,0.0006718301141302131,0.4650297619047619,0.0,0.0
81,2,6,26,3,2,continuous,0,continuous_scalar,0.09123427750628878,0.5907738095238095,-0.009375,0.0
81,2,7,31,3,7,continuous,0,continuous_scalar,0.1231783050854321,0.4575892857142857,0.015625,-0.015625
81,2,8,28,3,4,continuous,0,continuous_scalar,0.12791756703334758,0.8660714285714286,0.1622023809523809,0.04315476190476186
81,2,9,11,1,3,continuous,0,continuous_scalar,0.13167735334883385,0.578125,-0.0125,0.0
81,2,10,17,2,2,continuous,0,continuous_scalar,0.01032704067906913,0.5163690476190477,0.0,-0.015625
81,2,11,19,2,4,continuous,0,continuous_scalar,0.11067040505910661,0.8020833333333333,0.11086309523809516,0.0
81,2,12,8,1,0,continuous,0,continuous_scalar,0.0713546318118855,0.5796130952380952,-0.0125,0.0
82,2,0,2,0,2,continuous,0,continuous_scalar,0.12160533264145378,0.617117117117117,0.1572072072072072,0.1207207207207206
82,2,1,27,3,3,continuous,0,continuous_scalar,0.053076712047281246,0.6378378378378378,0.07495495495495492,0.006306306306306242
82,2,2,18,2,1,continuous,0,continuous_scalar,0.05748481465402585,0.5306306306306307,0.016486486486486474,-0.013513513513513598
82,2,3,9,1,1,categorical,3,prototype_discretization,0.005935277957042826,0.386936936936937,0.0,0.0
82,2,4,28,3,4,categorical,2,prototype_discretization,0.007332554293619252,0.42117117117117114,-0.008108108108108159,0.0
82,2,5,7,0,7,categorical,3,threshold_binning,0.11217123586049292,0.5351351351351352,-0.008108108108108159,0.0
82,2,6,14,1,6,continuous,0,continuous_scalar,0.08225882285118978,0.5981981981981982,0.0776576576576576,0.033333333333333215
82,2,7,1,0,1,continuous,0,continuous_scalar,0.001632821093679255,0.5495495495495495,-0.005405405405405439,-0.013513513513513598
82,2,8,26,3,2,continuous,0,continuous_scalar,0.11073297574154335,0.6013513513513513,0.08621621621621615,0.003153153153153121
82,2,9,15,1,7,continuous,0,continuous_scalar,0.4465654916210157,0.7220720720720721,0.02522522522522519,0.0
82,2,10,19,2,2,continuous,0,continuous_scalar,0.0012039612386560324,0.4027027027027027,-0.0008108108108108691,-0.013513513513513598
83,3,0,29,3,5,continuous,0,continuous_scalar,0.26265943469297404,0.8590009024791634,0.3527313266443701,0.10115729680947083
83,3,1,5,0,5,continuous,0,continuous_scalar,0.20665219755742595,0.748367574454531,0.01648351648351649,0.0
83,3,2,23,2,6,continuous,0,continuous_scalar,0.01111757121085041,0.2861389817911557,-0.011594202898550777,-0.01449275362318847
83,3,3,7,0,7,categorical,2,prototype_discretization,0.003197063975734376,0.3612040133779264,0.0,-0.01449275362318847
83,3,4,8,1,0,continuous,0,continuous_scalar,0.011968583059461774,0.3235122365557148,-0.011594202898550754,-0.01449275362318847
83,3,5,11,1,3,continuous,0,continuous_scalar,0.0014790934746428167,0.39677230981578804,-0.0010033444816053504,-0.01449275362318847
83,3,6,26,3,2,continuous,0,continuous_scalar,0.06027479193378781,0.23071614375962202,-0.006131549609810461,0.0
83,3,7,1,0,1,categorical,4,threshold_binning,0.11556101774702075,0.38405797101449274,-0.013823857302118192,0.0
83,3,8,16,1,8,categorical,2,threshold_binning,0.08750966330860088,0.32943143812709025,0.002564102564102555,-0.0016722408026755842
83,3,9,13,1,5,continuous,0,continuous_scalar,0.21179436485001676,0.7901735945214207,0.024627063757498523,-0.01449275362318847
83,3,10,2,0,2,continuous,0,continuous_scalar,0.008637840997356015,0.35220576524924346,0.0,0.0
83,3,11,0,0,0,continuous,0,continuous_scalar,0.017394211420673756,0.47061634018155757,-0.002898550724637694,0.0
83,3,12,27,3,3,continuous,0,continuous_scalar,0.0017541657714546554,0.2819981950416733,0.0,-0.01449275362318847
84,4,0,29,3,5,continuous,0,continuous_scalar,0.2759114611784754,0.8137388926862611,0.17170198222829797,0.052631578947368474
84,4,1,3,0,3,continuous,0,continuous_scalar,0.09734560930031873,0.3416780587833219,0.03533834586466165,0.013157894736842146
84,4,2,21,2,3,continuous,0,continuous_scalar,0.0021417362987556725,0.3285201640464798,0.013157894736842146,0.013157894736842146
84,4,3,2,0,2,continuous,0,continuous_scalar,0.19901943985262557,0.4497607655502392,0.031630211893369786,0.044172932330827086
84,4,4,6,0,6,continuous,0,continuous_scalar,0.0019546061121797718,0.32023239917976765,0.0,0.0
84,4,5,9,1,1,continuous,0,continuous_scalar,0.20183046951599393,0.5496411483253588,0.04808612440191384,0.0
84,4,6,23,2,5,categorical,3,threshold_binning,0.20513152388438954,0.5544258373205742,0.04441216678058781,0.0
84,4,7,22,2,4,continuous,0,continuous_scalar,0.01666515385726137,0.28810663021189337,0.009808612440191378,0.03101503759398494
85,2,0,1,0,1,categorical,2,prototype_discretization,0.02363278831528415,0.43311195445920303,-0.012618595825426926,-0.032258064516129004
85,2,1,33,3,8,continuous,0,continuous_scalar,0.02296347282544805,0.6299810246679317,0.021726755218216275,0.0
85,2,2,25,3,0,continuous,0,continuous_scalar,0.15673255191155175,0.603415559772296,0.03652751423149907,-0.032258064516129004
85,2,3,31,3,6,categorical,2,threshold_binning,0.010107117264376476,0.47296015180265655,-0.015559772296015151,-0.016129032258064502
85,2,4,30,3,5,continuous,0,continuous_scalar,0.03677594095184088,0.5683111954459203,-0.020588235294117664,-0.016129032258064502
85,2,5,17,2,2,continuous,0,continuous_scalar,0.17926820492777526,0.6166982922201139,0.034345351043643224,-0.016129032258064502
85,2,6,26,3,1,continuous,0,continuous_scalar,0.1581807362336394,0.6622390891840607,0.11480075901328275,-0.016129032258064502
85,2,7,23,2,8,continuous,0,continuous_scalar,0.049780218484619526,0.41555977229601515,-0.01963946869070208,-0.016129032258064502
85,2,8,22,2,7,categorical,3,threshold_binning,0.01151238903411038,0.5379506641366224,-0.021157495256166968,-0.030834914611005626
85,2,9,29,3,4,continuous,0,continuous_scalar,0.06313403257249058,0.631404174573055,-0.011764705882352922,-0.030834914611005626
85,2,10,0,0,0,categorical,3,threshold_binning,0.020243256404231993,0.47106261859582543,-0.017647058823529394,-0.030834914611005626
85,2,11,7,0,7,categorical,2,threshold_binning,0.05144724872120455,0.603415559772296,-0.015844402277039826,-0.030834914611005626
85,2,12,15,2,0,continuous,0,continuous_scalar,0.023668409542847282,0.5199240986717267,-0.008823529411764675,-0.016129032258064502
85,2,13,5,0,5,categorical,4,prototype_discretization,0.0011121769742781528,0.4829222011385199,0.002941176470588225,-0.01755218216318788
85,2,14,8,1,0,continuous,0,continuous_scalar,0.19144145583630157,0.5887096774193548,-0.0040796963946869045,0.0014231499051233776
86,2,0,18,2,2,continuous,0,continuous_scalar,0.001289561809227649,0.5181818181818182,0.0,0.0
86,2,1,9,1,1,continuous,0,continuous_scalar,0.2433251500267489,0.9428571428571428,0.008571428571428608,0.0
86,2,2,28,3,4,categorical,3,prototype_discretization,0.0002926295457618011,0.4731601731601731,0.0,0.0
86,2,3,25,3,1,categorical,4,threshold_binning,0.19154175413276672,0.9142857142857144,0.12251082251082253,0.014285714285714346
86,2,4,29,3,5,continuous,0,continuous_scalar,0.008876904519568985,0.6038961038961039,0.0028571428571428693,0.0
86,2,5,7,0,7,continuous,0,continuous_scalar,0.011620880609586418,0.5155844155844156,0.0030303030303030277,0.0
86,2,6,6,0,6,continuous,0,continuous_scalar,8.89221013613317e-05,0.42467532467532465,0.009090909090909084,0.0
86,2,7,12,1,4,categorical,2,prototype_discretization,0.0018270400380978199,0.4800865800865801,0.0,0.0
86,2,8,20,2,4,continuous,0,continuous_scalar,0.227383292319985,0.8528138528138528,0.062251082251082245,0.04372294372294372
86,2,9,19,2,3,continuous,0,continuous_scalar,2.9803745562982397e-05,0.5744588744588744,0.0,0.0
86,2,10,21,2,5,categorical,3,prototype_discretization,0.011195354684243087,0.5523809523809524,0.009090909090909084,0.015151515151515138
86,2,11,8,1,0,continuous,0,continuous_scalar,0.002300485418530133,0.5164502164502165,0.0,0.0
86,2,12,23,2,7,continuous,0,continuous_scalar,0.000404741629311986,0.4575757575757576,0.0028571428571428693,0.0
86,2,13,11,1,3,continuous,0,continuous_scalar,0.006554218699980925,0.396969696969697,0.008571428571428608,0.0
86,2,14,0,0,0,continuous,0,continuous_scalar,0.29325108644374054,0.8554112554112554,0.026406926406926434,0.014285714285714346
86,2,15,10,1,2,continuous,0,continuous_scalar,1.817427552567649e-05,0.40779220779220776,0.0,0.0
87,3,0,28,3,3,continuous,0,continuous_scalar,0.012407431916283056,0.4901960784313726,0.1596316102198455,0.04587046939988115
87,3,1,23,2,6,categorical,2,prototype_discretization,0.14426459996803095,0.4839572192513369,0.06652406417112296,0.02626262626262621
87,3,2,30,3,5,categorical,4,prototype_discretization,0.0004769438152926857,0.3477718360071301,0.00242424242424244,0.004040404040404066
87,3,3,17,2,0,continuous,0,continuous_scalar,0.03600814349425833,0.3784313725490196,0.018348187759952485,-0.022222222222222143
87,3,4,32,3,7,continuous,0,continuous_scalar,0.21692558572351908,0.509744503862151,0.10285204991087342,0.002614379084967311
87,3,5,21,2,4,continuous,0,continuous_scalar,0.0011783363807877914,0.27456922162804515,-0.007272727272727231,-0.022222222222222143
87,3,6,13,1,5,categorical,4,threshold_binning,0.16786741447247078,0.47629233511586455,-0.0058585858585858295,-0.022222222222222143
87,3,7,3,0,3,continuous,0,continuous_scalar,0.14568949376657742,0.36369578134284025,0.06584670231729053,-0.015151515151515138
87,3,8,19,2,2,continuous,0,continuous_scalar,0.1369415729937918,0.43321449792038025,0.04377896613190728,0.0236482471776589
87,3,9,25,3,0,continuous,0,continuous_scalar,0.13824047746898813,0.42549019607843136,0.019964349376114066,-0.011111111111111072
88,3,0,20,2,5,continuous,0,continuous_scalar,0.1965268717558831,0.5485527544351073,0.034538663950428726,0.015873015873015817
88,3,1,24,2,9,categorical,2,threshold_binning,0.0002159006562234073,0.3449197860962567,-0.0031746031746031633,-0.03174603174603163
88,3,2,2,0,2,categorical,4,prototype_discretization,0.14967867855764763,0.5819964349376114,-0.027179356591121317,-0.03174603174603163
88,3,3,16,2,1,continuous,0,continuous_scalar,0.002322377889054924,0.34997029114676176,-0.003318903318903277,-0.015873015873015817
88,3,4,27,3,2,continuous,0,continuous_scalar,0.09347268271219922,0.4323486970545794,0.19522960699431288,0.02656820303879126
88,3,5,8,1,0,continuous,0,continuous_scalar,0.0008451969549070327,0.39614633732280796,0.00909090909090915,0.0
88,3,6,3,0,3,categorical,2,threshold_binning,0.022327691501153876,0.4447415329768271,0.00303030303030305,-0.03548085901027065
88,3,7,18,2,3,continuous,0,continuous_scalar,0.12708759412905424,0.3100331041507512,0.06984126984126988,-0.005177828707240373
88,3,8,12,1,4,categorical,3,prototype_discretization,0.050328955470276514,0.30400645106527463,-0.022222222222222143,-0.03174603174603163
88,3,9,30,3,5,continuous,0,continuous_scalar,0.2260175366009638,0.6378915202444615,0.3035311094134624,0.12711145064086238
88,3,10,14,1,6,continuous,0,continuous_scalar,0.045624401797462785,0.3030727442492149,-0.018113912231559226,-0.004456327985739694
88,3,11,1,0,1,continuous,0,continuous_scalar,0.08555211197517346,0.35837365249129954,-0.009668109668109626,-0.0007215007215006786
89,2,0,8,1,0,categorical,2,prototype_discretization,0.005487340840947314,0.5666666666666667,-0.006666666666666643,0.03333333333333344
89,2,1,16,1,8,continuous,0,continuous_scalar,0.08916067113854191,0.5809523809523809,0.008095238095238178,-0.004761904761904745
89,2,2,2,0,2,continuous,0,continuous_scalar,0.09237628922271585,0.5738095238095238,0.018571428571428662,0.040476190476190554
89,2,3,28,3,0,continuous,0,continuous_scalar,0.17896870825405217,0.7404761904761905,0.08809523809523818,0.06190476190476202
89,2,4,9,1,1,continuous,0,continuous_scalar,0.018041895615998758,0.4452380952380952,0.0004761904761904967,-0.016666666666666607
89,2,5,31,3,3,categorical,4,threshold_binning,0.0315499979445713,0.55,-0.006666666666666643,0.01666666666666683
89,2,6,17,1,9,categorical,3,prototype_discretization,0.2552177332292711,0.5595238095238095,0.0009523809523810156,0.01666666666666683
89,2,7,10,1,2,continuous,0,continuous_scalar,0.02856746379861068,0.5547619047619048,4.4408920985006264e-17,0.0
89,2,8,33,3,5,continuous,0,continuous_scalar,0.07207293029831731,0.5,-0.004761904761904678,0.028571428571428692
89,2,9,34,3,6,continuous,0,continuous_scalar,0.21087218033040603,0.719047619047619,0.17000000000000012,0.10952380952380958
89,2,10,27,2,9,continuous,0,continuous_scalar,0.01768478932656761,0.4976190476190476,-0.011428571428571366,0.01666666666666683
90,4,0,11,1,3,continuous,0,continuous_scalar,0.1308993707071593,0.31509443242179813,0.014696537477867389,-0.02488687782805421
90,4,1,18,2,4,categorical,3,prototype_discretization,0.10292781967324069,0.4,0.02943143812709035,-0.018352842809364556
90,4,2,1,0,1,categorical,2,threshold_binning,0.04840798340115218,0.33653846153846156,0.0010781034821955692,-0.027781329923273645
90,4,3,23,3,2,categorical,3,threshold_binning,0.2475998867412555,0.3729096989966555,0.10487507377532954,0.012802478851072219
90,4,4,14,2,0,categorical,3,prototype_discretization,0.027511500030319148,0.38231605351170567,0.044747196537477885,-0.05567578201849299
90,4,5,15,2,1,continuous,0,continuous_scalar,0.06637776693265825,0.2536494196340744,0.04202587054888849,0.06950373795002951
90,4,6,8,1,0,categorical,2,threshold_binning,0.001252668802792145,0.28846153846153844,-0.006020066889632103,0.03173076923076923
90,4,7,10,1,2,continuous,0,continuous_scalar,0.05447415303681278,0.27856580759394056,0.03683995671847334,0.0023190045248868696
90,4,8,19,2,5,categorical,3,threshold_binning,0.038202718189356,0.32884615384615384,0.003951898485146566,-0.019420125909895725
90,4,9,9,1,1,continuous,0,continuous_scalar,0.01784283681304478,0.25730867597875273,0.00032461144993110034,0.015008361204013387
90,4,10,3,0,3,continuous,0,continuous_scalar,0.07411418166214388,0.39767361794216016,-0.020950718079874097,-0.01539445209521939
90,4,11,16,2,2,categorical,2,prototype_discretization,0.009418697167678656,0.3426470588235294,0.01354810151485344,-0.06403698603187102
90,4,12,7,0,7,categorical,4,threshold_binning,0.11755495607399756,0.4045814479638009,0.00790330513476294,0.03173076923076923
90,4,13,13,1,5,categorical,2,threshold_binning,0.06341546076838916,0.3980769230769231,0.0158853039543577,0.01539445209521939
91,4,0,18,2,1,continuous,0,continuous_scalar,0.0007688589727339807,0.3077915376676986,0.005228758169934689,0.0
91,4,1,26,2,9,continuous,0,continuous_scalar,0.007372287794773466,0.19349845201238391,0.0029411764705883137,-0.013071895424836555
91,4,2,10,1,2,continuous,0,continuous_scalar,0.007893009787162682,0.16855865153078775,-0.012074303405572718,-0.042483660130718914
91,4,3,20,2,3,categorical,4,prototype_discretization,0.03253409161180287,0.3235294117647059,0.01842105263157894,-0.02777777777777768
91,4,4,15,1,7,continuous,0,continuous_scalar,0.3526791220013057,0.7101823185414516,0.12332301341589273,0.12745098039215685
91,4,5,22,2,5,categorical,2,prototype_discretization,0.0005593110509812282,0.3111455108359133,0.022549019607843213,-0.042483660130718914
91,4,6,19,2,2,continuous,0,continuous_scalar,0.001391623939053219,0.35517715858273136,0.03856209150326802,-0.042483660130718914
91,4,7,1,0,1,categorical,2,prototype_discretization,0.0010360871339179316,0.293859649122807,0.01111111111111116,0.0277777777777779
91,4,8,4,0,4,categorical,3,threshold_binning,0.23230177902384958,0.34038527691778464,0.08283453732370136,0.08505331957344342
91,4,9,7,0,7,continuous,0,continuous_scalar,0.06598306978781551,0.3403852769177847,0.03603371173030614,0.013071895424836666
91,4,10,8,1,0,continuous,0,continuous_scalar,0.047500284714032996,0.31948744410044716,0.060302717578259425,-0.016167870657034733
91,4,11,3,0,3,continuous,0,continuous_scalar,0.011836353306366804,0.2769177846577227,-0.011111111111111072,-0.02777777777777768
91,4,12,24,2,7,continuous,0,continuous_scalar,0.23290433725954432,0.7772617819057447,0.42086343309253527,0.22239422084623328
91,4,13,17,2,0,continuous,0,continuous_scalar,0.005239783616659715,0.24217406260749913,-0.011111111111111072,-0.014705882352941124
92,2,0,16,2,2,continuous,0,continuous_scalar,0.09327041616370593,0.5897565922920893,0.030831643002028432,0.012170385395537608
92,2,1,25,3,5,categorical,2,threshold_binning,0.060476974224009966,0.6090263691683571,0.01409736308316436,-0.051724137931034475
92,2,2,15,2,1,continuous,0,continuous_scalar,0.1682951511586751,0.648580121703854,0.10841784989858014,0.09787018255578095
92,2,3,24,3,4,continuous,0,continuous_scalar,0.0754233484866959,0.6734279918864097,0.04908722109533472,0.0
92,2,4,3,0,3,continuous,0,continuous_scalar,0.07606672098884697,0.5573022312373226,0.0019269776876267742,-0.03448275862068961
92,2,5,5,0,5,continuous,0,continuous_scalar,0.05246549198583928,0.5010141987829615,-0.01724137931034484,0.012170385395537608
92,2,6,9,1,1,categorical,6,threshold_binning,0.09135577351234545,0.5400608519269777,-0.018255578093306267,-0.051724137931034475
92,2,7,2,0,2,continuous,0,continuous_scalar,0.2658988694750362,0.6389452332657202,0.027991886409736332,-0.051724137931034475
92,2,8,18,2,4,continuous,0,continuous_scalar,0.11674725400484519,0.41024340770791073,0.017038539553752584,-0.005070993914807254
93,2,0,22,3,1,continuous,0,continuous_scalar,0.08893023596946589,0.37044534412955465,0.011740890688259143,0.019230769230769273
93,2,1,15,2,1,continuous,0,continuous_scalar,0.0830447689265901,0.46153846153846156,0.014170040485829993,0.0
93,2,2,16,2,2,continuous,0,continuous_scalar,0.40977988410331095,0.8896761133603239,0.3923076923076923,0.38056680161943324
93,2,3,18,2,4,continuous,0,continuous_scalar,0.14191626276664926,0.4625506072874494,0.026923076923076984,0.0253036437246964
93,2,4,20,2,6,categorical,2,threshold_binning,0.05036038999185693,0.46963562753036436,0.0052631578947368585,0.019230769230769273
93,2,5,26,3,5,continuous,0,continuous_scalar,0.08234728281101739,0.5344129554655871,-0.01538461538461533,0.0
93,2,6,14,2,0,categorical,2,threshold_binning,0.047180739178894815,0.5394736842105263,-0.007692307692307665,0.006072874493927127
93,2,7,8,1,0,continuous,0,continuous_scalar,0.09644043625221468,0.5536437246963563,-0.003643724696356232,0.0
94,2,0,4,0,4,continuous,0,continuous_scalar,0.027385310294990556,0.5239085239085239,-0.002564102564102577,0.0
94,2,1,21,2,5,continuous,0,continuous_scalar,0.015831042634010407,0.48960498960498966,-0.010256410256410308,0.0
94,2,2,23,2,7,continuous,0,continuous_scalar,0.0057269509087881625,0.4875259875259875,0.002702702702702675,0.0
94,2,3,26,3,1,categorical,4,prototype_discretization,0.07184513164143305,0.5720720720720721,0.02051282051282042,0.02564102564102555
94,2,4,13,1,5,continuous,0,continuous_scalar,0.09184018843249145,0.5388080388080387,0.0,0.0
94,2,5,30,3,5,continuous,0,continuous_scalar,0.01686488337110088,0.5530145530145529,0.002979902979902893,0.0
94,2,6,22,2,6,categorical,2,prototype_discretization,0.012138572014119896,0.5166320166320166,0.002702702702702675,0.0
94,2,7,33,3,8,continuous,0,continuous_scalar,0.01041132341178565,0.8676368676368676,0.048787248787248695,-0.012820512820512886
94,2,8,18,2,2,continuous,0,continuous_scalar,0.024109021671198598,0.3943173943173943,0.013374913374913278,0.013513513513513375
94,2,9,28,3,3,categorical,4,threshold_binning,0.008923878273596461,0.4379764379764379,0.0001386001386000979,0.013513513513513375
94,2,10,29,3,4,continuous,0,continuous_scalar,0.023469471261003214,0.4747054747054747,0.015523215523215473,0.013513513513513375
94,2,11,32,3,7,continuous,0,continuous_scalar,0.35859681428166157,0.8946638946638947,0.20090090090090085,-0.012820512820512886
94,2,12,24,2,8,continuous,0,continuous_scalar,0.3328574118038201,0.8305613305613306,0.053776853776853706,-0.012820512820512886
95,3,0,26,3,3,continuous,0,continuous_scalar,0.18822141476049678,0.6241351241351242,0.2527879527879528,0.07020757020757018
95,3,1,30,3,7,continuous,0,continuous_scalar,0.08929115056704752,0.38095238095238093,0.03703703703703702,0.019943019943019946
95,3,2,10,1,2,continuous,0,continuous_scalar,0.00938388468846643,0.43915343915343913,0.010256410256410308,0.012820512820512886
95,3,3,27,3,4,continuous,0,continuous_scalar,0.05024976387333106,0.3203093203093203,0.02051282051282055,0.012820512820512886
95,3,4,22,2,5,categorical,2,prototype_discretization,0.11441027506786443,0.5677655677655677,0.16349206349206344,-0.006105006105006083
95,3,5,1,0,1,continuous,0,continuous_scalar,0.008102219118862579,0.2887667887667888,0.011680911680911722,0.02564102564102566
95,3,6,19,2,2,continuous,0,continuous_scalar,0.05250903310933544,0.31603581603581604,-0.0005698005698006048,0.012820512820512886
95,3,7,5,0,5,categorical,2,prototype_discretization,0.028220689278876363,0.3962148962148962,0.02397232397232396,-0.0185185185185186
95,3,8,2,0,2,categorical,2,threshold_binning,0.07297880557630307,0.38359788359788355,0.01111111111111116,-0.012820512820512775
95,3,9,23,3,0,continuous,0,continuous_scalar,0.01030866001596733,0.2903947903947904,0.002564102564102577,0.012820512820512886
95,3,10,16,1,8,continuous,0,continuous_scalar,0.05200164859779683,0.373015873015873,0.050264550264550234,0.00712250712250706
95,3,11,12,1,4,continuous,0,continuous_scalar,0.0018319108243045551,0.29304029304029305,0.002564102564102577,0.0
95,3,12,20,2,3,continuous,0,continuous_scalar,0.1322984177706561,0.2684167684167684,-0.006145706145706198,0.028693528693528703
95,3,13,25,3,2,continuous,0,continuous_scalar,0.05611276699279434,0.3300773300773301,0.0062271062271062275,0.0
95,3,14,13,1,5,continuous,0,continuous_scalar,0.1340793597578972,0.2635327635327635,0.011070411070411068,-0.012820512820512775
96,4,0,11,1,3,continuous,0,continuous_scalar,0.015116654274859129,0.23863636363636365,0.00670454545454553,-0.02064393939393927
96,4,1,25,3,1,continuous,0,continuous_scalar,0.016245825149979923,0.26420454545454547,0.035037878787878826,-0.01647727272727273
96,4,2,1,0,1,continuous,0,continuous_scalar,0.013271230218874634,0.29109848484848483,0.0008333333333334191,0.002083333333333437
96,4,3,24,3,0,continuous,0,continuous_scalar,0.1728565387835285,0.7712121212121212,0.03363636363636378,0.016856060606060708
96,4,4,6,0,6,categorical,2,prototype_discretization,0.00502529179492439,0.25833333333333336,0.004166666666666696,-0.01022727272727264
96,4,5,16,1,8,categorical,2,prototype_discretization,0.01234372886456194,0.175,0.0025000000000000135,-0.010416666666666519
96,4,6,19,2,2,continuous,0,continuous_scalar,0.21795469433669765,0.756439393939394,0.024469696969697096,0.002083333333333437
96,4,7,27,3,3,continuous,0,continuous_scalar,0.17572979557438023,0.7151515151515152,-0.002954545454545343,0.025000000000000022
96,4,8,0,0,0,categorical,6,prototype_discretization,0.0018621556152152543,0.30757575757575756,-0.011666666666666648,-0.014583333333333282
96,4,9,18,2,1,continuous,0,continuous_scalar,0.19732136944003312,0.6984848484848485,0.03651515151515161,-0.006249999999999978
96,4,10,8,1,0,continuous,0,continuous_scalar,0.009416957347468297,0.22272727272727275,-0.01325757575757569,-0.03958333333333319
96,4,11,3,0,3,categorical,3,prototype_discretization,0.16285575859947693,0.38125,0.04196969696969703,0.01666666666666672
97,2,0,26,3,5,continuous,0,continuous_scalar,0.28821447142698975,0.8244444444444444,0.29744444444444434,0.020000000000000018
97,2,1,23,3,2,categorical,4,threshold_binning,0.06515339683089949,0.45611111111111113,-0.00833333333333337,-0.03388888888888897
97,2,2,20,2,5,categorical,5,threshold_binning,0.2349624903364923,0.788888888888889,0.04844444444444438,-0.04777777777777792
97,2,3,25,3,4,continuous,0,continuous_scalar,0.007511314845041285,0.4316666666666667,0.002777777777777768,-0.01388888888888895
97,2,4,22,3,1,continuous,0,continuous_scalar,0.11472333828787934,0.4638888888888889,-0.006777777777777794,-0.01388888888888895
97,2,5,21,3,0,categorical,3,threshold_binning,0.03406380075697842,0.5205555555555555,-0.04033333333333335,-0.053888888888888875
97,2,6,24,3,3,continuous,0,continuous_scalar,0.1044592621196337,0.5455555555555556,-0.020666666666666743,-0.01388888888888895
97,2,7,13,1,5,categorical,4,threshold_binning,0.1509119253960857,0.4911111111111111,-0.01911111111111117,-0.04777777777777792
98,3,0,0,0,0,continuous,0,continuous_scalar,0.01024701533701076,0.43482905982905984,-0.03376068376068368,-0.028846153846153744
98,3,1,6,0,6,categorical,4,threshold_binning,0.025508263937151446,0.41666666666666674,0.012179487179487358,-0.014957264957264904
98,3,2,4,0,4,categorical,4,threshold_binning,0.0030977804971982882,0.3173076923076923,-0.010683760683760646,-0.04166666666666663
98,3,3,30,3,7,continuous,0,continuous_scalar,0.05262373358407765,0.4743589743589743,0.057264957264957374,0.012820512820512997
98,3,4,1,0,1,continuous,0,continuous_scalar,0.0032573281605318477,0.31303418803418803,-0.008547008547008472,-0.01388888888888884
98,3,5,2,0,2,categorical,4,threshold_binning,0.034593760773946935,0.4583333333333333,-0.005341880341880256,-0.05341880341880334
98,3,6,14,1,6,continuous,0,continuous_scalar,0.00798588055380128,0.38995726495726496,-0.015170940170940051,-0.04166666666666663
98,3,7,25,3,2,continuous,0,continuous_scalar,0.0017863430448639595,0.34722222222222227,0.04316239316239325,0.012820512820512997
98,3,8,23,3,0,categorical,2,threshold_binning,0.0037444808776798794,0.44658119658119655,0.014316239316239487,0.011752136752136932
98,3,9,29,3,6,categorical,3,prototype_discretization,0.18564671174261693,0.5694444444444445,0.04508547008547019,-0.002136752136751907
98,3,10,9,1,1,categorical,3,prototype_discretization,0.019703609758781587,0.40491452991452986,0.0185897435897437,-0.04273504273504258
98,3,11,21,2,5,continuous,0,continuous_scalar,0.43571021909428637,0.5993589743589743,0.06901709401709415,-0.01388888888888884
98,3,12,10,1,2,categorical,3,threshold_binning,0.032166532992386074,0.4861111111111111,-0.015811965811965756,-0.0395299145299145
98,3,13,15,1,7,categorical,2,threshold_binning,0.08002427920685552,0.48611111111111116,-0.006410256410256299,-0.05555555555555547
98,3,14,7,0,7,continuous,0,continuous_scalar,0.10390406043881144,0.625,0.04722222222222237,-0.002136752136751907
99,2,0,12,1,4,continuous,0,continuous_scalar,0.13715151859238542,0.8029411764705883,0.07764705882352947,-0.004411764705882337
99,2,1,1,0,1,continuous,0,continuous_scalar,0.056823093476183376,0.4411764705882353,-0.009705882352941142,-0.014705882352941124
99,2,2,14,1,6,continuous,0,continuous_scalar,0.04504527076912506,0.5477941176470589,-0.0117647058823529,0.0
99,2,3,11,1,3,continuous,0,continuous_scalar,0.014991282545385008,0.525,-0.002941176470588225,0.014705882352941235
99,2,4,27,3,6,categorical,6,threshold_binning,0.011600928216861471,0.5161764705882352,-0.00588235294117645,0.0
99,2,5,24,3,3,continuous,0,continuous_scalar,0.03432585153461942,0.8595588235294118,0.1495588235294118,-0.0022058823529411686
99,2,6,2,0,2,continuous,0,continuous_scalar,0.02125582425777197,0.4345588235294118,0.011323529411764755,0.014705882352941235
99,2,7,5,0,5,continuous,0,continuous_scalar,0.2534561324821649,0.5977941176470588,0.024705882352941265,0.027205882352941302
99,2,8,25,3,4,continuous,0,continuous_scalar,0.4253500981255034,0.838970588235294,0.08411764705882356,0.012500000000000067
