table_id,num_classes,feature_column,global_node_id,layer,node_in_layer,feature_type,cardinality,observation_type,gt_importance,single_feature_balanced_accuracy,permutation_importance,drop_column_importance
0,2,0,17,2,0,continuous,0,continuous_scalar,0.28213989776933707,0.6597222222222222,0.09444444444444451,0.0
0,2,1,19,2,2,categorical,3,prototype_discretization,0.007691556952935475,0.4375,0.002777777777777812,0.02083333333333337
0,2,2,12,1,4,categorical,3,threshold_binning,0.02337146049050566,0.5763888888888888,0.006944444444444442,0.0
0,2,3,1,0,1,continuous,0,continuous_scalar,0.004557044527165288,0.4722222222222222,-0.027777777777777724,-0.05555555555555558
0,2,4,2,0,2,continuous,0,continuous_scalar,0.0013652503229665983,0.5277777777777778,-0.019444444444444375,-0.05555555555555558
0,2,5,22,2,5,categorical,6,prototype_discretization,0.11293623548664188,0.5486111111111112,-0.036111111111111024,-0.03472222222222221
0,2,6,18,2,1,continuous,0,continuous_scalar,0.43593716149276396,0.6666666666666666,0.10972222222222225,0.125
0,2,7,21,2,4,continuous,0,continuous_scalar,0.1320013929576841,0.5347222222222222,-0.020833333333333304,-0.00694444444444442
1,4,0,2,0,2,continuous,0,continuous_scalar,0.00016252005900335313,0.16384237107921318,0.04817251461988301,-0.01388888888888884
1,4,1,32,3,5,continuous,0,continuous_scalar,0.021100230604625004,0.419158692185008,0.03896198830409361,-0.01388888888888884
1,4,2,5,0,5,continuous,0,continuous_scalar,0.05772274113866973,0.2907695374800638,0.029445773524720907,0.033991228070175405
1,4,3,27,3,0,continuous,0,continuous_scalar,0.07268197834359724,0.4022129186602871,0.21454013822434875,0.2046783625730994
1,4,4,19,2,1,continuous,0,continuous_scalar,0.002352899303760776,0.21215443912812335,0.040344231791600224,0.006213450292397615
1,4,5,1,0,1,continuous,0,continuous_scalar,0.002836818406280222,0.2707668793195109,0.042537214247740575,0.04714912280701755
1,4,6,35,3,8,continuous,0,continuous_scalar,0.2914096457521527,0.3167530568846358,0.044304891015417326,0.033991228070175405
1,4,7,9,1,1,categorical,2,prototype_discretization,0.004708417210858759,0.2537878787878788,0.016812865497076057,0.020102339181286566
1,4,8,4,0,4,continuous,0,continuous_scalar,0.008236593924499467,0.2659157363104731,0.024475013290802795,0.01388888888888895
1,4,9,13,1,5,continuous,0,continuous_scalar,0.17161366291671473,0.2732921318447634,0.05396065922381713,-0.019039074960127578
1,4,10,24,2,6,continuous,0,continuous_scalar,0.25072700501244316,0.3185473152578416,0.033193779904306255,0.022627591706539052
1,4,11,20,2,2,continuous,0,continuous_scalar,0.0199902209283305,0.34433147262094627,0.02959197235513027,0.08187134502923976
1,4,12,29,3,2,continuous,0,continuous_scalar,0.09645726639906438,0.24435140882509304,-0.001913875598086112,0.033991228070175405
2,3,0,28,3,3,continuous,0,continuous_scalar,0.07523052825022339,0.4326923076923077,-0.005555555555555536,0.026709401709401726
2,3,1,25,3,0,continuous,0,continuous_scalar,0.13363154574451117,0.22400284900284903,0.02414529914529915,0.026709401709401726
2,3,2,3,0,3,continuous,0,continuous_scalar,0.08404429096400307,0.5665954415954416,-0.000997150997150964,0.012820512820512775
2,3,3,8,1,0,continuous,0,continuous_scalar,0.054686614406328896,0.2460826210826211,-0.026424501424501458,-0.012820512820512775
2,3,4,0,0,0,continuous,0,continuous_scalar,0.0030332065245204255,0.3215811965811966,-0.002777777777777768,-0.01388888888888884
2,3,5,26,3,1,continuous,0,continuous_scalar,0.21597577423186637,0.6542022792022791,0.12193732193732194,0.049857549857549865
2,3,6,13,1,5,continuous,0,continuous_scalar,0.1067820409464945,0.5854700854700855,-0.0010683760683760201,0.01388888888888895
2,3,7,16,2,1,continuous,0,continuous_scalar,0.07604736971700025,0.5598290598290597,-0.005626780626780592,0.012820512820512775
2,3,8,9,1,1,categorical,3,threshold_binning,0.00666304424756321,0.3101851851851852,-0.011111111111111072,0.040598290598290565
2,3,9,15,2,0,categorical,4,prototype_discretization,0.014624803939587655,0.2795584045584046,-0.002777777777777768,0.026709401709401726
2,3,10,32,3,7,continuous,0,continuous_scalar,0.04633119073913223,0.4501424501424502,-0.007905982905982878,0.026709401709401726
2,3,11,14,1,6,continuous,0,continuous_scalar,0.055906849421040336,0.39351851851851843,0.02713675213675213,0.040598290598290565
2,3,12,21,2,6,continuous,0,continuous_scalar,0.1103945781382355,0.3571937321937322,-0.002350427350427364,-0.031339031339031376
2,3,13,2,0,2,continuous,0,continuous_scalar,0.01664816272949301,0.300925925925926,-0.011111111111111072,-0.0010683760683760646
3,2,0,4,0,4,continuous,0,continuous_scalar,0.022369366233962,0.4504048582995951,0.010526315789473805,0.013157894736842257
3,2,1,10,1,2,categorical,3,threshold_binning,3.526750742029264e-07,0.4767206477732794,0.007894736842105354,0.0
3,2,2,26,3,2,continuous,0,continuous_scalar,0.015807341446520785,0.507085020242915,0.005263157894736903,0.0
3,2,3,19,2,3,continuous,0,continuous_scalar,0.024942848592367447,0.46356275303643724,0.005263157894736903,0.013157894736842257
3,2,4,23,2,7,continuous,0,continuous_scalar,0.2335931736066946,0.9483805668016194,0.002631578947368496,-0.013157894736842035
3,2,5,13,1,5,continuous,0,continuous_scalar,0.0029788598559448323,0.4757085020242915,0.010526315789473805,0.0
3,2,6,7,0,7,continuous,0,continuous_scalar,0.13929032782623052,0.9605263157894737,0.0,0.0
3,2,7,28,3,4,continuous,0,continuous_scalar,0.033857620568339575,0.3643724696356275,0.0026315789473684514,0.0
3,2,8,18,2,2,continuous,0,continuous_scalar,0.011151143403344336,0.6062753036437247,0.005263157894736903,0.0
3,2,9,25,3,1,continuous,0,continuous_scalar,0.22683547146470026,0.9473684210526316,0.0026315789473684514,0.0
3,2,10,14,1,6,continuous,0,continuous_scalar,0.2415600311081415,0.9483805668016194,0.023684210526315842,0.013157894736842257
3,2,11,9,1,1,continuous,0,continuous_scalar,0.003918217973119785,0.37854251012145745,0.0026315789473684514,0.0
3,2,12,20,2,4,continuous,0,continuous_scalar,0.04369524524556015,0.7793522267206479,0.0,0.0
4,3,0,30,3,6,continuous,0,continuous_scalar,0.2519552139662526,0.5380952380952381,0.0839047619047619,0.0
4,3,1,24,3,0,categorical,2,prototype_discretization,0.014035009956809525,0.2780952380952381,0.013333333333333286,0.01333333333333342
4,3,2,21,2,6,continuous,0,continuous_scalar,0.00015346804031471768,0.43,0.04190476190476185,0.011904761904761862
4,3,3,22,2,7,categorical,4,prototype_discretization,0.008375532133363143,0.29904761904761906,0.006666666666666643,0.0
4,3,4,0,0,0,categorical,5,prototype_discretization,0.0001895779974696832,0.34,0.009047619047619016,0.01333333333333342
4,3,5,32,3,8,categorical,3,prototype_discretization,0.008146265286323676,0.3066666666666667,0.0,0.01333333333333342
4,3,6,25,3,1,continuous,0,continuous_scalar,0.3260144920485905,0.8804761904761905,0.21619047619047618,0.043333333333333335
4,3,7,28,3,4,continuous,0,continuous_scalar,0.10467937546561928,0.28904761904761905,0.014571428571428546,0.011904761904761862
4,3,8,33,3,9,continuous,0,continuous_scalar,0.0007947321902112284,0.3466666666666667,0.016666666666666607,0.0
4,3,9,14,1,6,continuous,0,continuous_scalar,0.001542740604883567,0.3452380952380952,0.016666666666666607,0.016666666666666607
4,3,10,17,2,2,continuous,0,continuous_scalar,0.2841135923101621,0.8433333333333333,0.2793333333333334,0.05666666666666664
5,4,0,17,2,1,categorical,2,threshold_binning,0.04930330134856906,0.23339160839160839,-0.007102272727272751,0.027097902097902082
5,4,1,9,1,1,continuous,0,continuous_scalar,0.006582838889324618,0.22891171328671328,-0.02416958041958046,-0.015625000000000056
5,4,2,15,1,7,continuous,0,continuous_scalar,0.03080277031212827,0.2986232517482518,-0.008894230769230788,0.01573426573426573
5,4,3,0,0,0,categorical,4,threshold_binning,0.006581178932225826,0.20246940559440557,-0.016739510489510518,0.00360576923076919
5,4,4,18,2,2,continuous,0,continuous_scalar,0.00295093100064505,0.23743444055944057,-0.01872814685314687,-0.06960227272727276
5,4,5,3,0,3,categorical,2,threshold_binning,0.0037968549186240008,0.20454545454545453,-0.02502185314685318,0.053321678321678306
5,4,6,25,3,3,continuous,0,continuous_scalar,0.20889912949537753,0.18760926573426573,-0.012019230769230787,0.029829545454545414
5,4,7,16,2,0,continuous,0,continuous_scalar,0.03674218483551713,0.24508304195804198,-0.06722027972027975,0.026333041958041953
5,4,8,24,3,2,categorical,3,prototype_discretization,0.04202765341874404,0.3081293706293706,0.005113636363636353,0.022727272727272707
5,4,9,6,0,6,continuous,0,continuous_scalar,0.0006632408848789653,0.24082167832167833,-0.015034965034965065,0.0028409090909090606
5,4,10,27,3,5,continuous,0,continuous_scalar,0.6116499159639656,0.3133741258741259,-0.01704545454545457,0.01846590909090906
6,2,0,2,0,2,continuous,0,continuous_scalar,0.0005621141289368397,0.5,0.00588235294117645,0.0
6,2,1,16,1,8,categorical,3,threshold_binning,0.0015215660941534466,0.5433006535947713,0.0,0.014705882352941124
6,2,2,23,2,6,continuous,0,continuous_scalar,0.21405464727286122,0.6282679738562091,-0.002450980392156921,0.0
6,2,3,19,2,2,continuous,0,continuous_scalar,0.03347624729510893,0.6691176470588236,0.017973856209150284,0.014705882352941124
6,2,4,21,2,4,continuous,0,continuous_scalar,0.00813588415619532,0.4730392156862745,0.0029411764705882027,0.014705882352941124
6,2,5,25,3,0,continuous,0,continuous_scalar,0.020200573843884247,0.46977124183006536,-0.02941176470588245,0.014705882352941124
6,2,6,33,3,8,continuous,0,continuous_scalar,0.029283013480790474,0.5980392156862745,0.0035947712418300305,0.0
6,2,7,11,1,3,continuous,0,continuous_scalar,0.0031493073151399394,0.4852941176470588,-0.0006535947712418722,0.01388888888888884
6,2,8,15,1,7,categorical,2,prototype_discretization,0.00021640760669441395,0.5147058823529411,-0.00882352941176474,0.0
6,2,9,8,1,0,categorical,4,prototype_discretization,0.05589339515892565,0.5506535947712419,-0.014215686274509864,0.014705882352941124
6,2,10,30,3,5,continuous,0,continuous_scalar,0.3085823906300088,0.6013071895424837,0.008823529411764652,0.015522875816993409
6,2,11,29,3,4,continuous,0,continuous_scalar,0.31605783191955683,0.5988562091503268,0.014215686274509776,0.028594771241829964
6,2,12,28,3,3,continuous,0,continuous_scalar,0.008675291188121088,0.542483660130719,-4.4408920985006264e-17,0.014705882352941124
6,2,13,9,1,1,continuous,0,continuous_scalar,0.00019132990962279789,0.4411764705882353,0.006045751633986907,-0.028594771241830186
7,4,0,4,0,4,continuous,0,continuous_scalar,0.0015463326493986192,0.2402014652014652,0.0026923076923076605,0.0
7,4,1,2,0,2,categorical,2,threshold_binning,7.978794193810922e-05,0.19047619047619047,0.0,0.011904761904761862
7,4,2,21,2,6,continuous,0,continuous_scalar,0.16228290411520818,0.2917582417582417,0.006135531135531114,0.006135531135531114
7,4,3,12,1,4,continuous,0,continuous_scalar,0.08852346377724458,0.20787545787545786,0.009908424908424852,0.011904761904761862
7,4,4,22,3,0,continuous,0,continuous_scalar,0.14258817785860953,0.7014652014652014,0.05073260073260066,0.019230769230769162
7,4,5,26,3,4,continuous,0,continuous_scalar,0.20300089039862174,0.6633699633699635,0.01423076923076918,-0.03809523809523818
7,4,6,6,0,6,continuous,0,continuous_scalar,8.523907055629188e-05,0.18983516483516483,0.01391941391941387,0.011904761904761862
7,4,7,29,3,7,continuous,0,continuous_scalar,0.15288214643961515,0.37747252747252746,-0.0010073260073260037,-0.01309523809523816
7,4,8,30,3,8,continuous,0,continuous_scalar,0.026040577250622227,0.24633699633699635,0.001978021978021949,0.011904761904761862
7,4,9,18,2,3,continuous,0,continuous_scalar,0.19282094676232925,0.6706959706959708,0.06481684981684976,0.013461538461538414
7,4,10,25,3,3,continuous,0,continuous_scalar,0.006896014116523204,0.29514652014652015,-0.006630036630036673,0.011904761904761862
7,4,11,24,3,2,categorical,2,threshold_binning,0.023253519619333127,0.34523809523809523,0.0,0.011904761904761862
8,3,0,2,0,2,continuous,0,continuous_scalar,0.0636815514577967,0.4318181818181818,0.0015151515151515583,0.0
8,3,1,31,3,6,continuous,0,continuous_scalar,0.13249619350153194,0.5303030303030303,0.07840909090909097,0.0
8,3,2,23,2,8,continuous,0,continuous_scalar,0.11232899211922237,0.5454545454545454,0.0579545454545455,0.0
8,3,3,16,2,1,continuous,0,continuous_scalar,0.032794585491786786,0.4034090909090909,0.046969696969697036,0.04734848484848486
8,3,4,6,0,6,continuous,0,continuous_scalar,0.07922691939291801,0.37121212121212127,-0.01704545454545452,-0.015151515151515138
8,3,5,11,1,3,continuous,0,continuous_scalar,0.0016281348641352085,0.42803030303030304,-0.0037878787878787403,-0.015151515151515138
8,3,6,27,3,2,continuous,0,continuous_scalar,0.29858805471887856,0.5454545454545454,0.014015151515151559,0.02083333333333348
8,3,7,9,1,1,continuous,0,continuous_scalar,0.1275465985113213,0.5056818181818182,0.027272727272727317,0.04166666666666674
8,3,8,0,0,0,continuous,0,continuous_scalar,0.0025625701279037715,0.3295454545454546,0.010606060606060664,0.0
8,3,9,3,0,3,continuous,0,continuous_scalar,0.002584003635786288,0.3143939393939394,-0.002272727272727204,-0.03598484848484851
8,3,10,15,2,0,continuous,0,continuous_scalar,0.09426220737948407,0.4943181818181818,-0.00681818181818179,-0.030303030303030276
8,3,11,32,3,7,categorical,3,threshold_binning,0.05230018879923497,0.20643939393939395,0.004166666666666719,-0.015151515151515138
9,4,0,19,2,1,categorical,4,threshold_binning,0.14460379751921876,0.3640873015873016,0.018647186147186155,-0.003625541125541143
9,4,1,12,1,4,continuous,0,continuous_scalar,0.2657559045686895,0.2663961038961039,0.00805194805194805,0.033333333333333326
9,4,2,6,0,6,continuous,0,continuous_scalar,0.0013027962992715372,0.2477994227994228,0.015790043290043288,0.007738095238095211
9,4,3,18,2,0,continuous,0,continuous_scalar,0.34114554127778574,0.28214285714285714,0.025277777777777788,0.027272727272727282
9,4,4,10,1,2,continuous,0,continuous_scalar,0.13561974448918715,0.25366161616161614,0.030919913419913424,0.03376623376623378
9,4,5,7,0,7,categorical,2,threshold_binning,0.04321513274212624,0.21428571428571427,0.0,0.0028679653679653527
9,4,6,4,0,4,categorical,2,prototype_discretization,0.028825602238900152,0.23392857142857143,0.014393939393939393,0.0244047619047619
9,4,7,3,0,3,continuous,0,continuous_scalar,0.0008399071992786005,0.12099567099567099,0.028192640692640693,-0.002435064935064929
9,4,8,5,0,5,categorical,5,threshold_binning,0.002069832599513221,0.17635281385281384,-0.00865800865800867,-0.03890692640692639
9,4,9,9,1,1,continuous,0,continuous_scalar,0.025372711601703124,0.20990259740259742,-0.03694805194805195,-0.002435064935064929
9,4,10,0,0,0,categorical,3,prototype_discretization,0.007542612968448051,0.2537878787878788,0.023181818181818182,0.06136363636363637
9,4,11,16,1,8,categorical,4,threshold_binning,0.003706416495877912,0.20833333333333331,-0.014415584415584414,0.0016774891774891665
10,4,0,10,1,2,categorical,3,threshold_binning,0.0009634203226201252,0.172008547008547,-0.021204122674710935,0.12311463046757162
10,4,1,18,2,2,continuous,0,continuous_scalar,0.17004475251767057,0.3545123177476119,0.06266968325791854,0.07076420311714426
10,4,2,26,3,2,continuous,0,continuous_scalar,0.084222579922391,0.3098919054801408,0.022913524384112614,0.0037078934137757535
10,4,3,28,3,4,continuous,0,continuous_scalar,0.29276417979533315,0.19211915535444948,0.06808697838109601,-0.023252890899949752
10,4,4,22,2,6,continuous,0,continuous_scalar,0.0018604995861831025,0.25301659125188536,0.03311965811965809,0.0854700854700855
10,4,5,7,0,7,categorical,2,threshold_binning,0.0017427554652083013,0.1990950226244344,0.018376068376068345,0.05769230769230771
10,4,6,6,0,6,continuous,0,continuous_scalar,0.0053842454692722645,0.3102061337355455,0.08501759678230263,0.07610608345902459
10,4,7,25,3,1,continuous,0,continuous_scalar,0.28335446403824044,0.30618401206636503,0.051231774761186524,0.04380341880341876
10,4,8,2,0,2,categorical,3,threshold_binning,0.0009074510813031176,0.16666666666666666,-0.015183509301156395,0.03764454499748615
10,4,9,27,3,3,categorical,2,threshold_binning,0.1128994376532745,0.2998366013071896,0.07629462041226745,0.1378205128205128
10,4,10,9,1,1,continuous,0,continuous_scalar,0.04585621414850345,0.29147812971342385,0.05800653594771239,0.009049773755656076
11,2,0,12,1,4,continuous,0,continuous_scalar,0.08117948336722405,0.40535714285714286,0.0121428571428571,0.012499999999999956
11,2,1,28,3,6,continuous,0,continuous_scalar,0.27818878391789,0.9375,0.003214285714285681,0.005357142857142838
11,2,2,17,2,3,continuous,0,continuous_scalar,0.0795118151263447,0.5160714285714286,-0.0003571428571429003,0.012499999999999956
11,2,3,29,3,7,continuous,0,continuous_scalar,0.010640916917659867,0.9214285714285715,0.01749999999999998,0.0
11,2,4,11,1,3,continuous,0,continuous_scalar,0.016954929356171284,0.41785714285714287,-0.0025000000000000135,0.012499999999999956
11,2,5,27,3,5,continuous,0,continuous_scalar,0.12809038892947536,0.47857142857142854,0.0,-0.012500000000000067
11,2,6,3,0,3,categorical,2,threshold_binning,0.002023055696499885,0.5160714285714286,0.0,0.0
11,2,7,20,2,6,categorical,4,threshold_binning,0.04908516706673761,0.6214285714285714,0.0,0.0
11,2,8,18,2,4,continuous,0,continuous_scalar,0.2083889195862126,0.8642857142857143,-0.00035714285714287807,0.017857142857142794
11,2,9,15,2,1,categorical,4,prototype_discretization,0.012760086154844977,0.5785714285714286,0.002499999999999991,0.012499999999999956
11,2,10,21,2,7,continuous,0,continuous_scalar,0.06391042849084055,0.5053571428571428,0.0,0.0
11,2,11,8,1,0,categorical,3,prototype_discretization,0.01707582677188367,0.5714285714285714,0.0,0.0
11,2,12,10,1,2,continuous,0,continuous_scalar,0.046472909007544756,0.5107142857142857,0.0,0.012499999999999956
11,2,13,7,0,7,continuous,0,continuous_scalar,0.0057172896106706715,0.5339285714285714,-0.005000000000000027,-0.012500000000000067
12,3,0,19,2,3,continuous,0,continuous_scalar,0.013312478019877852,0.40483091787439607,0.024047235641438514,-0.0064680622651637765
12,3,1,13,1,5,continuous,0,continuous_scalar,0.15793181751264349,0.4532474503488996,-0.003762748255501902,0.05367686527106813
12,3,2,23,2,7,categorical,3,threshold_binning,0.11823947589553291,0.3618894256575416,0.008148148148148127,0.020370370370370372
12,3,3,6,0,6,continuous,0,continuous_scalar,0.001583713932127035,0.34804079441760605,0.05684916800858825,0.03765432098765431
12,3,4,4,0,4,continuous,0,continuous_scalar,0.008549433022622328,0.22340311325818574,0.017090713902308086,0.04353193773483627
12,3,5,20,2,4,continuous,0,continuous_scalar,0.011258839341714982,0.31908212560386473,0.04296833064949004,-0.006441223832528209
12,3,6,12,1,4,continuous,0,continuous_scalar,0.00030305587682299425,0.2792538915727321,-0.011175523349436412,0.051556629092860906
12,3,7,9,1,1,continuous,0,continuous_scalar,0.012032796887531116,0.3183843263553408,-0.009661835748792303,0.002173913043478193
12,3,8,26,3,2,continuous,0,continuous_scalar,0.04986516737445802,0.3893719806763285,0.015426731078904965,0.06822329575952762
12,3,9,27,3,3,categorical,6,prototype_discretization,0.5913751413177016,0.34809447128287707,-0.012463768115942053,-0.05429414922168552
12,3,10,18,2,2,continuous,0,continuous_scalar,0.011326632472886991,0.33502415458937196,0.02479334406870638,0.04720880300590441
12,3,11,21,2,5,continuous,0,continuous_scalar,0.024221448346080653,0.3226784755770263,0.008690284487385925,-0.014465915190552903
13,4,0,27,3,2,continuous,0,continuous_scalar,0.13886269360164052,0.4156593406593406,0.12252747252747256,0.018040293040293087
13,4,1,19,2,1,continuous,0,continuous_scalar,0.014768186742682429,0.19184981684981683,0.009908424908424963,-0.012499999999999956
13,4,2,24,2,6,continuous,0,continuous_scalar,0.07248543752575544,0.34162087912087913,0.07042124542124548,0.01130952380952388
13,4,3,32,3,7,categorical,5,prototype_discretization,0.1892986288781175,0.43333333333333335,-0.002738095238095206,0.010714285714285787
13,4,4,15,1,7,continuous,0,continuous_scalar,0.11735358972723804,0.3348901098901099,0.014890109890109905,-0.03809523809523807
13,4,5,6,0,6,continuous,0,continuous_scalar,0.07121815953469961,0.30833333333333335,-0.014633699633699603,-0.05096153846153839
13,4,6,10,1,2,categorical,3,prototype_discretization,0.04481908653361217,0.33571428571428574,0.0025000000000000135,-0.013690476190476142
13,4,7,21,2,3,continuous,0,continuous_scalar,0.21894730931335857,0.30590659340659343,0.004642857142857193,0.031135531135531136
13,4,8,31,3,6,continuous,0,continuous_scalar,0.03871474445826587,0.2547161172161172,0.02448717948717951,0.02994505494505495
13,4,9,30,3,5,continuous,0,continuous_scalar,0.022469719110135976,0.3163919413919414,0.02240842490842492,0.0009615384615384581
13,4,10,11,1,3,continuous,0,continuous_scalar,0.03394210820220627,0.393543956043956,-0.002619047619047565,0.01863553113553118
13,4,11,22,2,4,continuous,0,continuous_scalar,0.03712033637228763,0.26204212454212455,-0.011703296703296683,0.01863553113553118
14,2,0,18,2,0,continuous,0,continuous_scalar,0.026084911894984037,0.4918582375478927,0.0656130268199234,0.034482758620689724
14,2,1,16,1,8,categorical,2,threshold_binning,0.07403387733803693,0.5253831417624522,-0.006896551724137901,0.0033524904214560225
14,2,2,26,2,8,categorical,4,prototype_discretization,0.15726579434420868,0.4803639846743295,0.010249042145593967,-0.010536398467432928
14,2,3,35,3,7,categorical,2,threshold_binning,0.010386545663250167,0.5555555555555556,-0.002777777777777768,0.023946360153256796
14,2,4,37,3,9,continuous,0,continuous_scalar,0.41879428169673005,0.5708812260536398,0.019157088122605415,0.031130268199233813
14,2,5,17,1,9,categorical,4,threshold_binning,0.0021709123835423525,0.5086206896551724,0.008141762452107359,-0.01388888888888884
14,2,6,0,0,0,continuous,0,continuous_scalar,0.12303574454583915,0.560823754789272,0.0018199233716475582,-0.007183908045977017
14,2,7,10,1,2,continuous,0,continuous_scalar,0.025543581706250526,0.5119731800766283,0.04588122605363989,0.010057471264367845
14,2,8,8,1,0,continuous,0,continuous_scalar,0.004536102640401185,0.4674329501915709,0.047605363984674375,0.037835249042145636
14,2,9,14,1,6,continuous,0,continuous_scalar,0.04852320858136433,0.4813218390804598,-0.0029693486590037566,-0.010536398467432928
14,2,10,25,2,7,continuous,0,continuous_scalar,0.1096250392053926,0.560823754789272,0.020306513409961723,-0.003831417624521105
15,2,0,20,2,6,continuous,0,continuous_scalar,0.03197506635742787,0.48484848484848486,0.0,-0.015151515151515138
15,2,1,17,2,3,continuous,0,continuous_scalar,0.13369510775893492,0.696969696969697,0.14545454545454553,0.015151515151515138
15,2,2,12,1,4,categorical,3,prototype_discretization,0.01722890794587372,0.6515151515151515,0.0030303030303030277,-0.015151515151515138
15,2,3,30,3,7,categorical,3,prototype_discretization,0.0001989512661970719,0.5757575757575758,-0.021212121212121193,-0.015151515151515138
15,2,4,16,2,2,continuous,0,continuous_scalar,0.09925919063850829,0.6515151515151516,-0.018181818181818167,-0.015151515151515138
15,2,5,9,1,1,categorical,3,threshold_binning,0.10451598145648386,0.5909090909090909,0.021212121212121238,0.015151515151515138
15,2,6,28,3,5,continuous,0,continuous_scalar,0.2196386958686503,0.5606060606060606,-0.0030303030303030277,-0.030303030303030276
15,2,7,10,1,2,continuous,0,continuous_scalar,0.006036917154535292,0.48484848484848486,0.02727272727272727,-0.030303030303030276
15,2,8,26,3,3,continuous,0,continuous_scalar,0.1752287448837002,0.7121212121212122,0.2545454545454545,0.030303030303030387
15,2,9,5,0,5,categorical,2,threshold_binning,0.08124288603698465,0.6060606060606061,-0.01212121212121211,-0.030303030303030276
15,2,10,24,3,1,categorical,3,threshold_binning,0.13097955063270383,0.5757575757575757,0.009090909090909084,-0.015151515151515138
16,3,0,12,1,4,categorical,5,prototype_discretization,0.00982593414144328,0.2824397824397824,-0.0006734006734006925,-0.0185185185185186
16,3,1,10,1,2,categorical,4,threshold_binning,0.03528953226812104,0.39134939134939134,0.002564102564102555,0.0
16,3,2,17,2,3,categorical,3,threshold_binning,0.005949404645580824,0.2501942501942502,-0.0018130018130018577,0.012820512820512775
16,3,3,29,3,6,continuous,0,continuous_scalar,0.2826626557087425,0.5102305102305102,0.2413882413882414,0.17106967106967108
16,3,4,28,3,5,continuous,0,continuous_scalar,0.18481696116201543,0.5325045325045326,0.1401191401191401,0.011784511784511675
16,3,5,0,0,0,categorical,2,prototype_discretization,0.0006992666129356185,0.34188034188034183,0.0,0.0
16,3,6,30,3,7,continuous,0,continuous_scalar,0.21922822478155285,0.3045843045843046,-0.033333333333333395,-0.03703703703703709
16,3,7,18,2,4,categorical,2,threshold_binning,0.04816522880898868,0.4871794871794872,0.10968660968660963,0.012820512820512775
16,3,8,4,0,4,continuous,0,continuous_scalar,0.0122219879970042,0.23115773115773117,-0.00391090391090394,-0.03703703703703709
16,3,9,13,1,5,categorical,3,threshold_binning,0.00019702226917445037,0.3411033411033411,0.0,0.0
16,3,10,8,1,0,categorical,2,threshold_binning,0.0016489352557172657,0.3319088319088319,0.0,-0.031339031339031376
16,3,11,7,0,7,categorical,2,prototype_discretization,0.0013932006167401774,0.2902097902097902,-0.026210826210826266,-0.0185185185185186
16,3,12,5,0,5,continuous,0,continuous_scalar,0.0018341172166404013,0.39186739186739183,-0.002564102564102577,0.005698005698005715
16,3,13,9,1,1,continuous,0,continuous_scalar,0.004582171186533006,0.3666148666148666,0.0030303030303030277,0.0
16,3,14,15,2,1,categorical,3,prototype_discretization,0.02760260074582821,0.4090909090909091,-0.006267806267806297,-0.0185185185185186
16,3,15,20,2,6,continuous,0,continuous_scalar,0.16388275658298204,0.4255374255374256,0.17070707070707072,0.011784511784511675
17,2,0,20,2,5,continuous,0,continuous_scalar,0.2541399918064768,0.8051782682512734,0.005263157894736792,-0.013157894736842146
17,2,1,26,3,3,continuous,0,continuous_scalar,0.011569879726256702,0.5152801358234296,0.002631578947368385,-0.013157894736842146
17,2,2,11,1,3,continuous,0,continuous_scalar,0.0002116297573651119,0.5343803056027165,0.0,-0.013157894736842146
17,2,3,15,2,0,continuous,0,continuous_scalar,0.0012200241687256351,0.5386247877758914,0.002631578947368407,-0.013157894736842146
17,2,4,10,1,2,categorical,5,threshold_binning,0.0004209007310831504,0.5097623089983022,0.0,-0.013157894736842146
17,2,5,16,2,1,continuous,0,continuous_scalar,0.25941740371655025,0.5840407470288624,-0.003225806451612945,-0.013157894736842146
17,2,6,6,0,6,continuous,0,continuous_scalar,8.470520062036545e-08,0.4698641765704584,-0.010526315789473717,-0.013157894736842146
17,2,7,24,3,1,categorical,2,prototype_discretization,0.02073100394527927,0.5751273344651953,-0.0026315789473684514,-0.013157894736842146
17,2,8,1,0,1,categorical,2,threshold_binning,4.8056612349034145e-05,0.5042444821731749,0.0,-0.013157894736842146
17,2,9,7,0,7,continuous,0,continuous_scalar,0.00041123553519820355,0.40237691001697795,0.0,0.0
17,2,10,3,0,3,categorical,2,prototype_discretization,2.506753755331789e-05,0.4940577249575552,0.0,-0.026315789473684292
17,2,11,23,3,0,continuous,0,continuous_scalar,0.414964952648098,0.9384550084889643,0.1846349745331069,0.04244482173174868
17,2,12,28,3,5,categorical,6,threshold_binning,0.03513175959049041,0.8081494057724957,-2.2204460492503132e-17,0.0
17,2,13,21,2,6,continuous,0,continuous_scalar,0.001708009519373465,0.5679117147707979,0.002631578947368407,-0.013157894736842146
18,4,0,18,2,4,continuous,0,continuous_scalar,0.08207268370597653,0.18382352941176472,-0.014191176470588263,-0.0031250000000000444
18,4,1,9,1,1,continuous,0,continuous_scalar,0.0023121597660682247,0.26599264705882353,-0.00047794117647064204,-0.010294117647058898
18,4,2,19,2,5,continuous,0,continuous_scalar,0.17063630190131915,0.20441176470588235,0.010955882352941149,0.012499999999999956
18,4,3,4,0,4,continuous,0,continuous_scalar,0.032823309083895844,0.34136029411764707,0.012977941176470564,0.015625
18,4,4,12,1,4,continuous,0,continuous_scalar,0.03457775864742191,0.2088235294117647,0.012242647058823497,-0.014705882352941235
18,4,5,14,2,0,continuous,0,continuous_scalar,0.041424557258584814,0.23602941176470588,0.031139705882352896,-0.014338235294117707
18,4,6,0,0,0,continuous,0,continuous_scalar,0.0003463141755033368,0.3163602941176471,0.007499999999999984,-0.05441176470588238
18,4,7,11,1,3,continuous,0,continuous_scalar,0.14990441462238377,0.2954044117647059,0.027794117647058757,0.03253676470588229
18,4,8,21,3,1,continuous,0,continuous_scalar,0.009289362039585436,0.3292279411764706,-0.00011029411764709173,0.013786764705882304
18,4,9,7,0,7,categorical,2,prototype_discretization,0.026882059228438428,0.3125,0.00970588235294113,0.020036764705882337
18,4,10,22,3,2,continuous,0,continuous_scalar,0.291647806210971,0.2891544117647059,-0.006176470588235339,0.014705882352941124
18,4,11,24,3,4,continuous,0,continuous_scalar,0.15808327335985156,0.24761029411764707,0.033345588235294064,0.03345588235294111
19,4,0,8,1,0,continuous,0,continuous_scalar,0.07249663883378002,0.40983709273182956,0.0343859649122807,-0.06058897243107775
19,4,1,11,1,3,categorical,2,threshold_binning,0.004626540585734951,0.29166666666666663,0.018596491228070167,0.0019110275689223633
19,4,2,27,3,7,categorical,3,prototype_discretization,0.10337524379452419,0.5114661654135338,-0.022192982456140365,-0.0279135338345865
19,4,3,28,3,8,continuous,0,continuous_scalar,0.3202240312114213,0.2192982456140351,-0.01759398496240603,-0.057738095238095255
19,4,4,6,0,6,continuous,0,continuous_scalar,0.005450361035713236,0.19739974937343358,0.015776942355889733,-0.001597744360902209
19,4,5,14,2,0,continuous,0,continuous_scalar,0.0001257164306856794,0.21083959899749372,0.002493734335839615,0.015726817042606478
19,4,6,21,3,1,categorical,3,prototype_discretization,0.1444055932317497,0.43897243107769424,0.05920426065162907,0.012218045112781906
19,4,7,9,1,1,continuous,0,continuous_scalar,0.010969887159219092,0.32359022556390976,-0.00023809523809523725,-0.07440476190476186
19,4,8,19,2,5,categorical,5,prototype_discretization,0.07837103509884118,0.22929197994987469,-0.007437343358395987,-0.011246867167919783
19,4,9,2,0,2,continuous,0,continuous_scalar,0.06435634836666551,0.42550125313283205,0.010839598997493727,-0.0022556390977443996
19,4,10,13,1,5,continuous,0,continuous_scalar,0.03654392826658162,0.2969298245614035,-0.0009711779448621672,-0.005106516290726781
19,4,11,3,0,3,continuous,0,continuous_scalar,0.013370044569623535,0.287468671679198,0.01578947368421053,-0.02243107769423558
19,4,12,12,1,4,continuous,0,continuous_scalar,0.07723900845496101,0.3493107769423559,0.008703007518797,-0.0028508771929824928
19,4,13,17,2,3,continuous,0,continuous_scalar,0.05334594978914067,0.39602130325814533,0.03274436090225563,0.002568922305764443
19,4,14,1,0,1,continuous,0,continuous_scalar,0.015099673171358326,0.2692982456140351,-0.002462406015037599,-0.018264411027568928
20,2,0,30,3,5,continuous,0,continuous_scalar,0.04410594490965745,0.4282277465918204,0.0,0.0
20,2,1,18,2,2,continuous,0,continuous_scalar,0.011720768089140705,0.46872493985565356,0.0,0.0
20,2,2,1,0,1,continuous,0,continuous_scalar,0.014001159989089074,0.5208500400962309,0.0,0.0
20,2,3,15,1,7,continuous,0,continuous_scalar,0.008534325860077048,0.45709703287890935,0.0,0.0
20,2,4,22,2,6,categorical,2,threshold_binning,0.24614769701473196,0.8448275862068966,0.14755412991178826,0.01724137931034475
20,2,5,12,1,4,continuous,0,continuous_scalar,0.22039513307802971,0.4859663191659984,0.0,0.0
20,2,6,32,3,7,continuous,0,continuous_scalar,0.08362306368248555,0.5036086607858861,0.0,0.0
20,2,7,3,0,3,continuous,0,continuous_scalar,8.793388669152661e-05,0.5032076984763432,0.0,0.0
20,2,8,27,3,2,continuous,0,continuous_scalar,0.371383973490097,0.942261427425822,0.29077786688051327,0.13231756214915802
21,4,0,10,1,2,continuous,0,continuous_scalar,0.0009519510856113721,0.27222222222222225,0.015833333333333276,0.05138888888888893
21,4,1,25,3,1,continuous,0,continuous_scalar,0.1348210760899454,0.31666666666666665,0.01749999999999994,0.012499999999999956
21,4,2,2,0,2,continuous,0,continuous_scalar,0.0004335163705274047,0.45,0.024166666666666604,0.012499999999999956
21,4,3,12,1,4,continuous,0,continuous_scalar,0.07285881826955025,0.375,0.05888888888888881,0.012499999999999956
21,4,4,29,3,5,continuous,0,continuous_scalar,0.286111426421558,0.5055555555555556,0.03833333333333329,0.026388888888888795
21,4,5,9,1,1,categorical,3,prototype_discretization,0.03901129248919693,0.3666666666666667,0.0277777777777777,0.05138888888888882
21,4,6,15,2,0,continuous,0,continuous_scalar,0.13137392995121772,0.45416666666666666,0.040555555555555525,0.05138888888888882
21,4,7,8,1,0,continuous,0,continuous_scalar,0.061371209151774575,0.3055555555555556,0.06999999999999992,0.012499999999999956
21,4,8,3,0,3,continuous,0,continuous_scalar,0.1203810800822463,0.3847222222222222,0.06138888888888885,0.02499999999999991
21,4,9,16,2,1,continuous,0,continuous_scalar,0.0785812102086614,0.38055555555555554,0.22833333333333322,0.2347222222222221
21,4,10,18,2,3,continuous,0,continuous_scalar,0.022381586632617183,0.22499999999999998,0.028888888888888787,0.026388888888888795
21,4,11,1,0,1,continuous,0,continuous_scalar,0.00015117841610425906,0.3458333333333333,0.0011111111111111072,0.012499999999999956
21,4,12,4,0,4,categorical,2,threshold_binning,0.0005287820735667338,0.2791666666666667,0.01305555555555551,0.03888888888888875
21,4,13,20,2,5,continuous,0,continuous_scalar,0.05104294275742246,0.3736111111111111,0.04472222222222215,0.012499999999999956
22,2,0,17,2,2,continuous,0,continuous_scalar,0.07843790764838093,0.554093567251462,0.029532163742690055,0.06798245614035092
22,2,1,28,3,3,categorical,3,threshold_binning,0.4050200906718939,0.48903508771929827,0.014181286549707583,0.040935672514619825
22,2,2,25,3,0,continuous,0,continuous_scalar,0.014298343991280988,0.6111111111111112,-0.00014619883040936087,0.0014619883040934978
22,2,3,16,2,1,continuous,0,continuous_scalar,0.002367542050588535,0.5263157894736843,-0.0045321637426900315,0.0007309941520466934
22,2,4,23,2,8,continuous,0,continuous_scalar,0.026312275235584517,0.4978070175438597,0.006140350877192935,0.014619883040935644
22,2,5,0,0,0,categorical,2,prototype_discretization,0.05698881990112795,0.5321637426900585,0.023976608187134495,0.08187134502923976
22,2,6,19,2,4,categorical,3,threshold_binning,0.10518767615497224,0.6038011695906433,0.02573099415204678,-0.02777777777777779
22,2,7,31,3,6,continuous,0,continuous_scalar,0.1353815052226576,0.6067251461988304,0.05394736842105261,0.06798245614035092
22,2,8,5,0,5,categorical,2,prototype_discretization,0.00010517335128607169,0.5467836257309941,-0.003216374269005895,-0.027046783625730986
22,2,9,20,2,5,continuous,0,continuous_scalar,0.07724338410957245,0.48318713450292394,0.09444444444444444,0.012426900584795342
22,2,10,8,1,0,categorical,4,prototype_discretization,0.06679058569947406,0.5628654970760234,0.02514619883040938,0.054824561403508776
22,2,11,6,0,6,continuous,0,continuous_scalar,0.00022049303276557364,0.5007309941520468,0.018713450292397637,0.011695906432748537
22,2,12,11,1,3,continuous,0,continuous_scalar,0.01907119775264932,0.47514619883040937,0.0021929824561403464,-0.013157894736842146
22,2,13,3,0,3,categorical,2,threshold_binning,0.011422605844597521,0.5058479532163742,0.016520467836257314,0.0007309941520466934
22,2,14,4,0,4,categorical,3,prototype_discretization,0.0011523993331683734,0.4437134502923976,0.007456140350877205,0.027046783625730986
23,3,0,14,1,6,continuous,0,continuous_scalar,0.0002880807269737544,0.3212121212121212,0.0037575757575757374,-0.053333333333333344
23,3,1,4,0,4,categorical,3,prototype_discretization,0.0043828876268011945,0.29696969696969694,0.0064242424242424104,0.024848484848484842
23,3,2,6,0,6,categorical,3,threshold_binning,0.0002507632958325419,0.2539393939393939,0.0004848484848484991,-0.016969696969696968
23,3,3,9,1,1,continuous,0,continuous_scalar,0.00012336000627319945,0.3648484848484849,0.023636363636363643,0.06666666666666671
23,3,4,8,1,0,categorical,2,threshold_binning,0.0026334878343464573,0.3951515151515152,0.008000000000000007,0.0533333333333334
23,3,5,16,2,1,continuous,0,continuous_scalar,0.04731394992039258,0.5036363636363637,0.07612121212121212,0.06484848484848488
23,3,6,20,2,5,continuous,0,continuous_scalar,0.002088751101332369,0.2739393939393939,0.043393939393939415,0.03818181818181815
23,3,7,27,3,4,categorical,6,prototype_discretization,0.38289433422651775,0.4539393939393939,0.05260606060606067,0.040000000000000036
23,3,8,11,1,3,continuous,0,continuous_scalar,0.0021858335072135813,0.41818181818181815,0.02133333333333336,0.026666666666666672
23,3,9,18,2,3,categorical,6,threshold_binning,0.06939993249157922,0.4581818181818182,0.04266666666666671,0.040000000000000036
23,3,10,22,2,7,categorical,2,prototype_discretization,0.0010923996494163022,0.3333333333333333,0.0,0.026666666666666672
23,3,11,19,2,4,continuous,0,continuous_scalar,0.04597814210002587,0.5036363636363637,0.007636363636363641,0.0533333333333334
23,3,12,2,0,2,categorical,3,prototype_discretization,0.0050510859537654905,0.4484848484848485,-0.005333333333333345,0.040000000000000036
23,3,13,21,2,6,continuous,0,continuous_scalar,0.049482203968267156,0.37272727272727274,0.04145454545454545,0.013333333333333364
23,3,14,23,3,0,continuous,0,continuous_scalar,0.38419579416311245,0.34424242424242424,0.008727272727272717,0.03818181818181815
23,3,15,0,0,0,continuous,0,continuous_scalar,0.0026389934281500628,0.24363636363636365,0.019393939393939408,0.0533333333333334
24,2,0,15,2,0,categorical,3,threshold_binning,0.07766795572871653,0.5119485294117647,-0.0034926470588235504,-0.06066176470588236
24,2,1,26,3,5,continuous,0,continuous_scalar,0.043927722460046795,0.546875,0.04356617647058825,-0.0009191176470588758
24,2,2,21,3,0,categorical,3,prototype_discretization,0.1093336561947993,0.6231617647058824,-0.008823529411764675,-0.015625
24,2,3,13,1,5,continuous,0,continuous_scalar,0.005280550051808375,0.48897058823529416,-0.020955882352941192,0.0
24,2,4,2,0,2,categorical,4,prototype_discretization,0.047105256189692836,0.5358455882352942,-0.009375,0.0
24,2,5,7,0,7,continuous,0,continuous_scalar,0.00867992183375444,0.44025735294117646,-0.012132352941176493,0.014705882352941124
24,2,6,28,3,7,categorical,4,threshold_binning,0.08006959441420507,0.5772058823529411,-0.0022058823529411908,-0.059742647058823595
24,2,7,18,2,3,continuous,0,continuous_scalar,0.03579548153231232,0.5137867647058824,0.02150735294117647,0.014705882352941124
24,2,8,17,2,2,continuous,0,continuous_scalar,0.000810402094878114,0.5477941176470589,-0.05128676470588234,-0.015625
24,2,9,9,1,1,categorical,4,prototype_discretization,0.003827205470709956,0.6608455882352942,-0.0382352941176471,-0.045955882352941124
24,2,10,5,0,5,continuous,0,continuous_scalar,0.005171437599694029,0.48253676470588236,-0.026838235294117642,-0.030330882352941124
24,2,11,12,1,4,continuous,0,continuous_scalar,0.06693037948701083,0.5284926470588236,-0.015625,-0.03125
24,2,12,27,3,6,continuous,0,continuous_scalar,0.08588727391813088,0.5615808823529411,-0.01783088235294117,-0.015625
24,2,13,16,2,1,continuous,0,continuous_scalar,0.061184502946334964,0.5909926470588236,-0.00588235294117645,0.0
24,2,14,29,3,8,continuous,0,continuous_scalar,0.3679956791127896,0.5891544117647058,0.05128676470588236,-0.0009191176470588758
24,2,15,24,3,3,continuous,0,continuous_scalar,0.0003329809651160049,0.5027573529411764,-0.03952205882352937,-0.030330882352941124
25,2,0,12,1,4,categorical,4,threshold_binning,0.0445360556554702,0.4017857142857143,-0.01535714285714287,-0.029910714285714346
25,2,1,22,2,5,continuous,0,continuous_scalar,0.009482882387513648,0.47857142857142854,-0.009375,0.0
25,2,2,16,1,8,continuous,0,continuous_scalar,0.00013332773154660693,0.4357142857142857,0.0028571428571428693,-0.015625
25,2,3,9,1,1,continuous,0,continuous_scalar,0.0015218003807955305,0.5111607142857143,-0.0002678571428571308,-0.015625
25,2,4,11,1,3,continuous,0,continuous_scalar,0.0740606342320504,0.5214285714285714,0.0,0.0
25,2,5,21,2,4,continuous,0,continuous_scalar,0.08271053268957339,0.4888392857142857,-0.0125,-0.015625
25,2,6,18,2,1,categorical,2,prototype_discretization,0.04239649289607574,0.45267857142857143,0.0,-0.014285714285714346
25,2,7,25,3,2,continuous,0,continuous_scalar,0.5194630770918527,0.8803571428571428,0.3438392857142857,0.3629464285714286
25,2,8,2,0,2,categorical,4,threshold_binning,0.01513226033454766,0.5379464285714286,-0.00625,0.0
25,2,9,5,0,5,continuous,0,continuous_scalar,0.04402860675689634,0.40044642857142854,0.0125,-0.014285714285714346
25,2,10,1,0,1,categorical,2,prototype_discretization,0.0026549212801340767,0.5928571428571429,0.0,0.0
25,2,11,27,3,4,continuous,0,continuous_scalar,0.008078970909666132,0.5785714285714285,0.0,0.0
25,2,12,30,3,7,continuous,0,continuous_scalar,0.12342869235368341,0.4513392857142857,0.0,0.0
25,2,13,14,1,6,continuous,0,continuous_scalar,0.03012466788940116,0.6111607142857143,0.0,0.0
25,2,14,6,0,6,continuous,0,continuous_scalar,0.00027439819571252336,0.5486607142857143,0.0,0.0
25,2,15,8,1,0,continuous,0,continuous_scalar,0.0019726792150805005,0.37857142857142856,-0.02160714285714287,0.0
26,3,0,3,0,3,continuous,0,continuous_scalar,0.01102336335794325,0.40277777777777773,-0.013461538461538459,-0.015873015873015817
26,3,1,31,3,4,continuous,0,continuous_scalar,0.0382414676635,0.2572496947496947,0.03141025641025645,0.030601343101343215
26,3,2,10,1,2,continuous,0,continuous_scalar,0.004248312655476958,0.3276098901098901,0.009004884004884039,0.04342185592185599
26,3,3,16,1,8,continuous,0,continuous_scalar,0.014351243955120323,0.3324175824175824,-0.02596153846153846,-0.015873015873015817
26,3,4,5,0,5,continuous,0,continuous_scalar,0.0002133346327511462,0.43162393162393164,-0.06823870573870569,-0.007860195360195221
26,3,5,14,1,6,continuous,0,continuous_scalar,0.22896841230911377,0.6943681318681318,0.01497252747252753,0.04151404151404159
26,3,6,24,2,6,continuous,0,continuous_scalar,0.009885820780664096,0.4136904761904762,-0.0060897435897435456,-0.015873015873015817
26,3,7,19,2,1,continuous,0,continuous_scalar,0.32086329808354924,0.5486874236874236,0.1049603174603175,-0.015873015873015817
26,3,8,0,0,0,categorical,5,prototype_discretization,0.0007070020791809396,0.39888583638583636,-0.010836385836385753,0.02083333333333337
26,3,9,26,2,8,continuous,0,continuous_scalar,0.06195486456389912,0.29876373626373626,-0.021184371184371154,0.009768009768009844
26,3,10,15,1,7,categorical,3,threshold_binning,0.00711603888994127,0.32524420024420025,-0.019581807081807057,-0.02869352869352859
26,3,11,11,1,3,continuous,0,continuous_scalar,0.0005779632478377214,0.3423382173382173,0.0028235653235653803,0.01778083028083033
26,3,12,34,3,7,continuous,0,continuous_scalar,0.30184887778102215,0.36912393162393164,-0.016987179487179427,0.004960317460317554
27,4,0,14,1,6,continuous,0,continuous_scalar,0.11168331716601815,0.26091269841269843,0.08263888888888896,0.07291666666666663
27,4,1,27,2,9,categorical,3,threshold_binning,0.008943276266107088,0.25496031746031744,-0.01617063492063491,-0.0004960317460316332
27,4,2,22,2,4,continuous,0,continuous_scalar,0.17242758962626661,0.1324404761904762,0.008730158730158788,0.01041666666666674
27,4,3,9,1,1,continuous,0,continuous_scalar,0.3332517003283936,0.7088293650793651,0.4908730158730159,0.5942460317460319
27,4,4,10,1,2,continuous,0,continuous_scalar,0.04468191790989055,0.20634920634920634,0.029067460317460346,0.028273809523809645
27,4,5,6,0,6,categorical,4,threshold_binning,0.04594693510623648,0.26339285714285715,0.0011904761904762307,-0.003968253968253954
27,4,6,7,0,7,categorical,5,threshold_binning,0.0237264352969119,0.30158730158730157,0.023611111111111204,0.02083333333333337
27,4,7,30,3,2,categorical,4,prototype_discretization,0.2593388283001757,0.23809523809523808,-0.027480158730158653,-0.010912698412698374
28,2,0,20,2,3,continuous,0,continuous_scalar,0.04551905731864702,0.37882547559966917,0.0,0.0
28,2,1,5,0,5,continuous,0,continuous_scalar,0.009446213900752707,0.5045492142266336,0.0,0.0
28,2,2,12,1,4,continuous,0,continuous_scalar,0.002513581928145693,0.42431761786600497,0.0,0.0
28,2,3,2,0,2,continuous,0,continuous_scalar,0.020637665522762555,0.3825475599669148,0.0,0.0
28,2,4,16,1,8,continuous,0,continuous_scalar,0.27302850217610275,0.8684863523573201,0.26095947063688996,0.057899090157154665
28,2,5,25,2,8,continuous,0,continuous_scalar,0.03890342958484148,0.5140612076095947,0.0,0.0
28,2,6,26,3,0,categorical,3,prototype_discretization,0.016174366767729653,0.48345740281224153,0.0,0.0
28,2,7,7,0,7,continuous,0,continuous_scalar,0.025238725355827038,0.5496277915632755,0.0,0.0
28,2,8,27,3,1,categorical,2,threshold_binning,0.013964302634436241,0.5661703887510339,0.0,0.0
28,2,9,29,3,3,continuous,0,continuous_scalar,0.26336452554247286,0.8941273779983457,0.09057071960297766,0.032258064516129004
28,2,10,21,2,4,categorical,3,threshold_binning,0.02679843779897858,0.6269644334160464,-0.0032258064516129,0.0
28,2,11,22,2,5,continuous,0,continuous_scalar,0.0947186796004484,0.5789909015715466,0.013482216708023142,0.0
28,2,12,31,3,5,continuous,0,continuous_scalar,0.16969251186885506,0.5851943755169562,0.03473945409429273,0.0
29,2,0,2,0,2,continuous,0,continuous_scalar,0.0015067007716001843,0.2757352941176471,-0.0672794117647059,-0.059742647058823595
29,2,1,6,0,6,categorical,2,prototype_discretization,0.00038606238128903334,0.46691176470588236,-0.012316176470588224,-0.0753676470588236
29,2,2,15,1,7,continuous,0,continuous_scalar,0.007515098679984029,0.4384191176470588,-0.005514705882352966,-0.02941176470588236
29,2,3,31,3,5,continuous,0,continuous_scalar,0.6500042755017025,0.49816176470588236,-0.028125,-0.015625
29,2,4,10,1,2,categorical,3,prototype_discretization,0.022395262324634534,0.484375,-0.024448529411764675,-0.03125
29,2,5,32,3,6,categorical,2,threshold_binning,0.12854690851679637,0.5294117647058824,0.015257352941176472,0.04963235294117646
29,2,6,5,0,5,continuous,0,continuous_scalar,0.001879263116975714,0.4384191176470588,0.002022058823529416,-0.016544117647058876
29,2,7,8,1,0,continuous,0,continuous_scalar,0.003491724349145952,0.5735294117647058,-0.012316176470588224,-0.045955882352941124
29,2,8,19,2,1,categorical,4,prototype_discretization,0.08488385443546424,0.5413602941176471,-0.006985294117647078,-0.046875
29,2,9,22,2,4,continuous,0,continuous_scalar,0.03283128900619798,0.5753676470588236,-0.03143382352941175,-0.07444852941176472
29,2,10,4,0,4,continuous,0,continuous_scalar,0.003836546577664026,0.5625,0.005514705882352933,0.02941176470588236
29,2,11,9,1,1,continuous,0,continuous_scalar,0.006027036561860359,0.5459558823529411,0.023345588235294125,0.0009191176470588758
29,2,12,11,1,3,continuous,0,continuous_scalar,0.023479773408001014,0.4678308823529412,-0.06452205882352938,-0.014705882352941124
29,2,13,0,0,0,continuous,0,continuous_scalar,0.002146517203578657,0.5303308823529411,-0.003676470588235303,-0.015625
29,2,14,25,2,7,categorical,4,prototype_discretization,0.023279371128003205,0.5073529411764706,-0.005698529411764697,-0.016544117647058876
29,2,15,17,1,9,continuous,0,continuous_scalar,0.0077903160371022556,0.515625,0.020772058823529414,-0.044117647058823595
30,4,0,31,3,6,continuous,0,continuous_scalar,0.3094705497946761,0.2732323232323232,0.08343434343434337,0.0
30,4,1,25,3,0,categorical,2,threshold_binning,0.039874071370755014,0.375,0.010075757575757538,0.0
30,4,2,19,2,3,continuous,0,continuous_scalar,0.17330365187710256,0.5198232323232324,0.2189141414141414,0.1488636363636363
30,4,3,2,0,2,continuous,0,continuous_scalar,0.02975925179248273,0.2159090909090909,0.02323232323232325,0.009469696969697017
30,4,4,10,1,2,continuous,0,continuous_scalar,0.001856870242312772,0.21792929292929292,-0.013131313131313105,0.009469696969697017
30,4,5,3,0,3,continuous,0,continuous_scalar,0.025293044741519968,0.2226010101010101,0.04729797979797974,0.04861111111111105
30,4,6,1,0,1,continuous,0,continuous_scalar,0.008454906497066702,0.30568181818181817,0.003232323232323253,-0.011363636363636354
30,4,7,24,2,8,continuous,0,continuous_scalar,0.21939122741368144,0.30568181818181817,0.023232323232323226,-0.039141414141414144
30,4,8,8,1,0,continuous,0,continuous_scalar,0.05017561573908509,0.3837121212121212,0.02462121212121211,-0.018308080808080773
30,4,9,4,0,4,continuous,0,continuous_scalar,0.00017195647430143885,0.31666666666666665,-0.011363636363636376,0.009469696969697017
30,4,10,7,0,7,continuous,0,continuous_scalar,0.009043357910480837,0.34419191919191916,0.022803030303030304,0.058080808080808066
30,4,11,15,1,7,categorical,4,threshold_binning,0.13320549614653537,0.25732323232323234,0.01883838383838383,-0.025252525252525193
31,4,0,2,0,2,categorical,2,threshold_binning,0.015608436888576983,0.275,-0.002499999999999969,0.012500000000000067
31,4,1,11,1,3,continuous,0,continuous_scalar,0.006281937800614639,0.3397727272727273,-0.00499999999999996,0.0
31,4,2,3,0,3,continuous,0,continuous_scalar,4.072648631526017e-05,0.20568181818181816,0.0025000000000000356,0.0
31,4,3,19,2,5,categorical,2,threshold_binning,0.16757228120854178,0.5,0.20840909090909093,0.07386363636363635
31,4,4,29,3,7,continuous,0,continuous_scalar,0.48970040045119434,0.6545454545454545,0.36522727272727273,0.33636363636363636
31,4,5,30,3,8,continuous,0,continuous_scalar,0.03182332096147728,0.25681818181818183,-0.01499999999999999,-0.025000000000000022
31,4,6,15,2,1,categorical,2,prototype_discretization,0.012239566293300154,0.2375,0.0,-0.025000000000000022
31,4,7,25,3,3,continuous,0,continuous_scalar,0.003729350312077681,0.2193181818181818,-0.024999999999999977,0.0
31,4,8,14,2,0,continuous,0,continuous_scalar,0.007471935859227421,0.34204545454545454,0.010000000000000031,0.0625
31,4,9,12,1,4,continuous,0,continuous_scalar,0.037438451903830446,0.2693181818181818,0.015000000000000036,0.001136363636363713
31,4,10,8,1,0,continuous,0,continuous_scalar,0.025963511587599023,0.2431818181818182,0.007500000000000018,0.012500000000000067
31,4,11,5,0,5,continuous,0,continuous_scalar,0.03799430173092029,0.23068181818181815,0.019772727272727296,0.025000000000000022
31,4,12,23,3,1,categorical,3,threshold_binning,0.1641357785163247,0.325,0.0,-0.012499999999999956
32,4,0,16,1,8,continuous,0,continuous_scalar,3.618293585242172e-05,0.226010101010101,0.010858585858585856,0.012310606060606077
32,4,1,21,2,4,categorical,3,prototype_discretization,0.0039384254693264455,0.5,0.0,0.012310606060606077
32,4,2,32,3,5,categorical,4,threshold_binning,0.11428041023229481,0.16666666666666666,0.004545454545454542,0.022727272727272707
32,4,3,23,2,6,continuous,0,continuous_scalar,0.28874153700863375,0.8470643939393939,0.009848484848484862,0.0
32,4,4,24,2,7,continuous,0,continuous_scalar,0.009656916852834761,0.26799242424242425,0.0,0.0
32,4,5,36,3,9,continuous,0,continuous_scalar,0.2932017887697644,0.8802083333333334,-0.013825757575757613,-0.01041666666666674
32,4,6,18,2,1,categorical,5,threshold_binning,0.019053006565639057,0.6865530303030303,0.01117424242424241,0.0
32,4,7,22,2,5,continuous,0,continuous_scalar,0.008559837103229443,0.28535353535353536,-0.008333333333333304,0.0
32,4,8,26,2,9,continuous,0,continuous_scalar,0.017585556864170297,0.6594065656565657,0.00555555555555558,0.0
32,4,9,8,1,0,continuous,0,continuous_scalar,0.006480453634235278,0.23279671717171718,0.010858585858585856,0.0
32,4,10,14,1,6,categorical,3,threshold_binning,0.018228656213077024,0.5989583333333333,0.013636363636363624,0.022727272727272707
32,4,11,10,1,2,categorical,3,prototype_discretization,0.10161781034782022,0.6856060606060606,-0.012815656565656553,-0.01041666666666674
32,4,12,19,2,2,continuous,0,continuous_scalar,0.0421424693672497,0.3251262626262626,-0.004482323232323271,-0.01041666666666674
32,4,13,13,1,5,continuous,0,continuous_scalar,0.01482089812061809,0.8661616161616161,0.006944444444444442,0.012310606060606077
32,4,14,15,1,7,categorical,4,prototype_discretization,0.0009517047415044188,0.26515151515151514,0.0,0.0
32,4,15,11,1,3,continuous,0,continuous_scalar,0.060704345773749904,0.8819444444444444,-0.009722222222222254,0.0
33,4,0,11,1,3,continuous,0,continuous_scalar,0.012078742695169063,0.1826923076923077,0.009722222222222233,0.03935185185185186
33,4,1,24,3,4,continuous,0,continuous_scalar,0.36523394925895875,0.29220085470085466,0.03080484330484331,-0.00925925925925919
33,4,2,14,2,0,continuous,0,continuous_scalar,0.010141042375924997,0.21652421652421652,0.002457264957264982,-0.00925925925925919
33,4,3,7,0,7,continuous,0,continuous_scalar,0.0013944520408386318,0.2396723646723647,0.007086894586894621,-0.00925925925925919
33,4,4,0,0,0,continuous,0,continuous_scalar,0.021352138075466875,0.28525641025641024,0.0012108262108262435,-0.01851851851851849
33,4,5,2,0,2,continuous,0,continuous_scalar,0.0002067241715920644,0.20352564102564102,-0.007407407407407351,-0.00925925925925919
33,4,6,1,0,1,continuous,0,continuous_scalar,0.001132116023807919,0.22364672364672364,-0.024679487179487158,-0.03774928774928776
33,4,7,25,3,5,continuous,0,continuous_scalar,0.0858940704226683,0.2806267806267806,0.1308048433048433,0.12393162393162394
33,4,8,13,1,5,continuous,0,continuous_scalar,0.005564596071284011,0.23522079772079774,0.0004629629629629983,0.009971509971510029
33,4,9,22,3,2,categorical,2,prototype_discretization,0.1523180615958016,0.29273504273504275,0.009829059829059872,0.0
33,4,10,20,3,0,continuous,0,continuous_scalar,0.006208613132579268,0.21883903133903132,0.0037037037037037203,0.02777777777777779
33,4,11,15,2,1,continuous,0,continuous_scalar,0.024276704283477026,0.27599715099715094,-0.012499999999999978,-0.01851851851851849
33,4,12,6,0,6,continuous,0,continuous_scalar,0.032335928503979844,0.2706552706552707,0.031125356125356128,0.02777777777777779
33,4,13,4,0,4,categorical,4,prototype_discretization,0.00317092354335501,0.4209401709401709,-0.0018518518518518378,0.0092592592592593
33,4,14,17,2,3,continuous,0,continuous_scalar,0.27869193780509666,0.29451566951566954,0.0014601139601139955,0.0
34,4,0,0,0,0,continuous,0,continuous_scalar,0.0027843108427482305,0.24030748663101603,-0.025213903743315537,-0.053342245989304815
34,4,1,30,3,5,continuous,0,continuous_scalar,0.06041919168001109,0.35601604278074866,0.04644385026737966,0.05327540106951867
34,4,2,17,2,1,categorical,2,prototype_discretization,0.0006263748010192641,0.2894385026737968,-0.0022727272727272817,0.028275401069518702
34,4,3,27,3,2,continuous,0,continuous_scalar,0.054264123937810105,0.2993315508021391,-0.023168449197860985,0.0010695187165775666
34,4,4,12,1,4,categorical,2,threshold_binning,0.07248844723020477,0.285427807486631,-0.0012700534759358506,-0.015842245989304837
34,4,5,21,2,5,categorical,4,threshold_binning,0.14842470849240513,0.25735294117647056,-0.04280748663101606,-0.04304812834224597
34,4,6,26,3,1,continuous,0,continuous_scalar,0.5573364287834464,0.26196524064171123,-0.026524064171123008,-0.03636363636363632
34,4,7,9,1,1,continuous,0,continuous_scalar,0.05085980602680015,0.31524064171122995,-0.024064171122994672,0.0077540106951871635
34,4,8,10,1,2,continuous,0,continuous_scalar,0.0013257785589635442,0.17232620320855616,-0.0199866310160428,-0.012500000000000011
34,4,9,3,0,3,categorical,4,threshold_binning,0.04314162613311896,0.339572192513369,-0.05557486631016044,-0.068048128342246
34,4,10,15,1,7,continuous,0,continuous_scalar,0.0012836252853914226,0.3445855614973262,-0.05901069518716577,-0.019451871657754027
34,4,11,6,0,6,categorical,3,threshold_binning,0.007045578228080983,0.3286764705882353,-0.023649732620320874,-0.03750000000000003
35,2,0,4,0,4,continuous,0,continuous_scalar,8.252661481277348e-06,0.5022321428571428,0.010714285714285742,0.03571428571428581
35,2,1,0,0,0,continuous,0,continuous_scalar,0.06714747833366046,0.5870535714285714,0.003571428571428581,0.0
35,2,2,5,0,5,continuous,0,continuous_scalar,0.0007715791463803656,0.5357142857142857,0.003125,0.017857142857142905
35,2,3,17,2,0,continuous,0,continuous_scalar,0.21494669325846863,0.53125,0.010714285714285742,0.0
35,2,4,11,1,3,categorical,2,threshold_binning,0.0012598738648470435,0.48660714285714285,0.007142857142857162,0.03571428571428581
35,2,5,20,2,3,continuous,0,continuous_scalar,0.01706429132104853,0.5647321428571428,0.028125000000000067,0.0691964285714286
35,2,6,3,0,3,categorical,3,prototype_discretization,0.01642290131143226,0.6361607142857143,0.016964285714285744,0.017857142857142905
35,2,7,22,2,5,continuous,0,continuous_scalar,0.12856066878629063,0.8928571428571428,0.0852678571428572,0.05133928571428581
35,2,8,21,2,4,categorical,2,threshold_binning,0.0703142134609171,0.6696428571428572,0.047321428571428646,0.0535714285714286
35,2,9,27,3,2,continuous,0,continuous_scalar,0.20862569024844976,0.828125,0.07589285714285723,0.033482142857142905
35,2,10,29,3,4,continuous,0,continuous_scalar,0.024835037952482708,0.8772321428571428,0.09910714285714292,0.07142857142857151
35,2,11,30,3,5,continuous,0,continuous_scalar,0.1130718704625575,0.5401785714285714,0.06919642857142863,0.017857142857142905
35,2,12,7,0,7,continuous,0,continuous_scalar,0.002300420816293561,0.40625,0.003571428571428581,0.03571428571428581
35,2,13,23,2,6,continuous,0,continuous_scalar,0.003736119872578821,0.5915178571428572,0.007142857142857162,0.015625
35,2,14,12,1,4,categorical,5,prototype_discretization,0.1309349085031114,0.6495535714285714,0.020982142857142904,0.03571428571428581
36,4,0,19,2,1,continuous,0,continuous_scalar,0.08981164935400623,0.29178338001867415,0.00882352941176463,0.02941176470588225
36,4,1,11,1,3,categorical,2,prototype_discretization,0.021116563758961458,0.296218487394958,-4.4408920985006264e-17,0.02941176470588225
36,4,2,1,0,1,continuous,0,continuous_scalar,0.2040212025486068,0.7633053221288515,0.05326797385620909,0.0
36,4,3,28,3,0,categorical,3,threshold_binning,0.09387331561432434,0.4009103641456583,0.008823529411764675,0.02941176470588225
36,4,4,23,2,5,categorical,2,prototype_discretization,0.10207842859901674,0.4722222222222222,0.08235294117647048,0.0
36,4,5,17,1,9,continuous,0,continuous_scalar,0.08961457891802323,0.22350606909430437,0.02026143790849666,0.0
36,4,6,31,3,3,categorical,3,prototype_discretization,0.06589836205662862,0.26587301587301587,0.017483660130718892,0.0
36,4,7,21,2,3,continuous,0,continuous_scalar,0.10087275336676725,0.3843370681605976,0.03218954248366004,0.014705882352941124
36,4,8,10,1,2,continuous,0,continuous_scalar,0.16683748308336355,0.7732259570494864,0.03307656395891687,0.0
36,4,9,18,2,0,continuous,0,continuous_scalar,0.01914511779526869,0.7315592903828199,0.05452847805788976,0.01388888888888895
36,4,10,27,2,9,continuous,0,continuous_scalar,0.017692272666088624,0.34967320261437906,0.00588235294117645,0.02941176470588225
36,4,11,9,1,1,continuous,0,continuous_scalar,0.02903827223894442,0.31395891690009337,0.0004901960784313708,0.014705882352941124
37,3,0,10,1,2,categorical,4,threshold_binning,0.00958020394433298,0.34688995215310997,0.0215311004784689,0.06778309409888356
37,3,1,22,2,7,continuous,0,continuous_scalar,0.15401202468318756,0.5175438596491228,0.062200956937799055,0.015151515151515138
37,3,2,29,3,6,continuous,0,continuous_scalar,0.014515537176229484,0.4824561403508772,-0.006539074960127589,0.015151515151515138
37,3,3,30,3,7,continuous,0,continuous_scalar,0.08090272929963252,0.36921850079744817,-0.001116427432216871,0.03508771929824567
37,3,4,20,2,5,continuous,0,continuous_scalar,0.012107479659277085,0.3038277511961722,0.026156299840510377,0.0047846889952153915
37,3,5,23,3,0,continuous,0,continuous_scalar,0.1699643063100339,0.2288676236044657,-0.061403508771929814,-0.032695374800638
37,3,6,27,3,4,continuous,0,continuous_scalar,0.10361685958361577,0.41228070175438597,0.022488038277511956,0.050239234449760806
37,3,7,18,2,3,continuous,0,continuous_scalar,0.0015478818236776546,0.2113237639553429,-0.026156299840510357,-0.010366826156299747
37,3,8,9,1,1,continuous,0,continuous_scalar,0.09184448298514493,0.3118022328548644,0.03811802232854863,0.06778309409888356
37,3,9,24,3,1,continuous,0,continuous_scalar,0.3526689174910001,0.4577352472089314,0.0360446570972887,0.06539074960127594
37,3,10,1,0,1,continuous,0,continuous_scalar,0.009239577043868014,0.30143540669856456,0.009409888357256768,0.0047846889952153915
38,2,0,32,3,6,categorical,2,threshold_binning,0.31026988341060835,0.9242424242424243,0.24155844155844153,0.017857142857142794
38,2,1,27,3,1,continuous,0,continuous_scalar,0.20674467958068962,0.5021645021645021,0.0,0.0
38,2,2,13,1,5,continuous,0,continuous_scalar,0.014090874525456263,0.5557359307359307,-0.003571428571428581,0.0
38,2,3,7,0,7,categorical,2,threshold_binning,0.0029533158512579927,0.5064935064935066,0.0,0.0
38,2,4,20,2,4,continuous,0,continuous_scalar,0.19787288905494818,0.8376623376623377,0.1505411255411255,-0.02056277056277067
38,2,5,4,0,4,continuous,0,continuous_scalar,0.034358502804689155,0.5173160173160173,0.0,0.0
38,2,6,14,1,6,continuous,0,continuous_scalar,0.02948760528500563,0.4745670995670996,0.0,0.0
38,2,7,10,1,2,categorical,2,threshold_binning,0.009966680194646367,0.48430735930735935,0.0,0.0
38,2,8,17,2,1,continuous,0,continuous_scalar,0.19425556929269844,0.586038961038961,-0.005519480519480524,0.0
39,3,0,7,0,7,continuous,0,continuous_scalar,0.0062535112708435306,0.34074074074074073,0.0,0.0
39,3,1,17,2,3,continuous,0,continuous_scalar,2.3261674122312203e-06,0.26851851851851855,0.0,0.0
39,3,2,1,0,1,categorical,2,prototype_discretization,0.026994158208997115,0.31666666666666665,0.0,0.0
39,3,3,26,3,3,continuous,0,continuous_scalar,6.465214683689944e-05,0.3074074074074074,0.0,0.0
39,3,4,29,3,6,continuous,0,continuous_scalar,0.0379657265060241,0.9722222222222223,0.0,0.0
39,3,5,18,2,4,categorical,2,prototype_discretization,2.2364922952466764e-05,0.65,0.0,0.0
39,3,6,25,3,2,categorical,2,prototype_discretization,0.007641235112138462,0.39999999999999997,0.0,0.0
39,3,7,11,1,3,continuous,0,continuous_scalar,0.1928813219099155,0.9092592592592593,0.0,0.0
39,3,8,9,1,1,continuous,0,continuous_scalar,1.0555280018740213e-07,0.2537037037037037,0.0,0.0
39,3,9,23,3,0,continuous,0,continuous_scalar,0.19554362276006215,0.837037037037037,-0.006666666666666643,-0.011111111111111072
39,3,10,28,3,5,continuous,0,continuous_scalar,0.00328838352014544,0.9444444444444445,-0.0022222222222222144,-0.011111111111111072
39,3,11,12,1,4,continuous,0,continuous_scalar,0.13916986112887322,0.37222222222222223,0.0,0.0
39,3,12,10,1,2,categorical,2,prototype_discretization,0.0012465646006773517,0.5370370370370371,0.0,0.0
39,3,13,19,2,5,continuous,0,continuous_scalar,0.2017609791672431,0.9814814814814815,0.0022222222222222144,0.0
39,3,14,0,0,0,continuous,0,continuous_scalar,0.18427628279068534,0.924074074074074,-0.006666666666666643,-0.011111111111111072
39,3,15,20,2,6,continuous,0,continuous_scalar,0.002888904234392942,0.9481481481481482,0.0,0.0
40,2,0,21,2,7,continuous,0,continuous_scalar,0.02312024397953438,0.49573643410852714,-0.01728682170542637,-0.011627906976744207
40,2,1,27,3,5,continuous,0,continuous_scalar,0.2808850790918036,0.5306201550387597,0.04209302325581397,0.04496124031007753
40,2,2,7,0,7,categorical,2,prototype_discretization,0.00017627117919563815,0.46395348837209305,-0.01596899224806205,0.0
40,2,3,16,2,2,categorical,3,prototype_discretization,0.009520220359341702,0.5875968992248062,0.013333333333333353,0.011627906976744207
40,2,4,3,0,3,continuous,0,continuous_scalar,0.04201056641764825,0.6104651162790697,0.005038759689922512,0.01666666666666672
40,2,5,25,3,3,continuous,0,continuous_scalar,0.10149651287648868,0.5771317829457364,0.03410852713178294,0.005038759689922512
40,2,6,4,0,4,continuous,0,continuous_scalar,0.03793969896221027,0.5488372093023256,0.011705426356589155,0.01666666666666672
40,2,7,23,3,1,continuous,0,continuous_scalar,0.3222456313501917,0.44069767441860463,-0.016279069767441822,-0.028294573643410925
40,2,8,28,3,6,continuous,0,continuous_scalar,0.05065946178136385,0.4906976744186047,0.06395348837209305,0.050000000000000044
40,2,9,12,1,4,continuous,0,continuous_scalar,0.13194631400222195,0.5957364341085272,0.007364341085271309,0.03837209302325584
41,2,0,4,0,4,continuous,0,continuous_scalar,0.00012271050425475538,0.49633699633699635,0.03214285714285718,0.03571428571428581
41,2,1,14,1,6,categorical,5,prototype_discretization,0.08990631168716992,0.6648351648351649,0.014285714285714323,0.0
41,2,2,13,1,5,categorical,2,prototype_discretization,8.586569345905245e-06,0.532967032967033,0.003571428571428581,0.03571428571428581
41,2,3,18,2,0,continuous,0,continuous_scalar,0.04316583557469424,0.5883699633699634,0.003571428571428581,0.017857142857142905
41,2,4,30,3,6,continuous,0,continuous_scalar,0.14808174802601276,0.5370879120879121,0.021428571428571484,0.017857142857142905
41,2,5,11,1,3,continuous,0,continuous_scalar,0.002938078143819259,0.5425824175824175,0.003571428571428581,0.012820512820512886
41,2,6,29,3,5,categorical,3,prototype_discretization,0.10527158685694378,0.6336996336996337,0.03782051282051289,0.048534798534798584
41,2,7,2,0,2,continuous,0,continuous_scalar,0.0012028762423431558,0.5119047619047619,0.014285714285714323,0.03571428571428581
41,2,8,22,2,4,continuous,0,continuous_scalar,0.16069274239234727,0.5728021978021978,0.0475274725274726,0.017857142857142905
41,2,9,25,3,1,categorical,4,threshold_binning,0.03330487145770709,0.690018315018315,0.042857142857142906,0.0535714285714286
41,2,10,12,1,4,categorical,2,prototype_discretization,0.001601317481990444,0.5370879120879121,0.010714285714285742,0.017857142857142905
41,2,11,26,3,2,continuous,0,continuous_scalar,7.998250505095139e-05,0.5934065934065934,0.014285714285714323,0.03571428571428581
41,2,12,6,0,6,continuous,0,continuous_scalar,1.07926763038207e-05,0.46565934065934067,0.03727106227106234,0.048534798534798584
41,2,13,27,3,3,continuous,0,continuous_scalar,0.07413895254450814,0.4706959706959707,0.05201465201465205,0.0535714285714286
41,2,14,10,1,2,continuous,0,continuous_scalar,0.1430624165319339,0.6698717948717949,0.14001831501831505,0.10989010989010994
41,2,15,24,3,0,continuous,0,continuous_scalar,0.19641119080557462,0.6240842490842491,0.05054945054945057,0.048534798534798584
42,3,0,30,3,5,continuous,0,continuous_scalar,0.28444058276466555,0.4316993464052287,-0.01718954248366018,0.005555555555555536
42,3,1,27,3,2,categorical,5,prototype_discretization,0.020036172386006974,0.48202614379084974,0.0067973856209149865,-0.024836601307189676
42,3,2,19,2,4,continuous,0,continuous_scalar,0.07435021612350189,0.4261437908496732,0.032156862745098005,-0.05294117647058827
42,3,3,28,3,3,continuous,0,continuous_scalar,0.20872008924497248,0.33431372549019606,0.058954248366013,-0.013725490196078383
42,3,4,8,1,0,categorical,3,threshold_binning,0.00015498585156104562,0.26437908496732027,-0.004444444444444517,-0.01928104575163414
42,3,5,24,2,9,categorical,5,prototype_discretization,0.08580176012347737,0.5238562091503268,-0.02934640522875822,-0.022222222222222365
42,3,6,20,2,5,categorical,4,prototype_discretization,0.02693782106541241,0.42058823529411765,0.0035294117647058252,-0.03594771241830075
42,3,7,0,0,0,continuous,0,continuous_scalar,0.05933233929709572,0.4735294117647058,-0.04444444444444455,-0.04444444444444451
42,3,8,3,0,3,continuous,0,continuous_scalar,0.015028577413494663,0.4428104575163399,-0.02333333333333345,-0.03888888888888897
42,3,9,11,1,3,categorical,4,threshold_binning,0.04271242833078502,0.4081699346405229,-0.023333333333333473,-0.0277777777777779
42,3,10,12,1,4,continuous,0,continuous_scalar,0.04265070493546311,0.4343137254901961,0.005098039215686212,-0.05555555555555569
42,3,11,16,2,1,continuous,0,continuous_scalar,0.12255966384170273,0.33398692810457514,0.02111111111111106,-0.01666666666666683
42,3,12,6,0,6,categorical,3,threshold_binning,0.017274658621861026,0.39705882352941174,-0.028823529411764824,-0.03888888888888897
43,4,0,18,2,4,continuous,0,continuous_scalar,0.0002607327660063841,0.2142565359477124,0.043104575163398676,0.04526143790849668
43,4,1,24,3,2,continuous,0,continuous_scalar,0.22656442801317403,0.6195057189542483,0.13645833333333326,-0.0019607843137255943
43,4,2,2,0,2,continuous,0,continuous_scalar,1.6177907117566674e-05,0.2025735294117647,0.038104575163398643,0.0433006535947712
43,4,3,7,0,7,continuous,0,continuous_scalar,0.00513863389876379,0.15324754901960785,0.02545751633986919,-0.011111111111111072
43,4,4,5,0,5,continuous,0,continuous_scalar,0.0064991458962559,0.13370098039215686,0.036482843137254826,0.0018586601307188921
43,4,5,20,2,6,continuous,0,continuous_scalar,0.0025199041528397486,0.34473039215686274,0.006568627450980302,-0.028594771241830186
43,4,6,25,3,3,continuous,0,continuous_scalar,0.5573990223520283,0.2863562091503268,-0.0038888888888889417,0.016666666666666607
43,4,7,15,2,1,categorical,3,threshold_binning,0.031207470544893836,0.39583333333333337,0.012549019607843048,-0.01388888888888895
43,4,8,3,0,3,continuous,0,continuous_scalar,0.15158473702470038,0.610702614379085,0.19191176470588234,0.027450980392156765
43,4,9,10,1,2,continuous,0,continuous_scalar,0.00010502909518848574,0.3328022875816994,0.019183006535947643,0.028594771241829964
43,4,10,8,1,0,continuous,0,continuous_scalar,0.018704718349031545,0.18843954248366013,0.024836601307189475,-0.011928104575163467
44,4,0,3,0,3,continuous,0,continuous_scalar,0.06118361566507694,0.2961627140974967,0.027717391304347815,0.03840579710144926
44,4,1,17,2,1,continuous,0,continuous_scalar,0.09816064764575541,0.2965415019762846,0.09015480895915677,0.06495388669301716
44,4,2,22,3,0,categorical,5,prototype_discretization,0.014021125622950869,0.2168148880105402,-0.006666666666666698,0.020833333333333315
44,4,3,10,1,2,continuous,0,continuous_scalar,0.030759826172184312,0.2182806324110672,-0.005978260869565255,-0.005797101449275366
44,4,4,2,0,2,continuous,0,continuous_scalar,0.00013077708835279228,0.2525197628458498,-0.009090909090909084,-0.005797101449275366
44,4,5,25,3,3,continuous,0,continuous_scalar,0.13737951692680594,0.5335474308300395,0.1862812911725955,0.17579051383399208
44,4,6,1,0,1,continuous,0,continuous_scalar,9.696163641797902e-05,0.1824110671936759,0.009528985507246356,0.03840579710144926
44,4,7,28,3,6,continuous,0,continuous_scalar,0.07062205372798584,0.2426383399209486,0.005576416337285917,0.021739130434782594
44,4,8,9,1,1,categorical,2,prototype_discretization,0.031034259943164087,0.2878787878787879,-0.01985507246376812,-0.005797101449275366
44,4,9,8,1,0,continuous,0,continuous_scalar,0.0023617646157591036,0.29672266139657444,0.01217391304347828,0.010869565217391353
44,4,10,29,3,7,categorical,3,threshold_binning,0.20064639972204554,0.3399868247694334,0.01637681159420289,0.021739130434782594
44,4,11,23,3,1,continuous,0,continuous_scalar,0.34637418177876134,0.22381422924901187,-0.0013043478260869712,0.04257246376811591
44,4,12,6,0,6,continuous,0,continuous_scalar,0.007228869454739813,0.2747200263504611,-0.012644927536231875,-0.01666666666666672
45,3,0,21,2,6,continuous,0,continuous_scalar,0.05394634104938062,0.3888192267502612,-0.014294670846394953,0.03448275862068967
45,3,1,27,3,3,continuous,0,continuous_scalar,0.09920557626393249,0.3439916405433647,0.012173458725182884,-0.0318181818181818
45,3,2,29,3,5,continuous,0,continuous_scalar,0.35894311045248806,0.3643155694879832,-0.013625914315569454,-0.029676071055381392
45,3,3,7,0,7,categorical,3,prototype_discretization,0.000991901394814736,0.3942006269592477,0.01126436781609198,-0.015151515151515138
45,3,4,12,1,4,categorical,3,prototype_discretization,0.01680814619694473,0.2777951933124347,-0.009195402298850552,-0.03965517241379307
45,3,5,9,1,1,continuous,0,continuous_scalar,0.0002795035890514503,0.3476489028213166,-0.0037931034482758365,0.02298850574712652
45,3,6,32,3,8,continuous,0,continuous_scalar,0.18971516461595503,0.36912225705329155,0.0007628004179728642,-0.016666666666666607
45,3,7,4,0,4,continuous,0,continuous_scalar,0.011418331463585982,0.41760710553814,-0.002424242424242373,-0.06844305120167188
45,3,8,2,0,2,continuous,0,continuous_scalar,0.019966875085742204,0.3054858934169279,0.00028213166144203106,0.01933124346917453
45,3,9,22,2,7,continuous,0,continuous_scalar,0.04114854316489066,0.4106583072100314,0.00907001044932081,-0.05062695924764882
45,3,10,13,1,5,categorical,6,prototype_discretization,0.046839951279376,0.3670846394984326,0.027962382445141088,0.018181818181818243
45,3,11,15,2,0,categorical,4,threshold_binning,0.0967430043024525,0.4181818181818182,0.024723092998955098,-0.013636363636363669
45,3,12,31,3,7,continuous,0,continuous_scalar,0.06399355114138551,0.32100313479623827,0.030449320794148416,0.04848484848484852
46,4,0,22,2,6,categorical,2,threshold_binning,0.08067488682265056,0.40909090909090906,0.030800865800865784,-0.012500000000000067
46,4,1,24,3,0,categorical,2,prototype_discretization,0.2287480550181678,0.36363636363636365,0.026212121212121176,0.03571428571428559
46,4,2,19,2,3,continuous,0,continuous_scalar,0.2384053745235856,0.47023809523809523,0.20348484848484844,0.20497835497835487
46,4,3,25,3,1,continuous,0,continuous_scalar,0.1137965123168511,0.2856601731601731,0.005303030303030254,0.0
46,4,4,12,1,4,categorical,4,prototype_discretization,0.006311462772224672,0.3073593073593074,0.01599567099567094,-0.011417748917748938
46,4,5,27,3,3,continuous,0,continuous_scalar,0.18668631450790818,0.32705627705627704,0.14270562770562764,0.01130952380952377
46,4,6,29,3,5,continuous,0,continuous_scalar,0.07073083161998842,0.3191017316017316,0.023452380952380912,-0.0005952380952380931
46,4,7,18,2,2,categorical,3,prototype_discretization,0.07418348700827967,0.2920454545454545,-0.019112554112554192,-0.03582251082251098
46,4,8,1,0,1,categorical,4,threshold_binning,0.0004630754103439574,0.35389610389610393,0.009166666666666611,0.011904761904761862
47,2,0,0,0,0,continuous,0,continuous_scalar,0.01887409772422268,0.6052631578947368,-0.0016194331983805821,0.0
47,2,1,13,1,5,categorical,4,prototype_discretization,0.007234149058548544,0.4291497975708502,0.0,-0.013157894736842146
47,2,2,4,0,4,continuous,0,continuous_scalar,0.005809946818581905,0.4888663967611336,-0.01194331983805672,-0.013157894736842146
47,2,3,9,1,1,continuous,0,continuous_scalar,0.016053829208311964,0.6437246963562753,0.012955465587044501,0.019230769230769162
47,2,4,15,1,7,categorical,3,prototype_discretization,0.08222347657826669,0.645748987854251,-0.007894736842105288,-0.013157894736842146
47,2,5,10,1,2,continuous,0,continuous_scalar,0.03758047005790642,0.7064777327935223,0.0072874493927125306,0.019230769230769162
47,2,6,7,0,7,continuous,0,continuous_scalar,0.01719492253579328,0.4838056680161943,0.0024291497975708286,0.006072874493927127
47,2,7,29,3,1,continuous,0,continuous_scalar,0.2562747403320947,0.7277327935222673,0.13663967611336028,0.019230769230769162
47,2,8,26,2,8,continuous,0,continuous_scalar,0.06454398717554284,0.618421052631579,0.013157894736842058,0.013157894736842035
47,2,9,1,0,1,continuous,0,continuous_scalar,0.05987479323403988,0.6953441295546559,0.02894736842105261,0.038461538461538325
47,2,10,25,2,7,continuous,0,continuous_scalar,0.06526670862202041,0.5141700404858299,0.005060728744939258,0.006072874493927127
47,2,11,33,3,5,continuous,0,continuous_scalar,0.0138823663092115,0.7135627530364372,0.03279352226720644,0.0
47,2,12,32,3,4,continuous,0,continuous_scalar,0.19315946398357783,0.5718623481781376,0.009311740890688225,0.0
47,2,13,14,1,6,categorical,4,prototype_discretization,0.02269174545353114,0.4089068825910931,0.0,0.019230769230769162
47,2,14,8,1,0,continuous,0,continuous_scalar,0.0754653551525179,0.5728744939271255,0.04493927125506072,0.0
47,2,15,17,1,9,continuous,0,continuous_scalar,0.06386994775583234,0.492914979757085,-0.00283400809716603,0.019230769230769162
48,4,0,0,0,0,categorical,4,threshold_binning,0.013609214289710144,0.19776002506265664,-0.03648339598997498,0.005059523809523736
48,4,1,18,2,1,continuous,0,continuous_scalar,0.05633297971031247,0.19591165413533834,-0.012095864661654165,-0.006845238095238126
48,4,2,21,2,4,continuous,0,continuous_scalar,0.41171174872587407,0.29537907268170427,-0.030559210526315828,0.02878289473684209
48,4,3,22,2,5,continuous,0,continuous_scalar,0.030259837403151992,0.25469141604010026,0.032344924812030044,0.02134241854636587
48,4,4,32,3,8,continuous,0,continuous_scalar,0.0007329314541652182,0.38744517543859647,-0.02010808270676694,-0.0012531328320802282
48,4,5,10,1,2,categorical,4,threshold_binning,0.38261527611099044,0.3486842105263158,-0.029157268170426087,-0.003124999999999989
48,4,6,7,0,7,categorical,2,threshold_binning,0.08645101131085689,0.3379934210526316,0.04390664160401001,-0.01375313283208024
48,4,7,17,2,0,continuous,0,continuous_scalar,0.01828700099493873,0.28728070175438597,-0.038666979949874725,-0.021217105263157954
49,2,0,19,2,3,continuous,0,continuous_scalar,0.018088159902837294,0.5,-0.014542483660130733,-0.02941176470588236
49,2,1,14,1,6,continuous,0,continuous_scalar,0.29220498504543063,0.5718954248366013,0.07973856209150323,0.028594771241830075
49,2,2,0,0,0,categorical,3,threshold_binning,0.01476155120661511,0.37254901960784315,0.002614379084967333,0.0
49,2,3,6,0,6,continuous,0,continuous_scalar,0.05279124593116603,0.553921568627451,-0.008169934640522913,-0.028594771241830075
49,2,4,21,2,5,continuous,0,continuous_scalar,0.13698962873848872,0.45588235294117646,0.01683006535947713,0.013071895424836666
49,2,5,25,3,1,categorical,2,prototype_discretization,0.08360398029511137,0.6666666666666666,0.1513071895424836,0.042483660130718914
49,2,6,23,2,7,categorical,3,threshold_binning,0.16769206448197402,0.678921568627451,0.04705882352941173,-0.01388888888888895
49,2,7,17,2,1,continuous,0,continuous_scalar,0.017841916892848485,0.39869281045751637,0.02238562091503271,0.013071895424836666
49,2,8,8,1,0,continuous,0,continuous_scalar,0.10959685141131953,0.43137254901960786,-0.002614379084967311,0.0
49,2,9,18,2,2,continuous,0,continuous_scalar,0.10642961609420883,0.571078431372549,-0.011764705882352944,0.013071895424836666
50,2,0,4,0,4,continuous,0,continuous_scalar,0.0007580712853071343,0.5223817567567568,2.2204460492503132e-17,0.0
50,2,1,2,0,2,continuous,0,continuous_scalar,0.0077501325823378054,0.46621621621621623,0.0004222972972973249,0.013513513513513598
50,2,2,27,3,3,continuous,0,continuous_scalar,0.24396594629428653,0.47550675675675674,0.004560810810810878,-0.044763513513513487
50,2,3,5,0,5,continuous,0,continuous_scalar,0.01741041221111223,0.5067567567567568,-0.020354729729729716,-0.011402027027026973
50,2,4,30,3,6,continuous,0,continuous_scalar,0.3088918563921352,0.40878378378378377,-0.012668918918918881,-0.015625
50,2,5,29,3,5,continuous,0,continuous_scalar,0.004424396431764684,0.47761824324324326,0.0035472972972973027,-0.013513513513513487
50,2,6,32,3,8,continuous,0,continuous_scalar,0.26184391028823356,0.6368243243243243,0.11824324324324327,0.041807432432432456
50,2,7,33,3,9,continuous,0,continuous_scalar,0.15495527451482288,0.5878378378378378,0.08243243243243248,0.036317567567567544
51,3,0,22,2,4,categorical,2,prototype_discretization,0.1067489968557995,0.4485294117647059,0.04901960784313712,-0.011642156862745168
51,3,1,6,0,6,categorical,4,prototype_discretization,0.14847549280495884,0.5337009803921569,0.06029411764705872,0.02083333333333326
51,3,2,28,3,3,continuous,0,continuous_scalar,0.4458088612928185,0.4221813725490196,0.055514705882352855,0.011642156862744946
51,3,3,20,2,2,categorical,5,threshold_binning,0.10522446656451541,0.349264705882353,-0.00208333333333337,-0.04166666666666674
51,3,4,30,3,5,categorical,2,prototype_discretization,0.019798423723896102,0.4264705882352941,0.021813725490196022,0.012867647058823484
51,3,5,3,0,3,continuous,0,continuous_scalar,0.04538377735081446,0.29963235294117646,-0.024754901960784358,0.05208333333333326
51,3,6,23,2,5,continuous,0,continuous_scalar,0.00020860839058642138,0.32169117647058826,0.03259803921568618,-0.03921568627450989
51,3,7,19,2,1,continuous,0,continuous_scalar,0.1283513730166108,0.4393382352941176,0.15931372549019598,0.11458333333333331
52,3,0,6,0,6,categorical,3,threshold_binning,0.03635088136719756,0.391812865497076,0.014939309056956108,-0.002334267040149385
52,3,1,4,0,4,continuous,0,continuous_scalar,0.06086006873811432,0.40525332940193626,0.006059265811587755,-0.009803921568627416
52,3,2,19,2,2,continuous,0,continuous_scalar,0.24476050498740703,0.38058381247235734,0.010447687847068687,-0.009803921568627416
52,3,3,0,0,0,categorical,3,threshold_binning,0.035014396812184066,0.33161334709322327,-0.0051353874883286466,-0.025676937441643455
52,3,4,21,2,4,categorical,5,threshold_binning,0.17660186930727056,0.7476780185758515,0.3053663570691434,0.04154995331465916
52,3,5,15,1,7,continuous,0,continuous_scalar,0.07050912389657993,0.3101380903238488,0.01072779989188657,-0.015873015873015817
52,3,6,10,1,2,categorical,2,threshold_binning,0.08184731855112033,0.5079365079365079,0.09533146591970124,-0.015873015873015817
52,3,7,29,3,2,continuous,0,continuous_scalar,0.29405583634012616,0.4041967664258686,0.001336675020885547,-0.008133077792520593
53,2,0,30,3,6,continuous,0,continuous_scalar,0.13248208619936913,0.5611111111111111,0.019444444444444486,0.04166666666666663
53,2,1,27,3,3,continuous,0,continuous_scalar,0.044727197871778764,0.5011111111111111,0.019444444444444466,0.04166666666666663
53,2,2,19,2,3,categorical,2,prototype_discretization,0.07520081493869553,0.3716666666666667,0.0,0.02777777777777779
53,2,3,12,1,4,continuous,0,continuous_scalar,0.0008876202493476519,0.5333333333333333,0.00833333333333337,0.0
53,2,4,11,1,3,continuous,0,continuous_scalar,0.04525672007330728,0.4916666666666667,0.00833333333333337,0.01388888888888895
53,2,5,10,1,2,continuous,0,continuous_scalar,0.02603335403939096,0.5361111111111111,0.013888888888888928,0.02777777777777779
53,2,6,26,3,2,continuous,0,continuous_scalar,0.38121018915421817,0.5238888888888888,0.036111111111111094,0.04166666666666663
53,2,7,15,1,7,continuous,0,continuous_scalar,2.0757432876338296e-06,0.4577777777777778,0.00555555555555558,0.02777777777777779
53,2,8,24,3,0,continuous,0,continuous_scalar,0.219174561808391,0.8766666666666667,0.4923333333333333,0.525
53,2,9,4,0,4,continuous,0,continuous_scalar,0.07502537992221389,0.4761111111111111,0.03888888888888886,0.02777777777777779
54,4,0,25,3,0,continuous,0,continuous_scalar,0.47017506220055144,0.18878256631806328,-0.03845920813466451,-0.01157108611469665
54,4,1,11,1,3,categorical,3,threshold_binning,0.0022066962267708783,0.3001303969863808,-0.021457548536656067,0.024647006137878347
54,4,2,12,1,4,continuous,0,continuous_scalar,0.10727216420232027,0.22467795895787782,0.008454071283685893,-0.018472906403940892
54,4,3,16,2,0,categorical,4,prototype_discretization,0.07449850822402704,0.2486960301361924,0.008113590263691683,-0.06827731092436978
54,4,4,0,0,0,continuous,0,continuous_scalar,0.04604180353338553,0.31840243934564416,-0.004349200495245109,-0.0006157635467980427
54,4,5,32,3,7,continuous,0,continuous_scalar,0.07287701368639773,0.1875675034904244,0.004195094965886048,-0.06259055346276443
54,4,6,21,2,5,continuous,0,continuous_scalar,0.10571553277014174,0.3184189036116014,0.0027192381654856266,0.045438081188588275
54,4,7,3,0,3,continuous,0,continuous_scalar,0.024784605777653478,0.23857050657253498,-0.047496773003872415,-0.03317878875688207
54,4,8,7,0,7,continuous,0,continuous_scalar,0.05475774754975414,0.25816298306156316,-0.007852796290930154,-0.03256302521008403
54,4,9,20,2,4,continuous,0,continuous_scalar,0.04167086582899777,0.2907260082716472,0.013068675746160519,0.005070993914807309
55,3,0,24,3,2,categorical,2,threshold_binning,0.14797818068824167,0.6436781609195402,0.00844385499557918,0.0038461538461538325
55,3,1,15,2,1,continuous,0,continuous_scalar,0.0013366697576594985,0.35857648099027406,0.007692307692307665,0.016666666666666607
55,3,2,20,2,6,categorical,4,prototype_discretization,0.07192346758699722,0.4351458885941644,0.03615384615384611,0.016666666666666607
55,3,3,10,1,2,continuous,0,continuous_scalar,0.0008912916687189101,0.3724580017683466,0.012820512820512775,0.016666666666666607
55,3,4,9,1,1,categorical,2,prototype_discretization,0.11404247392935087,0.6091954022988505,0.026392572944297088,0.005172413793103403
55,3,5,19,2,5,continuous,0,continuous_scalar,0.2531447562845181,0.8054376657824934,0.07485411140583556,0.038461538461538436
55,3,6,27,3,5,continuous,0,continuous_scalar,0.022877573613929048,0.5582228116710876,0.018726790450928354,0.016666666666666607
55,3,7,0,0,0,continuous,0,continuous_scalar,0.05387911442650007,0.32135278514588855,0.018726790450928354,0.016666666666666607
55,3,8,13,1,5,continuous,0,continuous_scalar,0.07713263575795075,0.3175066312997348,0.028461538461538427,0.033333333333333326
55,3,9,22,3,0,continuous,0,continuous_scalar,0.07696020770820061,0.33947833775419983,0.03435897435897432,0.0461538461538461
55,3,10,4,0,4,continuous,0,continuous_scalar,0.1718482100712184,0.7388152077807252,0.06642793987621576,0.04363395225464195
55,3,11,5,0,5,categorical,4,threshold_binning,0.007985418506714852,0.337709991158267,0.013333333333333308,0.016666666666666607
56,3,0,27,3,2,continuous,0,continuous_scalar,0.2686651062935591,0.7182539682539683,0.3715873015873017,0.38333333333333336
56,3,1,11,1,3,continuous,0,continuous_scalar,0.0036278222424561447,0.3333333333333333,-0.005555555555555536,-0.01388888888888884
56,3,2,23,2,7,categorical,3,prototype_discretization,0.04474233085555764,0.3273809523809524,0.009682539682539671,0.001984126984126977
56,3,3,13,1,5,continuous,0,continuous_scalar,0.13523482820409835,0.4690476190476191,0.00952380952380949,0.015873015873015817
56,3,4,18,2,2,continuous,0,continuous_scalar,0.0006685534665679882,0.19603174603174603,0.0023809523809523946,0.031746031746031744
56,3,5,22,2,6,continuous,0,continuous_scalar,0.17036891954710282,0.31547619047619047,-0.03190476190476184,0.031746031746031744
56,3,6,5,0,5,continuous,0,continuous_scalar,0.07248491427694616,0.35555555555555557,-0.0034920634920634795,0.0
56,3,7,26,3,1,continuous,0,continuous_scalar,0.2988936808080092,0.36626984126984125,-0.012698412698412676,0.0
56,3,8,30,3,5,categorical,3,threshold_binning,0.00531384430570257,0.3646825396825397,0.0,0.0
57,3,0,32,3,8,categorical,4,prototype_discretization,0.0923446653670337,0.4990079365079365,-0.01180952380952377,0.002539682539682564
57,3,1,23,2,5,continuous,0,continuous_scalar,0.014247443689763528,0.3436507936507936,-0.0006349206349206104,0.02337301587301588
57,3,2,1,0,1,continuous,0,continuous_scalar,0.028121222462984326,0.25361111111111106,-0.023999999999999955,0.002539682539682564
57,3,3,9,1,1,continuous,0,continuous_scalar,0.18232458102354526,0.4720634920634921,0.015722222222222238,-0.013333333333333308
57,3,4,31,3,7,categorical,4,prototype_discretization,0.00747635199604377,0.5203571428571429,-1.1102230246251566e-17,0.0
57,3,5,25,3,1,categorical,2,threshold_binning,0.27131060939830626,0.4305555555555555,0.010182539682539704,0.03670634920634924
57,3,6,20,2,2,continuous,0,continuous_scalar,0.07310098406370184,0.23773809523809522,-0.006103174603174577,0.002539682539682564
57,3,7,22,2,4,continuous,0,continuous_scalar,0.17588781363731815,0.46202380952380956,0.00015079365079365692,-0.029206349206349125
57,3,8,2,0,2,continuous,0,continuous_scalar,0.1366371997963417,0.4570634920634921,-0.027682539682539642,0.007500000000000062
57,3,9,15,1,7,continuous,0,continuous_scalar,0.01854912856496146,0.41519841269841273,-0.026341269841269787,-0.013333333333333308
58,3,0,19,2,3,continuous,0,continuous_scalar,0.027881968884870784,0.3422492185279909,-0.004411764705882337,-0.020211707871554463
58,3,1,22,2,6,categorical,2,prototype_discretization,0.029067625558363973,0.31031543052003413,-0.0008525149190110826,0.03349673202614378
58,3,2,16,2,0,categorical,3,prototype_discretization,0.01829472129597872,0.2851307189542484,-0.006699346405228734,0.01388888888888884
58,3,3,10,1,2,continuous,0,continuous_scalar,0.000445955147028749,0.32082978118783745,-0.0007317419721511564,0.019607843137254943
58,3,4,25,3,0,continuous,0,continuous_scalar,0.025128043562983853,0.21256038647342992,0.002458084683148609,-0.01449275362318836
58,3,5,9,1,1,continuous,0,continuous_scalar,0.15740306694154782,0.5560528559249787,0.06825092355782893,0.020211707871554463
58,3,6,26,3,1,continuous,0,continuous_scalar,0.38747217401295486,0.3320190394998579,-0.012936913895993185,0.019607843137254943
58,3,7,27,3,2,categorical,3,prototype_discretization,0.10773341384045396,0.5874893435635123,0.06656720659278201,-0.006322818982665512
58,3,8,4,0,4,continuous,0,continuous_scalar,0.003215670905057085,0.33326229042341576,-0.013888888888888862,0.01388888888888884
58,3,9,13,1,5,continuous,0,continuous_scalar,0.050942153154526326,0.3818556408070475,0.023245240125035482,0.01388888888888884
58,3,10,20,2,4,categorical,3,threshold_binning,0.0435634269238617,0.21483375959079284,-0.003019323671497576,0.01328502415458932
58,3,11,24,2,8,continuous,0,continuous_scalar,0.04031196348380504,0.3640593918726911,0.006699346405228757,0.0
58,3,12,33,3,8,continuous,0,continuous_scalar,0.10853981628856713,0.32484370559818126,-0.019558113100312545,-0.0006038647342995196
59,2,0,29,3,4,categorical,2,prototype_discretization,0.054884787140332694,0.657707910750507,0.0,0.0
59,2,1,28,3,3,categorical,2,threshold_binning,0.11937426848821385,0.6171399594320487,0.02129817444219064,-0.014705882352941235
59,2,2,1,0,1,categorical,3,prototype_discretization,0.012370017464971753,0.5218052738336714,-0.01572008113590264,-0.014705882352941235
59,2,3,4,0,4,categorical,3,threshold_binning,0.014823866615123015,0.6901622718052738,-0.011764705882352988,-0.014705882352941235
59,2,4,15,1,7,categorical,3,prototype_discretization,0.08809401962567817,0.5953346855983773,-0.00882352941176474,0.0
59,2,5,14,1,6,continuous,0,continuous_scalar,5.779360246539607e-05,0.5674442190669371,-0.0024340770791074994,0.0
59,2,6,23,2,6,continuous,0,continuous_scalar,0.13103569770276804,0.6460446247464503,0.03265720081135903,0.014705882352941124
59,2,7,6,0,6,continuous,0,continuous_scalar,0.05993965166013339,0.5968559837728196,-0.008316430020283993,-0.014705882352941235
59,2,8,32,3,7,continuous,0,continuous_scalar,0.003141118047068477,0.5258620689655172,-0.006896551724137945,-0.031947261663285986
59,2,9,26,3,1,continuous,0,continuous_scalar,0.21234476276246986,0.5380324543610548,-0.03935091277890468,-0.002535496957403738
59,2,10,21,2,4,continuous,0,continuous_scalar,0.30344362191231605,0.4249492900608519,-0.02555780933062879,-0.014705882352941235
59,2,11,0,0,0,continuous,0,continuous_scalar,0.000490394978459272,0.4766734279918864,-0.0039553752535497425,0.017241379310344862
60,2,0,5,0,5,continuous,0,continuous_scalar,0.009149594030797877,0.5791666666666666,-0.027777777777777825,-0.03750000000000009
60,2,1,23,3,0,continuous,0,continuous_scalar,0.1564303629851375,0.5152777777777777,0.013333333333333298,-0.012500000000000067
60,2,2,18,2,4,continuous,0,continuous_scalar,0.23770340849348695,0.6152777777777778,0.013333333333333298,0.012499999999999956
60,2,3,29,3,6,continuous,0,continuous_scalar,0.03460817553716931,0.49722222222222223,-0.02722222222222226,-0.012500000000000067
60,2,4,26,3,3,continuous,0,continuous_scalar,0.08836826223329218,0.6041666666666667,0.0036111111111110984,-0.015277777777777835
60,2,5,24,3,1,continuous,0,continuous_scalar,0.26551792253224105,0.4708333333333333,-0.0255555555555556,-0.012500000000000067
60,2,6,25,3,2,categorical,3,threshold_binning,0.006862763580750057,0.4555555555555556,-0.013333333333333364,-0.015277777777777835
60,2,7,27,3,4,continuous,0,continuous_scalar,0.03884276675754382,0.5055555555555555,-0.027500000000000024,-0.002777777777777768
60,2,8,30,3,7,categorical,4,prototype_discretization,0.06838602744346803,0.6013888888888889,0.0122222222222222,0.012499999999999956
60,2,9,28,3,5,continuous,0,continuous_scalar,0.0064116302711793235,0.55,-0.007500000000000029,-0.03888888888888892
60,2,10,0,0,0,categorical,2,prototype_discretization,1.9867286836438934e-05,0.45694444444444443,-0.026666666666666682,-0.013888888888888895
60,2,11,12,1,4,continuous,0,continuous_scalar,0.05030913913895604,0.4763888888888889,-0.014166666666666671,0.012499999999999956
60,2,12,16,2,2,continuous,0,continuous_scalar,0.010273822743177981,0.4555555555555556,-0.01888888888888892,-0.026388888888888906
60,2,13,2,0,2,continuous,0,continuous_scalar,0.0085629368662744,0.5555555555555556,-0.036111111111111135,-0.050000000000000044
60,2,14,7,0,7,continuous,0,continuous_scalar,0.018122094081241297,0.4597222222222222,-0.004444444444444496,0.01388888888888884
60,2,15,4,0,4,categorical,2,prototype_discretization,0.0004312260184477651,0.5486111111111112,-0.001666666666666694,-0.01666666666666672
61,3,0,5,0,5,continuous,0,continuous_scalar,0.005960329260618456,0.32346320346320345,0.015584415584415545,0.015151515151515138
61,3,1,10,1,2,continuous,0,continuous_scalar,0.0002452556534771085,0.33001443001443004,0.02438672438672438,0.015873015873015817
61,3,2,17,2,3,categorical,2,prototype_discretization,0.006306345826477852,0.3981818181818182,0.0030303030303030277,0.0
61,3,3,19,2,5,continuous,0,continuous_scalar,0.0806381675970002,0.2931890331890332,0.06664935064935056,0.029206349206349125
61,3,4,21,3,0,categorical,3,prototype_discretization,0.07239338756641298,0.3751803751803752,0.01544011544011541,0.015151515151515138
61,3,5,1,0,1,continuous,0,continuous_scalar,0.006571136125196276,0.30288600288600287,0.024819624819624762,0.0
61,3,6,9,1,1,continuous,0,continuous_scalar,0.0058147870824625785,0.2722077922077922,0.02092352092352092,0.015873015873015817
61,3,7,22,3,1,categorical,3,prototype_discretization,0.17617415386841384,0.3701587301587302,0.031024531024530955,0.015151515151515138
61,3,8,11,1,3,continuous,0,continuous_scalar,0.11365058761216328,0.3404329004329005,0.0216450216450216,0.015873015873015817
61,3,9,24,3,3,continuous,0,continuous_scalar,0.3560901870707521,0.8319191919191918,0.6057720057720057,0.583088023088023
61,3,10,25,3,4,categorical,3,threshold_binning,0.06783141292500022,0.3078787878787879,0.0031746031746031633,0.0
61,3,11,14,2,0,continuous,0,continuous_scalar,0.004567328502478841,0.4074747474747475,0.02496392496392492,0.015151515151515138
61,3,12,18,2,4,continuous,0,continuous_scalar,0.08811928961644437,0.27766233766233767,0.02784992784992779,0.031024531024530955
61,3,13,0,0,0,continuous,0,continuous_scalar,0.015637631293101913,0.2956132756132756,0.01212121212121211,0.031024531024530955
62,4,0,29,3,3,continuous,0,continuous_scalar,0.2019785259297628,0.26212121212121214,0.009166666666666639,0.004166666666666596
62,4,1,2,0,2,categorical,6,threshold_binning,0.020253847700630954,0.2818181818181818,-0.005000000000000032,0.04999999999999996
62,4,2,20,2,3,continuous,0,continuous_scalar,0.022217967287227677,0.1871212121212121,-0.007878787878787919,0.012499999999999956
62,4,3,33,3,7,continuous,0,continuous_scalar,0.2870283220617491,0.32045454545454544,0.024999999999999967,-5.551115123125783e-17
62,4,4,18,2,1,continuous,0,continuous_scalar,0.014957493861274028,0.19545454545454544,0.011666666666666626,-0.033333333333333326
62,4,5,22,2,5,continuous,0,continuous_scalar,0.05885317369442961,0.21401515151515152,0.020833333333333294,0.03749999999999998
62,4,6,24,2,7,continuous,0,continuous_scalar,0.0004696620061162832,0.33106060606060606,-0.025000000000000043,-0.02916666666666673
62,4,7,21,2,4,continuous,0,continuous_scalar,0.009899435823934129,0.26212121212121214,0.0108333333333333,0.004166666666666596
62,4,8,4,0,4,categorical,4,threshold_binning,2.9453543002630782e-05,0.18863636363636363,-0.00833333333333337,0.008333333333333304
62,4,9,1,0,1,continuous,0,continuous_scalar,0.08553756945414333,0.2912878787878788,-0.03530303030303032,-0.03333333333333338
62,4,10,23,2,6,continuous,0,continuous_scalar,0.01116334543750428,0.32234848484848483,-0.00833333333333336,0.016666666666666635
62,4,11,17,2,0,categorical,4,prototype_discretization,0.16009199566997268,0.3893939393939394,-0.010833333333333351,0.004166666666666652
62,4,12,12,1,4,continuous,0,continuous_scalar,0.1275192075302525,0.3037878787878788,0.004166666666666629,0.02916666666666662
63,2,0,8,1,0,continuous,0,continuous_scalar,0.10417171123036507,0.5333333333333333,0.025,0.0
63,2,1,29,3,5,continuous,0,continuous_scalar,0.18644702789637702,0.5625,-0.009999999999999986,-0.012500000000000067
63,2,2,1,0,1,continuous,0,continuous_scalar,0.00534037441899265,0.4041666666666667,-0.01416666666666666,0.012500000000000067
63,2,3,4,0,4,continuous,0,continuous_scalar,0.033968322105196395,0.5083333333333333,0.005000000000000027,-0.01666666666666672
63,2,4,11,1,3,continuous,0,continuous_scalar,0.014595358255992166,0.575,0.0033333333333333435,0.004166666666666652
63,2,5,25,3,1,continuous,0,continuous_scalar,0.37343559225319484,0.5375,-0.015833333333333345,-0.04999999999999993
63,2,6,10,1,2,continuous,0,continuous_scalar,0.08433483602182998,0.55,0.01499999999999999,0.01666666666666672
63,2,7,16,2,2,continuous,0,continuous_scalar,0.10755318960362192,0.4125,0.014166666666666706,-0.012500000000000067
63,2,8,12,1,4,continuous,0,continuous_scalar,0.002466269664276718,0.5,-0.02749999999999999,-0.008333333333333415
63,2,9,27,3,3,continuous,0,continuous_scalar,0.08768731855015326,0.5416666666666667,0.03500000000000003,-0.008333333333333415
64,2,0,24,2,8,continuous,0,continuous_scalar,0.01349551597462789,0.5472163495419309,0.007751937984496082,-0.04651162790697683
64,2,1,32,3,6,categorical,4,prototype_discretization,0.14426009686114377,0.5274841437632135,-0.01416490486257933,0.030303030303030276
64,2,2,18,2,2,categorical,3,threshold_binning,0.108763394373304,0.601832276250881,0.043622269203664535,0.05250176180408733
64,2,3,9,1,1,categorical,5,threshold_binning,0.016074074400793573,0.4760394644115574,-0.005778717406624434,0.010570824524312905
64,2,4,4,0,4,categorical,5,threshold_binning,0.012893367042822212,0.4587737843551797,-0.01881606765327699,0.01867512332628607
64,2,5,15,1,7,continuous,0,continuous_scalar,0.1886459728428889,0.4038054968287526,0.04052149400986608,0.05355884425651869
64,2,6,1,0,1,continuous,0,continuous_scalar,0.04315766718104972,0.5225510923185341,0.048696264975334726,0.02677942212825929
64,2,7,8,1,0,continuous,0,continuous_scalar,0.011615683978285276,0.46335447498238197,-0.011627906976744207,0.04193093727977448
64,2,8,12,1,4,continuous,0,continuous_scalar,0.0003155683252362421,0.4725158562367865,-0.027272727272727317,-0.0035236081747710424
64,2,9,25,2,9,continuous,0,continuous_scalar,0.2288665381186921,0.4830866807610994,-0.0024665257223396965,0.06060606060606055
64,2,10,30,3,4,continuous,0,continuous_scalar,0.23191212090115632,0.5028188865398168,-0.002255109231853436,0.045454545454545414
65,4,0,8,1,0,continuous,0,continuous_scalar,0.00523372522638164,0.1956349206349206,0.025757575757575823,0.0185185185185186
65,4,1,15,1,7,categorical,3,prototype_discretization,0.006612528194880326,0.22566137566137565,-0.0018518518518518602,0.0092592592592593
65,4,2,0,0,0,continuous,0,continuous_scalar,0.0024850719796152875,0.2562770562770562,0.0037037037037037203,0.0092592592592593
65,4,3,2,0,2,continuous,0,continuous_scalar,0.013775929861773593,0.1869047619047619,0.00242424242424244,0.0092592592592593
65,4,4,7,0,7,continuous,0,continuous_scalar,0.000903170548748712,0.2226190476190476,0.015016835016835062,0.0277777777777779
65,4,5,24,3,1,continuous,0,continuous_scalar,0.7388669581437002,0.8531986531986533,0.6443746993746994,0.7063732563732564
65,4,6,21,2,4,continuous,0,continuous_scalar,0.007569622901108977,0.27614237614237613,0.0018518518518518602,0.0185185185185186
65,4,7,5,0,5,continuous,0,continuous_scalar,0.12126887801180719,0.28149350649350646,0.03872053872053878,0.05976430976430969
65,4,8,18,2,1,continuous,0,continuous_scalar,0.10328411513198406,0.17376142376142373,0.020370370370370462,0.0185185185185186
66,3,0,3,0,3,continuous,0,continuous_scalar,0.06925230507562816,0.39040904648890135,-0.02146214342221604,-0.029038112522685955
66,3,1,5,0,5,categorical,5,prototype_discretization,0.03714293613505686,0.5195681511470985,-0.008641630601703176,-0.006049606775559657
66,3,2,23,3,0,continuous,0,continuous_scalar,0.006230003559893075,0.3329377821210852,-0.00460235469309882,-0.0047233468286098645
66,3,3,12,1,4,continuous,0,continuous_scalar,0.2232695159772548,0.48548094373865697,0.010572851226208746,0.0013262599469495706
66,3,4,26,3,3,continuous,0,continuous_scalar,0.203440707769548,0.534110475126809,0.014784308250732936,-0.004002047559216293
66,3,5,32,3,9,continuous,0,continuous_scalar,0.02326743652447581,0.25862068965517243,-0.01118246544743826,0.02975941179207975
66,3,6,10,1,2,continuous,0,continuous_scalar,0.1893168436346569,0.43080180557494535,-0.0020382521289961987,-0.006049606775559657
66,3,7,16,2,2,continuous,0,continuous_scalar,0.2480802513234864,0.5238261436083578,0.14756386988691889,-0.06484713109032525
67,2,0,23,2,5,continuous,0,continuous_scalar,0.2248069200387386,0.5409266409266409,0.021930501930501965,0.054826254826254806
67,2,1,14,1,6,continuous,0,continuous_scalar,0.004291942729695311,0.5416988416988417,0.027181467181467234,0.02857142857142858
67,2,2,22,2,4,continuous,0,continuous_scalar,0.11926028091754512,0.5146718146718147,-0.0070270270270269995,-0.055598455598455554
67,2,3,7,0,7,continuous,0,continuous_scalar,0.005403636966457158,0.5092664092664092,0.002702702702702786,0.03976833976833982
67,2,4,12,1,4,continuous,0,continuous_scalar,0.026486376529819392,0.6258687258687259,-0.012432432432432394,-0.0007722007722007485
67,2,5,5,0,5,continuous,0,continuous_scalar,0.0004016370257877512,0.5123552123552123,0.03003861003861008,0.06756756756756754
67,2,6,2,0,2,continuous,0,continuous_scalar,6.659867319381402e-06,0.49961389961389957,0.007490347490347493,-0.0023166023166023564
67,2,7,13,1,5,categorical,3,threshold_binning,0.14025300997885223,0.6061776061776062,0.024787644787644857,0.013513513513513598
67,2,8,29,3,5,continuous,0,continuous_scalar,0.4398409820850343,0.48532818532818534,0.02154440154440156,0.027027027027027084
67,2,9,19,2,1,categorical,3,threshold_binning,0.0011882761196575862,0.5019305019305019,0.02718146718146721,0.011196911196911241
67,2,10,20,2,2,continuous,0,continuous_scalar,0.009589231810702483,0.5536679536679536,0.012123552123552183,0.011196911196911241
67,2,11,4,0,4,continuous,0,continuous_scalar,0.028471045930390706,0.4980694980694981,0.009884169884169935,-0.015057915057915094
68,4,0,4,0,4,categorical,2,prototype_discretization,0.0013090144788416424,0.21071428571428574,0.0033333333333333435,0.005952380952380931
68,4,1,30,3,5,continuous,0,continuous_scalar,0.1412289810710044,0.4916666666666667,0.0009523809523809712,0.010714285714285787
68,4,2,11,1,3,continuous,0,continuous_scalar,0.21385804178563012,0.7142857142857142,0.004047619047619122,0.005952380952380931
68,4,3,6,0,6,continuous,0,continuous_scalar,0.11063390943164347,0.6285714285714286,-0.01880952380952374,0.040476190476190554
68,4,4,18,2,0,continuous,0,continuous_scalar,0.0086741581459543,0.6047619047619048,-0.023095238095238012,0.02261904761904765
68,4,5,9,1,1,continuous,0,continuous_scalar,0.004421964265683014,0.1845238095238095,-0.029999999999999916,0.010714285714285787
68,4,6,25,3,0,categorical,2,threshold_binning,0.18534487546081482,0.48333333333333334,-0.024523809523809503,0.010714285714285787
68,4,7,1,0,1,categorical,2,prototype_discretization,0.003821440080185616,0.23928571428571427,-0.0035714285714285587,0.028571428571428692
68,4,8,29,3,4,continuous,0,continuous_scalar,0.22745655167887327,0.611904761904762,0.020238095238095322,-0.023809523809523725
68,4,9,19,2,1,continuous,0,continuous_scalar,0.02778350917822487,0.29523809523809524,-0.014999999999999968,0.010714285714285787
68,4,10,20,2,2,categorical,2,prototype_discretization,0.06201517436026658,0.4666666666666667,0.015476190476190532,0.0
68,4,11,12,1,4,continuous,0,continuous_scalar,0.006589316200906041,0.2916666666666667,0.004523809523809552,-0.005952380952380931
68,4,12,5,0,5,continuous,0,continuous_scalar,0.0003648588802184646,0.17023809523809524,-0.007142857142857095,-0.0357142857142857
68,4,13,3,0,3,categorical,4,threshold_binning,2.7112381477769242e-05,0.2119047619047619,-0.04047619047619044,0.0
68,4,14,15,1,7,continuous,0,continuous_scalar,0.006471092600275625,0.15595238095238095,-0.006428571428571383,0.005952380952380931
69,4,0,26,2,8,continuous,0,continuous_scalar,0.6237750246764692,0.30254120879120877,-0.013701923076923084,0.019230769230769218
69,4,1,19,2,1,continuous,0,continuous_scalar,0.030840722946027688,0.2657967032967033,0.013701923076923106,0.07417582417582419
69,4,2,3,0,3,continuous,0,continuous_scalar,0.002794314195915025,0.18440934065934067,0.016849816849816835,-0.015625
69,4,3,33,3,6,continuous,0,continuous_scalar,0.20050104176218433,0.23368818681318682,0.0007554945054945028,0.0073260073260073555
69,4,4,13,1,5,continuous,0,continuous_scalar,0.132812811112536,0.24101419413919417,0.05999313186813188,0.007211538461538436
69,4,5,24,2,6,continuous,0,continuous_scalar,0.005442521124347943,0.20627289377289376,0.0708791208791209,0.03016254578754579
69,4,6,20,2,2,continuous,0,continuous_scalar,0.0009071154293924584,0.16214514652014653,0.05905448717948721,0.03388278388278393
69,4,7,8,1,0,continuous,0,continuous_scalar,0.00025564720534343644,0.28079212454212454,0.034111721611721615,-0.03943452380952378
69,4,8,12,1,4,categorical,3,prototype_discretization,0.002670801547783913,0.19871794871794873,0.0005151098901098883,-0.004693223443223482
70,2,0,12,1,4,categorical,2,prototype_discretization,0.01558857247358976,0.46240310077519375,0.0,0.0
70,2,1,29,3,4,categorical,2,threshold_binning,0.1491551143586456,0.5833333333333334,0.0,-0.011627906976744096
70,2,2,24,2,7,continuous,0,continuous_scalar,0.09564623228231992,0.7453488372093022,0.08193798449612408,0.005038759689922512
70,2,3,5,0,5,categorical,4,prototype_discretization,0.07179186565643074,0.672093023255814,-0.008682170542635693,-0.011627906976744096
70,2,4,2,0,2,categorical,2,threshold_binning,0.0031056781135072216,0.48023255813953486,0.0,-0.011627906976744096
70,2,5,0,0,0,continuous,0,continuous_scalar,0.04436922297489578,0.5038759689922481,-0.004651162790697638,-0.011627906976744096
70,2,6,20,2,3,continuous,0,continuous_scalar,0.19194543153228708,0.6205426356589148,0.014651162790697714,0.0
70,2,7,1,0,1,continuous,0,continuous_scalar,1.6776426507339305e-07,0.475968992248062,0.0,-0.011627906976744096
70,2,8,3,0,3,categorical,2,prototype_discretization,0.004332431953035057,0.5511627906976744,0.0,-0.011627906976744096
70,2,9,9,1,1,continuous,0,continuous_scalar,0.0011269714246957088,0.4875968992248062,-0.002325581395348819,0.0
70,2,10,28,3,3,continuous,0,continuous_scalar,0.08708030827510253,0.743798449612403,0.14015503875968996,0.011627906976744207
70,2,11,14,1,6,continuous,0,continuous_scalar,0.09288536032440105,0.5674418604651162,-0.006666666666666687,0.0
70,2,12,22,2,5,continuous,0,continuous_scalar,0.07115978315098488,0.5705426356589147,-0.009999999999999964,-0.011627906976744096
70,2,13,6,0,6,continuous,0,continuous_scalar,0.0008502532036261101,0.5325581395348837,0.0,-0.011627906976744096
70,2,14,15,1,7,continuous,0,continuous_scalar,0.16834885989495998,0.6104651162790697,0.014341085271317878,0.0
70,2,15,30,3,5,continuous,0,continuous_scalar,0.0026137466172535357,0.6635658914728682,-0.01697674418604649,-0.011627906976744096
71,4,0,5,0,5,continuous,0,continuous_scalar,1.4725172749067023e-05,0.2611419853982783,-0.0129054520358868,-0.0357142857142857
71,4,1,26,3,5,categorical,2,prototype_discretization,0.005614403698713351,0.23757763975155277,-0.0013975155279502883,-0.014837819185645196
71,4,2,15,2,0,continuous,0,continuous_scalar,0.09013809169375556,0.2964203988231448,0.009541062801932409,0.01388888888888895
71,4,3,12,1,4,continuous,0,continuous_scalar,0.1493774872359608,0.46833569430823435,0.019056699720315328,-0.006987577639751552
71,4,4,16,2,1,continuous,0,continuous_scalar,0.012029297719390267,0.15429425011804876,-0.027363699102829497,-0.02411372634484754
71,4,5,6,0,6,continuous,0,continuous_scalar,0.00010634942281029273,0.22490556100395917,-0.021601104209799816,-0.02570738440303655
71,4,6,24,3,3,categorical,3,prototype_discretization,0.33286509116299984,0.48673767752715125,-0.014261196469434401,-0.0357142857142857
71,4,7,22,3,1,continuous,0,continuous_scalar,0.0940564005481005,0.4617295049217246,0.011653227271076339,-0.003968253968253843
71,4,8,9,1,1,categorical,3,threshold_binning,0.0005395958629890085,0.2349624060150376,-0.006521739130434745,0.0
71,4,9,18,2,3,categorical,3,threshold_binning,0.12903316486870506,0.4444444444444444,-0.0065217391304347675,-0.0357142857142857
71,4,10,19,2,4,continuous,0,continuous_scalar,0.0003946342602627498,0.23689658929933527,-0.03304184373978421,-0.017857142857142794
71,4,11,28,3,7,continuous,0,continuous_scalar,0.1781309280657743,0.19091206276560968,0.002743271221532129,0.05348516218081445
71,4,12,25,3,4,continuous,0,continuous_scalar,0.003581485895994487,0.5134484762631215,0.013795357960117705,-0.024844720496894346
71,4,13,17,2,2,continuous,0,continuous_scalar,0.004118344391794735,0.37956303802985725,0.006460898623370048,-0.010869565217391242
72,4,0,10,1,2,categorical,4,prototype_discretization,0.0058179355742524795,0.16154970760233917,-0.005701754385964919,-0.0007309941520468044
72,4,1,18,2,4,continuous,0,continuous_scalar,0.02683555706555353,0.1829674453513463,-0.01174750601995186,-0.056458548331613345
72,4,2,28,3,7,continuous,0,continuous_scalar,0.3178671918668871,0.4262673171341902,0.13267426587860026,0.140163242330425
72,4,3,9,1,1,continuous,0,continuous_scalar,0.05630270787204265,0.24114597992306971,-0.013988179003658906,-0.030142758857929164
72,4,4,20,2,6,categorical,2,prototype_discretization,0.09495140195508658,0.19518716577540107,-0.005882352941176472,0.0358851674641148
72,4,5,8,1,0,continuous,0,continuous_scalar,0.015969468476675942,0.36692388279075583,0.0,-0.028594771241830075
72,4,6,15,2,1,continuous,0,continuous_scalar,0.01334425570793692,0.36260437189229755,-0.02682865809800796,-0.02786377708978327
72,4,7,12,1,4,continuous,0,continuous_scalar,0.0024199019986850486,0.1992213153203865,0.022825781030115365,-0.001547987616099089
72,4,8,6,0,6,continuous,0,continuous_scalar,0.0029778746821606797,0.23878099884291834,-0.0013329893360853218,-0.009569377990430672
72,4,9,27,3,6,continuous,0,continuous_scalar,0.22351544339940246,0.28061966413359607,-0.013351784094818164,-0.0007309941520468044
72,4,10,7,0,7,continuous,0,continuous_scalar,0.030050473370707355,0.3354715889545611,-0.008969728242174079,-0.0008169934640522847
72,4,11,2,0,2,continuous,0,continuous_scalar,0.0050731178717314885,0.3704264002251618,0.01108062044594551,-0.0175907683647622
72,4,12,14,2,0,categorical,2,threshold_binning,0.1953969045649393,0.4444444444444444,0.0707860337117303,-0.01470588235294118
72,4,13,16,2,2,continuous,0,continuous_scalar,0.009162774208772845,0.2792241298433249,0.0071715608093316785,-0.009569377990430672
72,4,14,17,2,3,continuous,0,continuous_scalar,0.0003149913851656194,0.20599180661100167,-0.020519435844513247,-0.056372549019607865
73,4,0,29,3,6,continuous,0,continuous_scalar,0.05563876986444605,0.25526403743315507,0.009675802139037421,0.042112299465240643
73,4,1,13,1,5,continuous,0,continuous_scalar,0.0052730987998145604,0.2520889037433155,0.0059659090909090825,0.04545454545454544
73,4,2,15,1,7,continuous,0,continuous_scalar,0.004239968446823828,0.19752673796791442,0.0544451871657754,-0.006183155080213942
73,4,3,6,0,6,continuous,0,continuous_scalar,0.002659102984404636,0.19568850267379678,0.006166443850267373,-0.019886363636363646
73,4,4,5,0,5,continuous,0,continuous_scalar,0.10969192676442557,0.23830213903743314,-0.007302807486631024,-0.04503676470588236
73,4,5,14,1,6,continuous,0,continuous_scalar,0.005217809266955461,0.28150066844919786,-0.0460394385026738,-0.015625
73,4,6,17,2,0,continuous,0,continuous_scalar,0.028449524637100047,0.34241310160427807,-0.002105614973262038,-0.035511363636363646
73,4,7,26,3,3,continuous,0,continuous_scalar,0.49952795690981733,0.2733121657754011,-0.01468917112299466,0.011781417112299464
73,4,8,4,0,4,categorical,2,threshold_binning,0.001290236044744425,0.2606951871657754,-0.0025401069518716456,0.015625
73,4,9,31,3,8,continuous,0,continuous_scalar,0.2778141214592528,0.2993816844919786,0.02023729946524063,0.027406417112299464
73,4,10,7,0,7,continuous,0,continuous_scalar,0.0002162065773025731,0.29470254010695185,0.054177807486631015,0.04971590909090909
73,4,11,27,3,4,continuous,0,continuous_scalar,0.009981278244912663,0.2681316844919786,0.015340909090909089,0.008021390374331527
74,3,0,0,0,0,continuous,0,continuous_scalar,0.007903130004783702,0.44577352472089316,0.02663476874003192,0.032695374800638
74,3,1,8,1,0,continuous,0,continuous_scalar,4.256479481172961e-06,0.3676236044657097,0.009090909090909084,0.030303030303030276
74,3,2,25,3,1,categorical,2,prototype_discretization,1.5248754826857527e-05,0.4082934609250399,0.020095693779904344,0.032695374800638
74,3,3,14,1,6,categorical,2,threshold_binning,0.009625564911344406,0.3971291866028708,0.015151515151515138,0.0
74,3,4,23,2,8,continuous,0,continuous_scalar,4.929229084768102e-05,0.3652312599681021,0.006060606060606055,0.0
74,3,5,26,3,2,continuous,0,continuous_scalar,0.028802838105935123,0.3803827751196172,0.016108452950558204,0.037480063795853336
74,3,6,15,2,0,continuous,0,continuous_scalar,0.24598017203038344,0.3054226475279107,0.01212121212121211,0.032695374800638
74,3,7,10,1,2,continuous,0,continuous_scalar,0.0021584068886292204,0.4784688995215311,0.015151515151515138,0.04784688995215314
74,3,8,29,3,5,categorical,3,prototype_discretization,7.613982735198397e-05,0.3110047846889952,-0.006060606060606055,0.015151515151515138
74,3,9,30,3,6,continuous,0,continuous_scalar,0.5014370228294085,0.6068580542264753,0.14354066985645933,0.01754385964912286
74,3,10,19,2,4,categorical,4,threshold_binning,0.03159733941600148,0.3652312599681021,0.033333333333333326,0.030303030303030276
74,3,11,18,2,3,continuous,0,continuous_scalar,0.17235058846100637,0.649920255183413,0.2086124401913875,0.045454545454545414
75,2,0,11,1,3,continuous,0,continuous_scalar,0.00365781483795861,0.45833333333333337,-0.011904761904761862,-0.04761904761904767
75,2,1,22,2,8,continuous,0,continuous_scalar,0.5742004665705555,0.7321428571428572,0.17738095238095236,0.13095238095238093
75,2,2,1,0,1,categorical,2,threshold_binning,0.07016166707402997,0.5595238095238095,-0.01785714285714284,-0.04166666666666663
75,2,3,15,2,1,continuous,0,continuous_scalar,0.2129491027225271,0.49404761904761907,-0.009523809523809513,-0.04761904761904767
75,2,4,9,1,1,categorical,2,prototype_discretization,0.023236596674723057,0.49404761904761907,-0.0023809523809523725,-0.04166666666666663
75,2,5,7,0,7,continuous,0,continuous_scalar,0.0005429816756527052,0.45833333333333337,-0.005952380952380931,-0.029761904761904767
75,2,6,13,1,5,continuous,0,continuous_scalar,0.0024282090853311442,0.5654761904761905,-0.011904761904761862,-0.011904761904761862
75,2,7,5,0,5,categorical,2,threshold_binning,0.020400683579083798,0.5059523809523809,0.0071428571428571175,-0.017857142857142794
75,2,8,12,1,4,continuous,0,continuous_scalar,0.09242247778013814,0.6071428571428572,-0.0071428571428571175,-0.011904761904761862
76,3,0,3,0,3,continuous,0,continuous_scalar,0.019715402319703295,0.3869565217391304,-0.0030303030303030164,0.0
76,3,1,6,0,6,categorical,2,threshold_binning,0.0024293107603370542,0.3151515151515151,0.0030303030303030385,-0.015810276679841917
76,3,2,4,0,4,continuous,0,continuous_scalar,0.000250844400313399,0.33280632411067196,-0.009090909090909084,0.0
76,3,3,11,1,3,continuous,0,continuous_scalar,0.3063005277849301,0.47391304347826085,-0.047545015371102284,0.015151515151515194
76,3,4,28,3,4,continuous,0,continuous_scalar,0.39890753294526915,0.4375494071146246,0.08627140974967064,0.03640755379885818
76,3,5,14,2,0,continuous,0,continuous_scalar,0.020665462358134178,0.3253842775581906,-0.010364514712340756,-0.03737373737373728
76,3,6,27,3,3,continuous,0,continuous_scalar,0.04917371925920789,0.47360562143170837,0.011594202898550777,-0.015151515151515138
76,3,7,7,0,7,categorical,2,threshold_binning,0.04467068695364287,0.4736495388669302,-0.027272727272727247,-0.0006587615283266679
76,3,8,2,0,2,continuous,0,continuous_scalar,0.004737982738250199,0.3556873078612209,0.02687747035573127,-0.022880983750548978
76,3,9,15,2,1,continuous,0,continuous_scalar,0.0009304915895519806,0.32503293807641637,-0.012384716732542812,-0.0006587615283266679
76,3,10,30,3,6,continuous,0,continuous_scalar,0.007629547519953583,0.3553798858146684,-0.02874835309617917,0.013833992094861691
76,3,11,16,2,2,continuous,0,continuous_scalar,0.13920480176052297,0.34729907773386043,0.013965744400527048,-0.0013175230566535023
76,3,12,10,1,2,continuous,0,continuous_scalar,0.005383689610183337,0.2593763724198507,-0.012121212121212099,-0.00772946859903384
77,3,0,14,1,6,continuous,0,continuous_scalar,0.07290213320901205,0.36988304093567254,-0.06228070175438596,-0.003654970760233911
77,3,1,17,2,0,continuous,0,continuous_scalar,0.0631866048823266,0.25511695906432746,-0.030116959064327497,-0.021198830409356773
77,3,2,7,0,7,continuous,0,continuous_scalar,0.000437277677263422,0.2975146198830409,0.030701754385964918,0.0314327485380117
77,3,3,25,3,1,categorical,2,threshold_binning,0.1076140873822656,0.4568713450292397,0.022368421052631614,0.04532163742690054
77,3,4,19,2,2,continuous,0,continuous_scalar,0.10542272793684576,0.5350877192982456,0.016081871345029253,-0.01754385964912286
77,3,5,21,2,4,continuous,0,continuous_scalar,0.20435245035787,0.5453216374269005,0.07456140350877193,0.01388888888888895
77,3,6,2,0,2,categorical,2,threshold_binning,0.0020195922835072344,0.2807017543859649,0.00277777777777779,0.01388888888888895
77,3,7,24,3,0,categorical,2,prototype_discretization,0.3372950373463694,0.543859649122807,0.041666666666666644,-0.01754385964912286
77,3,8,4,0,4,categorical,2,prototype_discretization,0.002806506148210122,0.391812865497076,0.00482456140350882,0.0
77,3,9,30,3,6,categorical,2,prototype_discretization,0.006008101796900698,0.37061403508771934,0.004239766081871377,0.003654970760233911
77,3,10,26,3,2,continuous,0,continuous_scalar,0.0979554809794291,0.4926900584795321,-0.00277777777777779,0.02777777777777779
78,4,0,22,2,4,continuous,0,continuous_scalar,0.15771021242267766,0.3376644736842105,-0.06319078947368421,0.012499999999999956
78,4,1,1,0,1,categorical,4,threshold_binning,0.13903815878099193,0.3481907894736842,0.01164473684210523,-0.06447368421052635
78,4,2,25,2,7,continuous,0,continuous_scalar,0.2955604332577904,0.38634868421052626,0.178125,0.1230263157894737
78,4,3,2,0,2,continuous,0,continuous_scalar,0.08271402918726593,0.3583881578947368,-0.02842105263157897,-0.010032894736842102
78,4,4,31,3,3,continuous,0,continuous_scalar,0.245426994963782,0.36332236842105264,0.005592105263157921,-0.05378289473684206
78,4,5,5,0,5,continuous,0,continuous_scalar,0.0005239580975636358,0.2963815789473684,-0.042434210526315796,-0.050657894736842124
78,4,6,29,3,1,continuous,0,continuous_scalar,0.037081286748534524,0.25773026315789477,-0.02213815789473681,-0.0006578947368420796
78,4,7,33,3,5,continuous,0,continuous_scalar,0.04194492654139388,0.38338815789473685,-0.0062171052631579075,0.0013157894736842701
79,3,0,3,0,3,continuous,0,continuous_scalar,0.007118476810552806,0.20903010033444816,-0.0035674470457077944,-0.012820512820512775
79,3,1,0,0,0,categorical,2,prototype_discretization,5.6381850105613475e-05,0.34782608695652173,-0.0028985507246376495,0.012820512820512997
79,3,2,13,1,5,categorical,4,threshold_binning,0.018267475031875605,0.2753623188405797,0.0,0.012820512820512775
79,3,3,11,1,3,categorical,3,threshold_binning,0.04075932644008629,0.5172798216276476,0.0370122630992197,0.02898550724637694
79,3,4,30,3,8,continuous,0,continuous_scalar,0.17806911409285925,0.32831661092530656,0.01638795986622075,2.220446049250313e-16
79,3,5,25,3,3,continuous,0,continuous_scalar,0.19967407525662564,0.43255295429208473,0.0,-0.014492753623188248
79,3,6,31,3,9,continuous,0,continuous_scalar,0.14869711054631451,0.3907469342251951,0.23701226309921966,0.1716833890746936
79,3,7,4,0,4,continuous,0,continuous_scalar,0.0003096028766147921,0.36510590858416947,0.008695652173913082,0.01449275362318847
79,3,8,19,2,3,continuous,0,continuous_scalar,0.11737434610287348,0.294314381270903,0.005797101449275388,0.0
79,3,9,7,0,7,continuous,0,continuous_scalar,0.000700742970238181,0.3327759197324414,0.002898550724637694,0.027313266443701245
79,3,10,14,1,6,continuous,0,continuous_scalar,0.04895955162761323,0.3745819397993311,-0.005462653288740205,0.01449275362318847
79,3,11,2,0,2,categorical,3,prototype_discretization,0.0378869693476705,0.43255295429208473,0.0035674470457079275,0.02898550724637683
79,3,12,27,3,5,continuous,0,continuous_scalar,0.14885246041844397,0.612597547380156,0.3105908584169455,0.20903010033444824
79,3,13,17,2,1,continuous,0,continuous_scalar,0.017548351368738745,0.27647714604236345,-0.007692307692307665,0.025641025641025772
79,3,14,18,2,2,continuous,0,continuous_scalar,0.03048439484694774,0.3071348940914158,-0.014827201783723432,0.0
79,3,15,15,1,7,continuous,0,continuous_scalar,0.005241620412439636,0.31047937569676703,0.00033444816053518345,0.027313266443701245
80,2,0,7,0,7,continuous,0,continuous_scalar,0.003303085392222695,0.5,0.003382352941176481,0.02941176470588236
80,2,1,14,1,6,continuous,0,continuous_scalar,0.0006578119229948008,0.5286764705882353,-0.0004411764705881671,0.02720588235294119
80,2,2,27,3,1,continuous,0,continuous_scalar,0.24872687939395097,0.6257352941176471,0.06426470588235296,0.02941176470588236
80,2,3,13,1,5,continuous,0,continuous_scalar,0.019323186467622017,0.3426470588235294,0.01426470588235298,0.016911764705882404
80,2,4,15,1,7,continuous,0,continuous_scalar,0.1513377061449334,0.6088235294117648,0.04294117647058828,0.0
80,2,5,22,2,6,continuous,0,continuous_scalar,0.1974729701823955,0.3529411764705882,-0.014705882352941147,0.014705882352941235
80,2,6,4,0,4,continuous,0,continuous_scalar,0.002018057444789637,0.5,-0.017205882352941092,0.012500000000000067
80,2,7,24,2,8,continuous,0,continuous_scalar,0.00425091628381584,0.35514705882352937,0.00882352941176474,0.02941176470588236
80,2,8,1,0,1,categorical,5,threshold_binning,0.09851766109919852,0.6911764705882353,0.034117647058823565,-0.0022058823529410576
80,2,9,9,1,1,continuous,0,continuous_scalar,0.005885619787317143,0.45808823529411763,-0.02014705882352936,0.0
80,2,10,21,2,5,categorical,2,prototype_discretization,0.0011748685022525903,0.44705882352941173,-0.00588235294117645,0.0
80,2,11,2,0,2,categorical,3,threshold_binning,0.0005859429417690252,0.5102941176470588,-0.002499999999999991,0.0
80,2,12,28,3,2,continuous,0,continuous_scalar,0.26674529443673783,0.5022058823529412,-0.034264705882352905,0.019117647058823573
81,2,0,21,2,6,continuous,0,continuous_scalar,0.005712536446755373,0.45014880952380953,0.0,0.0
81,2,1,6,0,6,continuous,0,continuous_scalar,0.0877694001012591,0.6227678571428572,-0.004761904761904745,0.0
81,2,2,15,2,0,continuous,0,continuous_scalar,0.1304105580152609,0.8184523809523809,0.0071428571428571175,0.0
81,2,3,16,2,1,continuous,0,continuous_scalar,0.05411626017041269,0.7752976190476191,-0.00952380952380949,0.011904761904761862
81,2,4,8,1,0,continuous,0,continuous_scalar,0.020979383554278083,0.7991071428571428,0.004761904761904745,0.011904761904761862
81,2,5,22,2,7,continuous,0,continuous_scalar,0.0022341718122233815,0.5096726190476191,0.0,0.0
81,2,6,26,3,2,continuous,0,continuous_scalar,0.1404022493656482,0.7715773809523809,0.0071428571428571175,0.0
81,2,7,31,3,7,continuous,0,continuous_scalar,0.16087053047221475,0.7120535714285714,0.0071428571428571175,0.0
81,2,8,28,3,4,continuous,0,continuous_scalar,0.14722713158952402,0.5796130952380952,0.028571428571428536,0.0
81,2,9,11,1,3,continuous,0,continuous_scalar,0.11372916346164753,0.8348214285714286,0.0,0.0
81,2,10,17,2,2,continuous,0,continuous_scalar,0.005469051724075848,0.7083333333333333,0.0,0.0
81,2,11,19,2,4,continuous,0,continuous_scalar,0.10505322548564895,0.6696428571428572,0.004761904761904745,0.0
81,2,12,30,3,6,continuous,0,continuous_scalar,0.02602633780105114,0.7209821428571428,0.0,0.0
82,2,0,2,0,2,continuous,0,continuous_scalar,0.13973133685075376,0.45990990990990993,0.0,0.0
82,2,1,27,3,3,continuous,0,continuous_scalar,0.2019296564101453,0.4171171171171171,0.0,0.0
82,2,2,18,2,1,continuous,0,continuous_scalar,0.0520353692705947,0.386936936936937,0.0,0.0
82,2,3,9,1,1,categorical,3,prototype_discretization,3.74197321718889e-05,0.3941441441441441,0.0,0.0
82,2,4,28,3,4,categorical,2,prototype_discretization,0.011764554587435751,0.41846846846846847,0.0,0.0
82,2,5,7,0,7,categorical,3,threshold_binning,0.009153793180547378,0.48198198198198194,0.0,0.0
82,2,6,14,1,6,continuous,0,continuous_scalar,0.22786079255111544,0.8990990990990991,0.021261261261261266,0.0
82,2,7,1,0,1,continuous,0,continuous_scalar,1.2895306305454976e-05,0.4837837837837838,0.0,0.0
82,2,8,26,3,2,continuous,0,continuous_scalar,0.29398501395057003,0.9364864864864866,0.04414414414414418,0.0
82,2,9,15,1,7,continuous,0,continuous_scalar,0.06309777145789888,0.9563063063063063,0.036846846846846845,0.0
82,2,10,19,2,2,continuous,0,continuous_scalar,0.00039139670246145475,0.5283783783783784,0.0,0.0
83,3,0,19,2,2,continuous,0,continuous_scalar,0.012263932097766385,0.4379943727769815,0.030864787386526493,0.028693528693528703
83,3,1,5,0,5,continuous,0,continuous_scalar,0.042110730868431825,0.3951000690131125,-0.016568455698890504,0.03617879704836224
83,3,2,23,2,6,continuous,0,continuous_scalar,0.015479945124861264,0.3006317354143441,0.004650422041726365,0.05067155067155066
83,3,3,7,0,7,categorical,2,prototype_discretization,0.00014431482819691718,0.3526570048309179,0.012698412698412676,0.07326007326007325
83,3,4,8,1,0,continuous,0,continuous_scalar,0.0050136909432689945,0.36866273822795564,0.023506927854753935,0.044566544566544575
83,3,5,11,1,3,continuous,0,continuous_scalar,3.0136023437235203e-05,0.40622179752614535,-0.0710144927536232,-0.024260763391198203
83,3,6,26,3,2,continuous,0,continuous_scalar,0.19576755232295212,0.19090088655306045,0.047804852152678226,-0.014492753623188415
83,3,7,1,0,1,categorical,4,threshold_binning,0.004570763464542406,0.2815734989648033,0.04089823220258001,0.031746031746031744
83,3,8,16,1,8,categorical,2,threshold_binning,0.0038711410061380413,0.2809364548494983,-0.011440250570685396,0.0331262939958592
83,3,9,13,1,5,continuous,0,continuous_scalar,0.036782714838348086,0.28170621648882516,-0.007256994213515999,0.03617879704836224
83,3,10,2,0,2,continuous,0,continuous_scalar,0.0003922633330808959,0.3883845622976058,-0.013112491373360968,0.027021287890853063
83,3,11,29,3,5,continuous,0,continuous_scalar,0.6826471839276302,0.3259807825025216,-0.010489993098688777,0.034798534798534786
83,3,12,0,0,0,continuous,0,continuous_scalar,0.0009256312213455445,0.31955725433986304,0.009720231459361905,0.047619047619047616
84,4,0,29,3,5,continuous,0,continuous_scalar,0.3064342984667224,0.8267259056732741,0.08624401913875594,0.02452153110047839
84,4,1,3,0,3,continuous,0,continuous_scalar,0.040843242109135675,0.279647983595352,-0.007689678742310302,-0.017857142857142794
84,4,2,21,2,3,continuous,0,continuous_scalar,0.018989512987105522,0.28127136021872867,-0.05,-0.024350649350649345
84,4,3,2,0,2,continuous,0,continuous_scalar,0.15190667140062433,0.7385509227614491,-0.014405331510594666,0.006664388243335595
84,4,4,6,0,6,continuous,0,continuous_scalar,0.0018962284385825024,0.3022043745727956,-0.050000000000000024,-0.029049897470950103
84,4,5,9,1,1,continuous,0,continuous_scalar,0.1630630980497973,0.8137388926862612,-0.004254955570745023,0.011363636363636354
84,4,6,23,2,5,categorical,3,threshold_binning,0.2466460242908381,0.5825358851674641,-0.00013670539986330166,0.011363636363636354
84,4,7,22,2,4,continuous,0,continuous_scalar,0.0702209242571942,0.26469583048530415,-0.014285714285714258,0.02631578947368418
85,2,0,1,0,1,categorical,2,prototype_discretization,0.02820615383266773,0.4976280834914611,-0.020872865275142295,0.016129032258064502
85,2,1,33,3,8,continuous,0,continuous_scalar,0.017307432991190266,0.5787476280834914,-0.025521821631878504,-0.01755218216318788
85,2,2,30,3,5,continuous,0,continuous_scalar,0.06867106262779127,0.6726755218216318,0.03728652751423152,0.04554079696394686
85,2,3,5,0,5,categorical,2,threshold_binning,1.2551054443372755e-05,0.40370018975332067,-0.029032258064516103,-0.04696394686907013
85,2,4,31,3,6,continuous,0,continuous_scalar,0.0025647187034408977,0.5052182163187856,-0.01233396584440225,-0.032258064516129004
85,2,5,17,2,2,continuous,0,continuous_scalar,0.05244674776144436,0.3804554079696395,-0.021157495256166926,0.0
85,2,6,26,3,1,continuous,0,continuous_scalar,0.022438600573349645,0.6622390891840607,0.0002846299810246755,-0.030834914611005626
85,2,7,23,2,8,continuous,0,continuous_scalar,0.06875424296869793,0.5858633776091082,0.018121442125237232,0.01755218216318788
85,2,8,22,2,7,categorical,3,threshold_binning,0.0038475250285601027,0.540796963946869,-0.024667931688804524,-0.014705882352941124
85,2,9,29,3,4,continuous,0,continuous_scalar,0.1117297776388957,0.5360531309297913,-0.01878557874762805,-0.0014231499051233776
85,2,10,25,3,0,categorical,3,threshold_binning,0.26975174204832814,0.7637571157495255,0.0026565464895635716,-0.030834914611005626
85,2,11,7,0,7,categorical,2,threshold_binning,0.07484239308032499,0.5725806451612903,-0.021157495256166968,-0.02941176470588225
85,2,12,15,2,0,continuous,0,continuous_scalar,0.10210467102240305,0.4274193548387097,0.012333965844402295,-0.0014231499051233776
85,2,13,0,0,0,categorical,4,prototype_discretization,0.003726130580688518,0.42552182163187857,-0.024952561669829176,-0.016129032258064502
85,2,14,8,1,0,continuous,0,continuous_scalar,0.17359625008777405,0.631404174573055,0.10426944971537003,-0.016129032258064502
86,2,0,18,2,2,continuous,0,continuous_scalar,0.03068775985504667,0.4112554112554112,0.0032034632034632082,0.030303030303030276
86,2,1,9,1,1,continuous,0,continuous_scalar,0.06527232260864299,0.587012987012987,-0.011255411255411208,-0.014285714285714235
86,2,2,28,3,4,categorical,3,prototype_discretization,0.0030848304425362487,0.461038961038961,-0.0062337662337662355,0.01601731601731604
86,2,3,25,3,1,categorical,4,threshold_binning,0.3044341300123446,0.8428571428571429,0.16259740259740263,0.09437229437229444
86,2,4,29,3,5,continuous,0,continuous_scalar,0.07819576938234986,0.5238095238095238,0.02086580086580083,0.015151515151515138
86,2,5,7,0,7,continuous,0,continuous_scalar,0.00704095307652948,0.4818181818181818,-0.015151515151515138,-0.013419913419913443
86,2,6,6,0,6,continuous,0,continuous_scalar,4.6188038577362874e-05,0.4818181818181818,-0.011601731601731568,0.0008658008658009031
86,2,7,12,1,4,categorical,2,prototype_discretization,0.0025272360024511807,0.5,-0.0030303030303030277,0.015151515151515138
86,2,8,20,2,4,continuous,0,continuous_scalar,0.37975476412432474,0.42294372294372296,-0.014805194805194776,0.029437229437229373
86,2,9,17,2,1,continuous,0,continuous_scalar,0.011844796125664895,0.5147186147186147,-0.0030303030303030277,0.030303030303030276
86,2,10,21,2,5,categorical,3,prototype_discretization,0.08118191506300547,0.7727272727272727,0.17757575757575758,0.013419913419913443
86,2,11,10,1,2,continuous,0,continuous_scalar,0.00020270858993549746,0.5424242424242425,-0.005714285714285694,0.015151515151515138
86,2,12,23,2,7,continuous,0,continuous_scalar,0.00025162245460456304,0.41385281385281386,-0.005714285714285694,0.015151515151515138
86,2,13,11,1,3,continuous,0,continuous_scalar,0.008948738198699091,0.42380952380952375,0.0033766233766233888,0.0008658008658009031
86,2,14,0,0,0,continuous,0,continuous_scalar,0.020158569968285196,0.5164502164502165,-0.008744588744588722,0.0008658008658009031
86,2,15,8,1,0,continuous,0,continuous_scalar,0.006367696057002131,0.5012987012987012,0.02406926406926404,0.05974025974025976
87,3,0,28,3,3,continuous,0,continuous_scalar,0.020452445469258545,0.599881164587047,0.047997623291740975,0.008496732026143872
87,3,1,23,2,6,categorical,2,prototype_discretization,0.12049748359538334,0.429590017825312,0.05137254901960784,0.028104575163398704
87,3,2,30,3,5,categorical,4,prototype_discretization,0.0006096966947503073,0.39144385026737966,-0.017908496732026057,-0.039215686274509665
87,3,3,17,2,0,continuous,0,continuous_scalar,0.053378187644914143,0.35074272133095663,0.03032679738562094,-0.019607843137254832
87,3,4,32,3,7,continuous,0,continuous_scalar,0.2249876257264179,0.6310160427807486,0.1575044563279858,-0.056981580510992336
87,3,5,21,2,4,continuous,0,continuous_scalar,6.385593757517503e-05,0.38550207961972666,-0.026405228758169842,-0.039215686274509665
87,3,6,13,1,5,categorical,4,threshold_binning,0.16998728860752743,0.36417112299465243,-0.02405228758169926,-0.028104575163398593
87,3,7,3,0,3,continuous,0,continuous_scalar,0.056844831616785364,0.30368389780154487,-0.020130718954248294,-0.030718954248365904
87,3,8,19,2,2,continuous,0,continuous_scalar,0.18594215514597368,0.38550207961972666,-0.004444444444444406,-0.039215686274509665
87,3,9,25,3,0,continuous,0,continuous_scalar,0.1672364295614141,0.40516934046345815,-0.04522875816993466,-0.028104575163398593
88,3,0,20,2,5,continuous,0,continuous_scalar,0.15874868896443356,0.3045157456922163,0.0013241660300483903,0.004456327985739916
88,3,1,24,2,9,categorical,2,threshold_binning,0.0005336897330654909,0.2905525846702317,-0.015151515151515138,-0.015151515151515138
88,3,2,2,0,2,categorical,4,prototype_discretization,0.01623324183266966,0.3837535014005602,0.006349206349206327,0.0007215007215006786
88,3,3,10,1,2,continuous,0,continuous_scalar,0.010501277093087168,0.3809948221712928,-0.018326118326118346,0.004456327985739916
88,3,4,27,3,2,continuous,0,continuous_scalar,0.22753056980763478,0.7141583906289789,0.18248875307698842,0.03475935828877019
88,3,5,8,1,0,continuous,0,continuous_scalar,0.002002372873545869,0.341779135896783,-0.0030303030303030277,0.004456327985739916
88,3,6,3,0,3,categorical,2,threshold_binning,0.002597892700638479,0.3511586452762923,0.006349206349206327,0.0007215007215006786
88,3,7,18,2,3,continuous,0,continuous_scalar,0.19571711515188447,0.8042186571598336,0.2245140480434599,0.06951871657754016
88,3,8,12,1,4,categorical,3,prototype_discretization,0.0077127781839356506,0.3914778032425092,0.0,0.0
88,3,9,30,3,5,continuous,0,continuous_scalar,0.36705766924682703,0.3676258382140735,0.0005772005772005428,0.020329343858755733
88,3,10,14,1,6,continuous,0,continuous_scalar,0.009541299150441843,0.3674136321195145,0.0031746031746031633,0.004456327985739916
88,3,11,1,0,1,continuous,0,continuous_scalar,0.0018234052618359932,0.3854511501570325,0.0014684661743485262,0.004456327985739916
89,2,0,8,1,0,categorical,2,prototype_discretization,1.46269675975159e-06,0.4095238095238095,0.004761904761904745,-0.004761904761904745
89,2,1,16,1,8,continuous,0,continuous_scalar,0.0007065508329648585,0.5,-0.007619047619047592,0.0
89,2,2,2,0,2,continuous,0,continuous_scalar,0.007271798386805905,0.5666666666666667,0.004761904761904745,-0.004761904761904745
89,2,3,28,3,0,continuous,0,continuous_scalar,0.36306642274013207,0.5857142857142857,-0.0028571428571429135,0.0
89,2,4,9,1,1,continuous,0,continuous_scalar,0.001689468056042168,0.6023809523809525,-0.010952380952380913,-0.016666666666666607
89,2,5,31,3,3,categorical,4,threshold_binning,0.05972963433959848,0.46904761904761905,0.0,0.0
89,2,6,17,1,9,categorical,3,prototype_discretization,0.16495435490006172,0.5142857142857142,-0.01952380952380952,0.0
89,2,7,10,1,2,continuous,0,continuous_scalar,0.017732692300737853,0.3857142857142857,0.0,-0.033333333333333326
89,2,8,33,3,5,continuous,0,continuous_scalar,0.010549869825551913,0.49523809523809526,0.0,0.0
89,2,9,34,3,6,continuous,0,continuous_scalar,0.37229557288297865,0.7595238095238095,0.219047619047619,0.08571428571428563
89,2,10,27,2,9,continuous,0,continuous_scalar,0.0020021730383666917,0.48809523809523814,-0.001904761904761898,-0.004761904761904745
90,4,0,11,1,3,continuous,0,continuous_scalar,0.012141057885903101,0.20489376352547706,-0.014677847727719861,0.004714243556954545
90,4,1,30,3,9,categorical,3,prototype_discretization,0.17379912362207747,0.30045248868778285,0.024464882943143817,0.0570037379500295
90,4,2,1,0,1,categorical,2,threshold_binning,0.002515036368784968,0.21634615384615385,0.02251918158567775,0.07038166437143417
90,4,3,23,3,2,categorical,3,threshold_binning,0.3909096602102146,0.215158371040724,0.030937438520558736,0.05914568168404488
90,4,4,14,2,0,categorical,3,prototype_discretization,0.03017489865097482,0.2642632303757623,0.008446783395632507,0.09066742081447962
90,4,5,15,2,1,continuous,0,continuous_scalar,0.055186257862854235,0.19396025968915998,0.03258361204013378,0.057608695652173914
90,4,6,18,2,4,categorical,2,threshold_binning,0.02489690752415352,0.2875,0.03502262443438914,0.0901878811725359
90,4,7,19,2,5,continuous,0,continuous_scalar,0.25895887364655695,0.2797363761558135,0.051478457603777304,0.08577611646665356
90,4,8,3,0,3,categorical,3,threshold_binning,0.009134428470681091,0.2921675191815857,0.04342465079677355,0.07452046035805626
90,4,9,5,0,5,continuous,0,continuous_scalar,0.004104682389109624,0.27914125516427307,0.0365138697619516,0.06729785559708834
90,4,10,10,1,2,continuous,0,continuous_scalar,0.02648003626802371,0.2050831202046036,0.026411076136140084,0.013377926421404673
90,4,11,16,2,2,categorical,2,prototype_discretization,0.0019301765109849085,0.24632352941176472,-0.010942848711390906,0.06654534723588429
90,4,12,7,0,7,categorical,4,threshold_binning,0.00435949410530157,0.2306020066889632,-0.005079185520361984,0.04538166437143415
90,4,13,13,1,5,categorical,2,threshold_binning,0.005409366484379409,0.2528846153846154,0.04703472358843204,0.05241491245327562
91,4,0,17,2,0,continuous,0,continuous_scalar,0.0005934157417957225,0.25386996904024767,0.01565187478500172,0.02631578947368418
91,4,1,15,1,7,continuous,0,continuous_scalar,0.19467459509511015,0.34356725146198835,0.03763329893360856,0.02631578947368418
91,4,2,14,1,6,continuous,0,continuous_scalar,0.010533085973601312,0.22592019263845892,-0.003973168214654277,0.04102167182662542
91,4,3,31,3,4,categorical,4,prototype_discretization,0.29440819996823214,0.3022875816993464,0.034055727554179585,0.06037151702786381
91,4,4,26,2,9,continuous,0,continuous_scalar,0.011821675066141313,0.29471964224286207,0.08684210526315791,0.042569659442724506
91,4,5,8,1,0,categorical,2,prototype_discretization,0.06156063940698192,0.2892156862745098,0.020966632266941863,0.0
91,4,6,19,2,2,continuous,0,continuous_scalar,0.010535285418505371,0.25679394564843483,0.007481940144478849,0.02631578947368418
91,4,7,3,0,3,categorical,2,prototype_discretization,0.0009692917787822436,0.1437908496732026,-0.01014791881664947,0.05572755417956654
91,4,8,4,0,4,categorical,3,threshold_binning,0.026472881943097284,0.36764705882352944,0.007636738906088758,0.0016339869281045694
91,4,9,7,0,7,continuous,0,continuous_scalar,0.04040875042833491,0.3077915376676987,0.005882352941176472,0.0
91,4,10,18,2,1,continuous,0,continuous_scalar,0.010016302752990754,0.2964396284829722,0.037306501547987626,-0.014705882352941235
91,4,11,20,2,3,continuous,0,continuous_scalar,0.0890702957857752,0.2784657722738218,0.06054351565187481,0.06888544891640869
91,4,12,24,2,7,continuous,0,continuous_scalar,0.24701301849814947,0.3403852769177847,0.005572755417956654,-0.001547987616099089
91,4,13,28,3,1,continuous,0,continuous_scalar,0.0019225621425021631,0.32722738218094255,-0.04588923288613691,0.013243894048847626
92,2,0,16,2,2,continuous,0,continuous_scalar,0.07451323700889682,0.4396551724137931,-0.03296146044624739,-0.01724137931034475
92,2,1,25,3,5,categorical,2,threshold_binning,0.1596756112366765,0.6435091277890467,0.04929006085192704,-0.002535496957403627
92,2,2,15,2,1,continuous,0,continuous_scalar,0.2134069827300372,0.7494929006085194,0.1611561866125761,0.17444219066937117
92,2,3,24,3,4,continuous,0,continuous_scalar,0.25475546155776957,0.6090263691683571,-0.016734279918864024,-0.03448275862068961
92,2,4,3,0,3,continuous,0,continuous_scalar,0.014580224433725909,0.4594320486815416,-0.03103448275862064,-0.051724137931034475
92,2,5,5,0,5,continuous,0,continuous_scalar,0.0009246435147494827,0.6587221095334685,0.001419878296146071,0.0
92,2,6,9,1,1,categorical,6,threshold_binning,0.008917812212433046,0.4665314401622718,-0.032555780933062814,-0.002535496957403627
92,2,7,2,0,2,continuous,0,continuous_scalar,0.03430323019559269,0.5182555780933062,-0.026572008113590194,0.0319472616632861
92,2,8,18,2,4,continuous,0,continuous_scalar,0.23892279711011874,0.5400608519269777,0.017647058823529415,-0.002535496957403627
93,2,0,22,3,1,continuous,0,continuous_scalar,0.11170983412890664,0.41700404858299595,0.010323886639676117,0.03238866396761131
93,2,1,15,2,1,continuous,0,continuous_scalar,0.0071926424973450965,0.535425101214575,-0.006275303643724706,-0.006072874493927127
93,2,2,16,2,2,continuous,0,continuous_scalar,0.09678584436304896,0.6305668016194332,0.013765182186234837,0.006072874493927238
93,2,3,18,2,4,continuous,0,continuous_scalar,0.034861897973713654,0.4807692307692308,0.012753036437246967,0.019230769230769273
93,2,4,20,2,6,categorical,2,threshold_binning,0.28549820603949705,0.4493927125506073,0.007692307692307709,0.006072874493927238
93,2,5,26,3,5,continuous,0,continuous_scalar,0.27951739226748273,0.44129554655870445,0.0062753036437247275,-0.03238866396761131
93,2,6,14,2,0,categorical,2,threshold_binning,0.08402481232540411,0.6700404858299596,0.15222672064777326,0.06983805668016196
93,2,7,8,1,0,continuous,0,continuous_scalar,0.10040937040460174,0.4493927125506073,0.009514170040485848,0.013157894736842146
94,2,0,4,0,4,continuous,0,continuous_scalar,0.0020037300082671634,0.5388080388080387,0.002564102564102577,0.0
94,2,1,21,2,5,continuous,0,continuous_scalar,0.09313085898479073,0.58004158004158,0.008108108108108091,0.013513513513513487
94,2,2,23,2,7,continuous,0,continuous_scalar,0.004124407301607176,0.5401940401940402,0.0,0.012820512820512886
94,2,3,26,3,1,categorical,4,prototype_discretization,0.12404544383372614,0.4504504504504504,0.002564102564102577,0.0
94,2,4,24,2,8,continuous,0,continuous_scalar,0.19316317043705805,0.9203049203049203,0.043381843381843345,0.02633402633402626
94,2,5,30,3,5,continuous,0,continuous_scalar,0.06122578221754381,0.5921690921690922,0.0,0.012820512820512886
94,2,6,20,2,4,categorical,2,prototype_discretization,0.04833029400181155,0.5353430353430353,0.0,0.0
94,2,7,33,3,8,continuous,0,continuous_scalar,0.04388095660225853,0.9189189189189189,0.04081774081774083,0.012820512820512886
94,2,8,18,2,2,continuous,0,continuous_scalar,0.03385011489942297,0.4483714483714484,0.0,0.0
94,2,9,28,3,3,categorical,4,threshold_binning,0.02062164033019812,0.4279279279279279,0.0,0.012820512820512886
94,2,10,29,3,4,continuous,0,continuous_scalar,0.07950827092334102,0.47609147609147606,0.010810810810810789,0.0
94,2,11,32,3,7,continuous,0,continuous_scalar,0.2870511607627419,0.8946638946638947,0.25252945252945247,0.0
94,2,12,3,0,3,continuous,0,continuous_scalar,0.009064169697232874,0.45980595980595984,0.0,0.012820512820512886
95,3,0,1,0,1,continuous,0,continuous_scalar,0.005034585853702141,0.3376068376068376,-0.02478632478632479,-0.031339031339031376
95,3,1,30,3,7,continuous,0,continuous_scalar,0.1394913153499699,0.6642246642246642,0.4755392755392755,0.4039479039479039
95,3,2,10,1,2,continuous,0,continuous_scalar,0.015518274408683941,0.2771672771672771,-0.03361823361823364,-0.05698005698005704
95,3,3,26,3,3,continuous,0,continuous_scalar,0.1730941974644752,0.3933658933658933,0.1448514448514448,0.07448107448107433
95,3,4,22,2,5,categorical,2,prototype_discretization,0.054485677738496205,0.42063492063492064,0.1398453398453398,0.008750508750508756
95,3,5,23,3,0,continuous,0,continuous_scalar,0.03642220345646663,0.3156288156288156,-0.03390313390313391,-0.031339031339031376
95,3,6,19,2,2,continuous,0,continuous_scalar,0.11492822559914737,0.3062678062678063,-0.016768416768416783,-0.03846153846153866
95,3,7,5,0,5,categorical,2,prototype_discretization,0.016608773248786464,0.34188034188034183,0.0,-0.01851851851851849
95,3,8,2,0,2,categorical,2,threshold_binning,0.008614972477619113,0.36894586894586895,-0.029059829059829068,-0.031339031339031376
95,3,9,27,3,4,continuous,0,continuous_scalar,0.10838804397626373,0.2028897028897029,-0.012535612535612528,-0.012820512820512886
95,3,10,16,1,8,continuous,0,continuous_scalar,0.07348847535910455,0.34249084249084244,-0.011111111111111094,-0.012820512820512886
95,3,11,12,1,4,continuous,0,continuous_scalar,0.0019415818121585513,0.29446479446479445,0.001424501424501412,0.012820512820512775
95,3,12,20,2,3,continuous,0,continuous_scalar,0.07044134678295086,0.335978835978836,-0.006267806267806275,-0.031339031339031376
95,3,13,25,3,2,continuous,0,continuous_scalar,0.11448849745370032,0.36324786324786323,-0.019861619861619873,-0.005698005698005715
95,3,14,13,1,5,continuous,0,continuous_scalar,0.06705382901847502,0.3663003663003663,-0.03121693121693132,-0.06267806267806275
96,4,0,11,1,3,continuous,0,continuous_scalar,0.03946460614807299,0.34090909090909094,0.013257575757575763,0.006250000000000033
96,4,1,25,3,1,continuous,0,continuous_scalar,0.04104665972587373,0.2537878787878788,-0.03787878787878787,-0.012499999999999956
96,4,2,1,0,1,continuous,0,continuous_scalar,0.002878148303788164,0.27481060606060603,0.0019696969696969824,-0.03125
96,4,3,12,1,4,continuous,0,continuous_scalar,0.2862728997495532,0.35113636363636364,-0.05518939393939391,-0.05833333333333335
96,4,4,24,3,0,categorical,2,prototype_discretization,0.13491578485350966,0.2636363636363636,-0.0033333333333333435,-0.012689393939393945
96,4,5,16,1,8,categorical,2,prototype_discretization,0.002613087240511659,0.22272727272727275,-0.0007954545454545214,-0.06874999999999998
96,4,6,19,2,2,continuous,0,continuous_scalar,0.10187941629064767,0.11837121212121213,-0.06984848484848483,-0.07481060606060608
96,4,7,27,3,3,continuous,0,continuous_scalar,0.0959750734534096,0.24299242424242423,0.016060606060606074,-0.07291666666666663
96,4,8,0,0,0,categorical,6,prototype_discretization,0.00021316165911930998,0.2759469696969697,-0.008371212121212113,0.002083333333333326
96,4,9,18,2,1,continuous,0,continuous_scalar,0.2762146248721879,0.26571969696969694,-0.01837121212121211,-0.05606060606060603
96,4,10,8,1,0,continuous,0,continuous_scalar,0.0004326191493932631,0.3185606060606061,-0.01886363636363634,-0.0022727272727272596
96,4,11,3,0,3,categorical,3,prototype_discretization,0.018093918553932827,0.23125,-0.015000000000000013,0.01647727272727273
97,2,0,26,3,5,continuous,0,continuous_scalar,0.305545018532168,0.6672222222222222,0.04366666666666659,-0.0277777777777779
97,2,1,23,3,2,categorical,4,threshold_binning,0.12023424963715752,0.5611111111111111,-0.05544444444444452,-0.10000000000000009
97,2,2,20,2,5,categorical,5,threshold_binning,0.085175047342974,0.5611111111111111,-0.034222222222222334,-0.06000000000000005
97,2,3,25,3,4,continuous,0,continuous_scalar,0.015297166510670817,0.4638888888888889,-0.01266666666666676,0.006111111111110956
97,2,4,22,3,1,continuous,0,continuous_scalar,0.18706237009256574,0.4761111111111111,-0.0770000000000001,-0.03388888888888897
97,2,5,21,3,0,categorical,3,threshold_binning,0.05979967508039937,0.6716666666666666,0.04522222222222214,0.019999999999999907
97,2,6,24,3,3,continuous,0,continuous_scalar,0.18535171165099473,0.5577777777777778,-0.04888888888888896,-0.03388888888888897
97,2,7,13,1,5,categorical,4,threshold_binning,0.04153476115306984,0.5549999999999999,-0.04555555555555561,-0.06000000000000005
98,3,0,16,2,0,continuous,0,continuous_scalar,0.20904996437367554,0.31303418803418803,-0.022222222222222254,0.0
98,3,1,0,0,0,categorical,4,threshold_binning,0.0001534989325274074,0.3397435897435897,0.0029914529914529366,0.026709401709401615
98,3,2,4,0,4,categorical,4,threshold_binning,0.02725100678710449,0.4423076923076923,0.008547008547008494,0.0010683760683759536
98,3,3,15,1,7,continuous,0,continuous_scalar,0.005357577159861006,0.35042735042735046,-0.01666666666666672,0.0
98,3,4,20,2,4,continuous,0,continuous_scalar,0.17946168357941802,0.5587606837606837,0.0070512820512819594,0.038461538461538325
98,3,5,2,0,2,categorical,4,threshold_binning,0.02153281008056834,0.40277777777777785,-0.010256410256410286,-0.012820512820512886
98,3,6,1,0,1,continuous,0,continuous_scalar,0.008835108504532691,0.4188034188034188,-0.01688034188034193,-0.06730769230769229
98,3,7,25,3,2,continuous,0,continuous_scalar,0.019538256393786046,0.5726495726495727,0.1369658119658119,0.03952991452991439
98,3,8,23,3,0,categorical,2,threshold_binning,0.02748033095235752,0.5416666666666666,0.05790598290598292,0.012820512820512775
98,3,9,29,3,6,categorical,3,prototype_discretization,0.09997890539648936,0.2596153846153846,-0.013461538461538502,-0.012820512820512886
98,3,10,9,1,1,categorical,3,prototype_discretization,0.06852601439805496,0.561965811965812,-0.007692307692307776,-0.00213675213675224
98,3,11,21,2,5,continuous,0,continuous_scalar,0.28233881931924804,0.3226495726495726,-0.02457264957264964,-0.02777777777777779
98,3,12,10,1,2,categorical,3,threshold_binning,0.020012220512794165,0.36004273504273504,-0.03162393162393164,-0.012820512820512886
98,3,13,3,0,3,categorical,2,threshold_binning,0.024704583931379438,0.4166666666666667,0.013461538461538391,0.0
98,3,14,7,0,7,continuous,0,continuous_scalar,0.00577921967820296,0.32371794871794873,-0.022222222222222254,-0.014957264957265015
99,2,0,8,1,0,continuous,0,continuous_scalar,0.19430038210292197,0.6022058823529413,0.06235294117647052,0.014705882352941124
99,2,1,1,0,1,continuous,0,continuous_scalar,0.017288733314445668,0.4727941176470588,0.007499999999999974,-0.012500000000000067
99,2,2,14,1,6,continuous,0,continuous_scalar,0.004558436701379703,0.4183823529411764,-0.026764705882353003,0.012499999999999956
99,2,3,11,1,3,continuous,0,continuous_scalar,0.03754289745392827,0.5580882352941177,-0.0025000000000000135,-0.012500000000000067
99,2,4,27,3,6,categorical,6,threshold_binning,0.04705830000161072,0.6191176470588236,0.07470588235294111,0.06691176470588223
99,2,5,24,3,3,continuous,0,continuous_scalar,0.08924354075014267,0.5169117647058823,0.02632352941176459,-0.020588235294117796
99,2,6,2,0,2,continuous,0,continuous_scalar,0.014647749367768349,0.5205882352941176,-0.0129411764705883,-0.025000000000000133
99,2,7,15,2,0,continuous,0,continuous_scalar,0.03277296709833294,0.6066176470588236,-4.4408920985006264e-17,-0.012500000000000067
99,2,8,25,3,4,continuous,0,continuous_scalar,0.5625869932094697,0.3889705882352941,-0.025000000000000088,-0.025000000000000133
