table_id,num_classes,feature_column,global_node_id,layer,node_in_layer,feature_type,cardinality,observation_type,gt_importance,single_feature_balanced_accuracy,permutation_importance,drop_column_importance
0,2,0,5,0,5,categorical,3,prototype_discretization,0.19883214615030484,0.7169076751946608,0.03915461624026688,-0.017241379310344973
0,2,1,31,3,8,continuous,0,continuous_scalar,0.2594757843861035,0.5984427141268076,0.08331479421579527,0.01724137931034475
0,2,2,0,0,0,continuous,0,continuous_scalar,0.06409190200811608,0.596218020022247,0.029032258064516103,0.01724137931034475
0,2,3,12,1,4,continuous,0,continuous_scalar,0.014191586234121365,0.4510567296996663,0.0032258064516129,0.0
0,2,4,19,2,2,continuous,0,continuous_scalar,0.29228048857135736,0.8526140155728588,0.2370411568409343,0.032258064516129004
0,2,5,21,2,4,continuous,0,continuous_scalar,0.04381334497388761,0.5984427141268076,-0.030812013348164725,0.0011123470522802492
0,2,6,14,1,6,categorical,3,threshold_binning,0.05533599382646686,0.4416017797552837,-0.0032258064516129,-0.016129032258064502
0,2,7,22,2,5,continuous,0,continuous_scalar,0.07197875384964238,0.6190211345939933,0.013125695216907651,0.0011123470522802492
1,4,0,2,0,2,categorical,2,prototype_discretization,0.08898234676757708,0.340625,-0.0012362637362636653,-0.025595238095238004
1,4,1,26,2,8,categorical,2,prototype_discretization,0.09954259741014293,0.5,0.26472069597069614,0.032097069597069705
1,4,2,28,3,1,continuous,0,continuous_scalar,0.178101884783222,0.6645947802197802,0.33307234432234445,0.28455815018315034
1,4,3,34,3,7,continuous,0,continuous_scalar,0.10293181835431586,0.3511790293040293,0.03611263736263748,0.0
1,4,4,16,1,8,continuous,0,continuous_scalar,0.1550830813589789,0.2768543956043956,0.027206959706959834,0.0448260073260075
1,4,5,15,1,7,continuous,0,continuous_scalar,0.0279354785188784,0.1786057692307692,-0.008177655677655559,0.007738095238095322
1,4,6,21,2,3,continuous,0,continuous_scalar,0.08355095955560092,0.30412087912087915,-0.01656364468864462,0.0013736263736264798
1,4,7,7,0,7,categorical,2,prototype_discretization,0.0071707442142888555,0.234375,0.003333333333333366,0.008928571428571619
1,4,8,23,2,5,continuous,0,continuous_scalar,0.11587091783974202,0.3042696886446886,0.02453067765567778,0.01666666666666683
1,4,9,10,1,2,continuous,0,continuous_scalar,1.2102660927698557e-05,0.2536401098901099,-0.02071428571428564,-0.006364468864468731
1,4,10,30,3,3,categorical,4,threshold_binning,0.07148899963632946,0.30842490842490844,-0.005567765567765481,-0.02303113553113545
1,4,11,12,1,4,continuous,0,continuous_scalar,0.0020412367894846522,0.20107600732600733,-0.030714285714285604,-0.04999999999999982
1,4,12,35,3,8,continuous,0,continuous_scalar,0.06728783211051122,0.2991758241758242,0.016048534798534873,-0.00788690476190479
2,3,0,30,3,5,continuous,0,continuous_scalar,0.08088085620587152,0.412004662004662,0.008205128205128176,-0.015151515151515138
2,3,1,3,0,3,continuous,0,continuous_scalar,0.085298276641491,0.24883449883449882,-0.020606060606060607,0.0
2,3,2,12,1,4,continuous,0,continuous_scalar,0.06256134005116264,0.4433566433566434,0.010303030303030258,-0.015151515151515138
2,3,3,2,0,2,categorical,4,threshold_binning,0.07106845346055739,0.5833333333333334,-0.006060606060606055,0.0
2,3,4,29,3,4,continuous,0,continuous_scalar,0.05637790289474397,0.2942890442890443,-0.0030303030303030277,0.0
2,3,5,21,2,6,categorical,2,threshold_binning,0.0327452392279477,0.34848484848484845,0.013333333333333286,0.0
2,3,6,33,3,8,categorical,2,threshold_binning,0.08055818381167625,0.6666666666666666,0.022121212121212076,0.031818181818181746
2,3,7,18,2,3,continuous,0,continuous_scalar,0.10954413773134573,0.6472027972027972,0.07925407925407935,0.020512820512820662
2,3,8,27,3,2,continuous,0,continuous_scalar,0.05424596109801633,0.4389277389277389,0.020303030303030312,0.016666666666666607
2,3,9,13,1,5,categorical,4,prototype_discretization,0.040047523818085885,0.25710955710955713,0.0030303030303030277,0.015151515151515138
2,3,10,9,1,1,continuous,0,continuous_scalar,0.1204545268034671,0.675990675990676,-0.0037529137529137557,0.01899766899766897
2,3,11,16,2,1,continuous,0,continuous_scalar,0.0634990230582293,0.3531468531468532,-0.0014918414918414947,-0.015151515151515138
2,3,12,26,3,1,continuous,0,continuous_scalar,0.07255092649871701,0.6659673659673659,0.040326340326340415,0.002331002331002363
2,3,13,17,2,2,continuous,0,continuous_scalar,0.07016764869868819,0.30011655011655014,0.021212121212121283,0.016666666666666607
3,2,0,21,2,5,categorical,5,prototype_discretization,0.07519218305895792,0.8679337231968811,0.04863547758284601,0.013157894736842146
3,2,1,13,1,5,continuous,0,continuous_scalar,0.2034321819925262,0.8386939571150098,0.023781676413255327,0.013157894736842146
3,2,2,22,2,6,continuous,0,continuous_scalar,0.20888770133831314,0.8045808966861598,0.04278752436647175,0.0
3,2,3,8,1,0,categorical,3,threshold_binning,0.10226261006223919,0.8016569200779727,0.0026315789473684292,0.0
3,2,4,24,3,0,continuous,0,continuous_scalar,0.1122900858929508,0.8338206627680311,0.05916179337231973,0.06335282651072127
3,2,5,23,2,7,continuous,0,continuous_scalar,0.0019004983438741796,0.5009746588693957,0.0037037037037036978,0.0
3,2,6,7,0,7,continuous,0,continuous_scalar,0.0067308083181275786,0.46686159844054576,0.0074074074074073955,0.0
3,2,7,1,0,1,continuous,0,continuous_scalar,0.03966373536765616,0.6223196881091618,0.08138401559454193,0.01851851851851849
3,2,8,0,0,0,continuous,0,continuous_scalar,0.0029634106977173163,0.46686159844054576,0.0,0.01851851851851849
3,2,9,17,2,1,categorical,3,prototype_discretization,0.03470545405413961,0.7071150097465887,0.08820662768031187,0.01851851851851849
3,2,10,3,0,3,continuous,0,continuous_scalar,0.20763108924896184,0.854775828460039,0.050194931773879195,0.031676413255360636
3,2,11,15,1,7,continuous,0,continuous_scalar,0.0008089649803277175,0.45614035087719296,0.011111111111111094,0.0
3,2,12,16,2,0,continuous,0,continuous_scalar,0.00353127664420837,0.6067251461988304,0.014814814814814791,0.0
4,3,0,22,2,7,continuous,0,continuous_scalar,0.03165771662808957,0.3190476190476191,-0.013238095238095226,-0.015238095238095162
4,3,1,16,2,1,continuous,0,continuous_scalar,0.05880418063271447,0.38095238095238093,-0.005809523809523776,-0.0014285714285713347
4,3,2,21,2,6,continuous,0,continuous_scalar,0.12497846686893806,0.4042857142857143,0.045428571428571485,0.04190476190476189
4,3,3,23,2,8,continuous,0,continuous_scalar,0.1294262764969528,0.2880952380952381,0.03619047619047626,0.026666666666666616
4,3,4,18,2,3,continuous,0,continuous_scalar,0.02453849018526583,0.29095238095238096,-0.005619047619047568,0.0
4,3,5,20,2,5,continuous,0,continuous_scalar,0.16669107040131326,0.4804761904761905,0.3458095238095239,0.31809523809523815
4,3,6,30,3,6,categorical,2,threshold_binning,0.05086690198068025,0.3857142857142857,0.001523809523809505,0.0014285714285714457
4,3,7,17,2,2,continuous,0,continuous_scalar,0.1516323107702837,0.3942857142857143,0.1806666666666667,0.1561904761904762
4,3,8,7,0,7,categorical,3,prototype_discretization,0.10569912072986613,0.310952380952381,-0.0071428571428571175,-0.015238095238095162
4,3,9,0,0,0,continuous,0,continuous_scalar,0.006986337571626719,0.29571428571428576,0.020952380952380924,-0.011904761904761862
4,3,10,10,1,2,continuous,0,continuous_scalar,0.1487191277342692,0.43,0.050285714285714336,0.04190476190476189
5,4,0,1,0,1,continuous,0,continuous_scalar,0.0016921172735953947,0.27002078005115093,0.003125,0.026494565217391353
5,4,1,4,0,4,categorical,3,threshold_binning,0.025139781911137186,0.22058823529411764,0.0,0.014705882352941124
5,4,2,2,0,2,continuous,0,continuous_scalar,0.0037517159074087567,0.30646579283887465,-0.003125,0.03125
5,4,3,19,2,3,categorical,2,threshold_binning,0.014701406742199505,0.1479779411764706,0.0,0.03125
5,4,4,8,1,0,continuous,0,continuous_scalar,0.07811402061173241,0.23968989769820973,0.00625,0.015625
5,4,5,23,3,1,categorical,2,prototype_discretization,0.0,0.25,0.0,0.015625
5,4,6,12,1,4,categorical,3,prototype_discretization,0.0032569616358151103,0.2113970588235294,0.0,0.015625
5,4,7,13,1,5,continuous,0,continuous_scalar,0.028161456013040546,0.19876918158567775,0.009375,0.015625
5,4,8,0,0,0,continuous,0,continuous_scalar,0.06284404716952702,0.37891624040920713,0.015625,0.015625
5,4,9,22,3,0,continuous,0,continuous_scalar,0.7670219487390509,0.9587995524296675,0.6701806265984653,0.7494405370843988
5,4,10,15,1,7,continuous,0,continuous_scalar,0.01531654399649316,0.23249680306905374,0.015625,0.015625
6,2,0,19,2,2,continuous,0,continuous_scalar,0.09596894694175218,0.615953947368421,0.12927631578947368,-0.010690789473684181
6,2,1,5,0,5,categorical,2,prototype_discretization,0.05834860941807546,0.571546052631579,0.0,0.0
6,2,2,18,2,1,continuous,0,continuous_scalar,0.08453775318957714,0.544407894736842,-0.007894736842105265,-0.013157894736842146
6,2,3,0,0,0,continuous,0,continuous_scalar,0.08378505241644608,0.4819078947368421,0.016776315789473695,-0.013157894736842146
6,2,4,15,1,7,continuous,0,continuous_scalar,0.08477520106820108,0.606907894736842,-0.000657894736842124,0.0
6,2,5,28,3,3,categorical,2,threshold_binning,0.05176848482829411,0.5542763157894737,0.02927631578947367,-0.010690789473684181
6,2,6,17,2,0,categorical,2,prototype_discretization,0.015469909334485011,0.48355263157894735,0.0026315789473684292,-0.013157894736842146
6,2,7,8,1,0,categorical,2,prototype_discretization,0.018798947289475856,0.45723684210526316,0.007894736842105288,-0.013157894736842146
6,2,8,13,1,5,categorical,4,prototype_discretization,0.08561205076583017,0.696546052631579,0.022861842105263163,0.013157894736842146
6,2,9,27,3,2,continuous,0,continuous_scalar,0.09325446550633133,0.6595394736842105,0.04029605263157894,0.002467105263157854
6,2,10,22,2,5,continuous,0,continuous_scalar,0.09048109644303597,0.678453947368421,0.054934210526315794,-0.013157894736842146
6,2,11,12,1,4,continuous,0,continuous_scalar,0.08437075025902091,0.5180921052631579,0.0026315789473684292,-0.013157894736842146
6,2,12,2,0,2,continuous,0,continuous_scalar,0.07453792904227116,0.4901315789473684,0.003125,-0.02631578947368418
6,2,13,24,2,7,continuous,0,continuous_scalar,0.07829080349720355,0.59375,0.08782894736842106,0.052631578947368474
7,4,0,20,2,5,continuous,0,continuous_scalar,0.1782751766642728,0.6663292847503374,0.098378317588844,0.026315789473684292
7,4,1,16,2,1,continuous,0,continuous_scalar,0.04746122519417161,0.31450742240215923,0.006666666666666732,0.013157894736842257
7,4,2,7,0,7,continuous,0,continuous_scalar,0.02306418316831699,0.182242465137202,0.0,0.0
7,4,3,11,1,3,continuous,0,continuous_scalar,0.18019078087507484,0.5453553756185335,0.0710256410256411,0.0
7,4,4,3,0,3,categorical,4,threshold_binning,0.016639767657656252,0.18547008547008548,0.0,0.0
7,4,5,8,1,0,categorical,2,threshold_binning,0.02371500253547111,0.20242914979757087,0.0,0.0
7,4,6,18,2,3,continuous,0,continuous_scalar,0.02555991294130916,0.2568151147098516,0.0,0.0
7,4,7,6,0,6,continuous,0,continuous_scalar,0.1733741980511311,0.6106500224921277,0.04677687809266766,-0.009581646423751589
7,4,8,9,1,1,continuous,0,continuous_scalar,0.04053549684537249,0.22451641925326138,0.027564102564102667,0.002564102564102666
7,4,9,27,3,5,continuous,0,continuous_scalar,0.14304823628105606,0.27430274403958615,0.26141700404858315,0.17127755285650037
7,4,10,22,3,0,categorical,3,threshold_binning,0.10828067261284946,0.6036324786324787,0.0907692307692309,0.0358974358974361
7,4,11,2,0,2,continuous,0,continuous_scalar,0.0398553471733181,0.24299370220422853,0.020000000000000108,0.01666666666666683
8,3,0,6,0,6,continuous,0,continuous_scalar,0.1636219432771717,0.5328502415458937,0.12180354267310782,0.08268921095008042
8,3,1,18,2,3,categorical,3,prototype_discretization,0.013713030463874003,0.3365539452495974,0.011916264090177053,-0.01449275362318847
8,3,2,27,3,2,categorical,3,prototype_discretization,0.06214782322754101,0.5603864734299516,0.07167471819645728,0.05152979066022534
8,3,3,12,1,4,continuous,0,continuous_scalar,0.06538612806602215,0.38293075684380035,-0.006231884057971015,-0.01046698872785834
8,3,4,10,1,2,continuous,0,continuous_scalar,0.04079585966562202,0.3211755233494364,-0.002898550724637694,-0.01449275362318847
8,3,5,26,3,1,continuous,0,continuous_scalar,0.0918382333791256,0.306682769726248,0.029790660225442724,0.0
8,3,6,11,1,3,categorical,2,prototype_discretization,0.01066530050704873,0.30998389694041867,0.0,0.01851851851851838
8,3,7,5,0,5,categorical,3,prototype_discretization,0.012229510497060135,0.34863123993558776,-0.008695652173913082,-0.027133655394524947
8,3,8,15,2,0,continuous,0,continuous_scalar,0.17765066310861458,0.7596618357487923,0.2146698872785829,0.03671497584541061
8,3,9,24,2,9,continuous,0,continuous_scalar,0.17955103086559485,0.503864734299517,0.040676328502415406,0.02254428341384851
8,3,10,2,0,2,continuous,0,continuous_scalar,0.17582387099317767,0.5513687600644123,0.052334943639291406,0.024718196457326647
8,3,11,21,2,6,categorical,3,threshold_binning,0.006576605949147562,0.43623188405797103,-0.005491143317230307,0.004025764895330131
9,4,0,10,1,2,continuous,0,continuous_scalar,0.017512640940111276,0.2852124183006536,0.004558823529411749,0.012499999999999956
9,4,1,20,2,2,continuous,0,continuous_scalar,0.027889955032400507,0.2999183006535948,0.009999999999999964,0.012499999999999956
9,4,2,29,3,3,continuous,0,continuous_scalar,0.17248728454112003,0.878921568627451,0.07717320261437913,0.013888888888889062
9,4,3,2,0,2,continuous,0,continuous_scalar,0.1831308887867336,0.5709967320261438,0.0026797385620914937,-0.004411764705882337
9,4,4,6,0,6,continuous,0,continuous_scalar,0.0661726761323427,0.2965686274509804,0.004117647058823515,0.012499999999999956
9,4,5,8,1,0,continuous,0,continuous_scalar,0.178532945790707,0.484640522875817,-0.01070261437908493,-0.016911764705882293
9,4,6,7,0,7,continuous,0,continuous_scalar,0.02990935025449666,0.33513071895424834,-0.001764705882352935,0.0
9,4,7,12,1,4,continuous,0,continuous_scalar,0.0062065183474214,0.14665032679738563,0.0,-0.028594771241829964
9,4,8,3,0,3,categorical,3,prototype_discretization,0.0024529171882691422,0.20359477124183006,0.007499999999999974,0.012499999999999956
9,4,9,0,0,0,continuous,0,continuous_scalar,0.0014044522855484293,0.24934640522875817,0.011944444444444402,0.010294117647058787
9,4,10,18,2,0,continuous,0,continuous_scalar,0.17293895228166845,0.8642156862745098,0.13810457516339875,-0.016094771241830008
9,4,11,9,1,1,continuous,0,continuous_scalar,0.1413614184191808,0.2830065359477124,-0.007042483660130694,-0.014705882352941124
10,4,0,10,1,2,continuous,0,continuous_scalar,0.1619337318105532,0.43846153846153846,0.021282051282051316,-0.023717948717948634
10,4,1,26,3,2,continuous,0,continuous_scalar,0.0750639786904802,0.31987179487179485,0.001410256410256494,-0.007051282051282026
10,4,2,25,3,1,categorical,4,threshold_binning,0.1322918118458044,0.4269230769230769,0.08641025641025643,0.007051282051282137
10,4,3,28,3,4,categorical,2,threshold_binning,0.012158362335276462,0.3,0.001153846153846172,0.008333333333333415
10,4,4,22,2,6,categorical,3,prototype_discretization,0.03218489579836216,0.3833333333333333,0.013717948717948802,0.023717948717948856
10,4,5,29,3,5,continuous,0,continuous_scalar,0.14277100050724978,0.4666666666666667,0.05589743589743592,-0.017948717948717885
10,4,6,31,3,7,categorical,5,prototype_discretization,0.1618526945435222,0.6064102564102564,0.1220512820512821,-0.04679487179487174
10,4,7,20,2,4,categorical,2,threshold_binning,0.09409003807485343,0.28076923076923077,-0.007179487179487154,-0.010897435897435748
10,4,8,27,3,3,continuous,0,continuous_scalar,0.009444018719394678,0.20897435897435898,-0.018461538461538373,-0.017948717948717885
10,4,9,17,2,1,continuous,0,continuous_scalar,0.09538055655232226,0.24358974358974358,-0.00012820512820506115,-0.05128205128205121
10,4,10,11,1,3,categorical,2,threshold_binning,0.08282891112218121,0.4,-0.014358974358974264,0.023717948717948856
11,2,0,15,2,1,continuous,0,continuous_scalar,0.1349271055925317,0.7491554054054055,0.015202702702702697,0.015625
11,2,1,17,2,3,categorical,3,prototype_discretization,0.080785887998405,0.629222972972973,0.015625,0.03125
11,2,2,16,2,2,categorical,3,prototype_discretization,0.0064281422702204775,0.4873310810810811,0.00625,0.044763513513513487
11,2,3,9,1,1,continuous,0,continuous_scalar,0.14773705992174543,0.7761824324324325,0.027702702702702697,0.03125
11,2,4,12,1,4,continuous,0,continuous_scalar,0.1155382532596765,0.6190878378378378,0.015625,0.03125
11,2,5,25,3,3,continuous,0,continuous_scalar,0.013334868534124411,0.5139358108108107,0.0125,0.015625
11,2,6,23,3,1,continuous,0,continuous_scalar,0.10808553279170909,0.7179054054054055,0.10430743243243248,0.060388513513513487
11,2,7,24,3,2,continuous,0,continuous_scalar,0.007542063675597823,0.5358952702702703,0.015625,0.015625
11,2,8,28,3,6,continuous,0,continuous_scalar,0.011345612895492284,0.5565878378378378,0.0,0.015625
11,2,9,18,2,4,categorical,5,threshold_binning,0.099547830781052,0.6625844594594594,0.01875,0.046875
11,2,10,26,3,4,continuous,0,continuous_scalar,0.14012661890412167,0.8032094594594594,0.2342905405405406,0.060388513513513487
11,2,11,11,1,3,categorical,2,prototype_discretization,0.06299873382110399,0.6701858108108107,0.011233108108108092,0.013513513513513487
11,2,12,19,2,5,categorical,4,threshold_binning,0.009560435383097417,0.6114864864864865,0.0,0.015625
11,2,13,20,2,6,continuous,0,continuous_scalar,0.062041854171122186,0.5388513513513513,0.00625,0.03125
12,3,0,2,0,2,continuous,0,continuous_scalar,0.0,0.4377022015308136,-0.022120518688024494,-0.01449275362318847
12,3,1,6,0,6,categorical,4,threshold_binning,0.04655571176828405,0.32591598937373417,-0.01403508771929829,-0.01754385964912286
12,3,2,12,1,4,continuous,0,continuous_scalar,0.002598859179298949,0.4299166206370499,-0.007017543859649145,-0.01754385964912286
12,3,3,30,3,6,continuous,0,continuous_scalar,0.196940957646816,0.8989978694863096,0.5659538651726769,0.2026092217049369
12,3,4,32,3,8,continuous,0,continuous_scalar,0.01649833074132817,0.32649464741313555,-0.002288329519450838,-0.01754385964912286
12,3,5,21,2,5,categorical,4,threshold_binning,0.15192448390170787,0.43935926773455375,-0.026239511823035945,-0.01449275362318847
12,3,6,4,0,4,continuous,0,continuous_scalar,0.004833960208984797,0.3148951839869539,-0.012814645308924533,-0.01754385964912286
12,3,7,15,1,7,continuous,0,continuous_scalar,0.1950644685516835,0.4986717167731924,0.019122017938399204,0.011494252873563204
12,3,8,23,2,7,continuous,0,continuous_scalar,0.05572906687493455,0.32099739603882266,0.020221468213261828,0.02298850574712641
12,3,9,1,0,1,continuous,0,continuous_scalar,0.14454225852536082,0.3270470028143823,-0.011604723953812578,0.0
12,3,10,17,2,1,continuous,0,continuous_scalar,0.18170156303723278,0.3361477156158763,0.10030248033877795,-0.01754385964912286
12,3,11,16,2,0,continuous,0,continuous_scalar,0.00361033956436853,0.374233935663747,-0.0064073226544622665,-0.01754385964912286
13,4,0,27,3,2,continuous,0,continuous_scalar,0.11993209657503266,0.3701539855072464,0.1839855072463768,0.23333333333333328
13,4,1,12,1,4,categorical,4,threshold_binning,0.031914131861360086,0.24144021739130433,0.007499999999999974,0.012499999999999956
13,4,2,2,0,2,categorical,3,threshold_binning,0.008782980923165123,0.23695652173913045,0.002499999999999969,0.012499999999999956
13,4,3,33,3,8,continuous,0,continuous_scalar,0.22427135776876037,0.6447463768115942,0.12746376811594198,0.016666666666666607
13,4,4,18,2,0,categorical,2,threshold_binning,0.002011552240767161,0.125,0.005326086956521703,0.001630434782608603
13,4,5,24,2,6,continuous,0,continuous_scalar,0.21566026847704736,0.5588768115942029,0.02018115942028984,0.01413043478260867
13,4,6,19,2,1,categorical,5,prototype_discretization,0.04118654107960863,0.2942028985507246,0.012499999999999978,0.012499999999999956
13,4,7,11,1,3,categorical,3,prototype_discretization,0.18261848452905322,0.43854166666666666,0.04467391304347825,0.01413043478260867
13,4,8,1,0,1,categorical,2,prototype_discretization,0.01607938483803331,0.3,0.009999999999999964,0.01413043478260867
13,4,9,10,1,2,continuous,0,continuous_scalar,0.060089636104337395,0.603215579710145,0.04163043478260868,0.015760869565217384
13,4,10,9,1,1,continuous,0,continuous_scalar,0.023111958682494577,0.2818840579710145,-0.006521739130434812,0.012499999999999956
13,4,11,5,0,5,continuous,0,continuous_scalar,0.07434160692034009,0.25095108695652174,-0.0033333333333333435,0.012499999999999956
14,2,0,28,3,0,continuous,0,continuous_scalar,0.14473936670977064,0.9246323529411764,0.269669117647059,0.09191176470588247
14,2,1,0,0,0,continuous,0,continuous_scalar,0.15578207208210043,0.6976102941176471,0.00882352941176474,-0.015625
14,2,2,3,0,3,categorical,2,prototype_discretization,0.030073978141371832,0.5487132352941176,-0.009375,0.0
14,2,3,12,1,4,categorical,4,threshold_binning,0.0038467465674656203,0.4007352941176471,-0.003125,-0.015625
14,2,4,32,3,4,continuous,0,continuous_scalar,0.035289297537923175,0.5165441176470589,-0.00625,0.0
14,2,5,25,2,7,categorical,3,prototype_discretization,0.029308917314966352,0.5036764705882353,0.0,-0.015625
14,2,6,17,1,9,continuous,0,continuous_scalar,0.12095113542214696,0.49816176470588236,0.036580882352941234,0.0
14,2,7,9,1,1,categorical,4,prototype_discretization,0.1364427054416307,0.7738970588235294,0.0125,-0.015625
14,2,8,19,2,1,continuous,0,continuous_scalar,0.15930409651530175,0.7444852941176471,0.025,-0.015625
14,2,9,8,1,0,continuous,0,continuous_scalar,0.0946151185670304,0.5900735294117647,0.011948529411764741,0.0
14,2,10,22,2,4,categorical,5,prototype_discretization,0.08964656570029214,0.5055147058823529,0.020955882352941234,-0.015625
15,2,0,10,1,2,categorical,3,threshold_binning,0.04561706590434618,0.4806451612903226,0.0,0.0
15,2,1,27,3,4,continuous,0,continuous_scalar,0.11922248874192919,0.5903225806451613,-0.005714285714285739,0.0
15,2,2,16,2,2,continuous,0,continuous_scalar,0.00765095384021593,0.543778801843318,0.0,0.0
15,2,3,30,3,7,continuous,0,continuous_scalar,0.00742932345915343,0.5419354838709678,0.0,0.0
15,2,4,24,3,1,categorical,2,prototype_discretization,0.02506814403773717,0.543778801843318,0.0,0.0
15,2,5,5,0,5,continuous,0,continuous_scalar,0.1801463483947092,0.42764976958525347,0.0,0.0
15,2,6,3,0,3,continuous,0,continuous_scalar,0.23301016884081685,0.7046082949308756,0.011428571428571455,0.0
15,2,7,7,0,7,categorical,3,prototype_discretization,0.036546678360591604,0.48202764976958523,0.0,0.0
15,2,8,20,2,6,categorical,2,threshold_binning,0.07535155576017508,0.4774193548387097,0.0,0.0
15,2,9,28,3,5,continuous,0,continuous_scalar,0.21545854600668873,0.8281105990783411,0.3099539170506912,0.04654377880184335
15,2,10,25,3,2,continuous,0,continuous_scalar,0.05449872665363664,0.8622119815668203,0.018617511520737297,0.0
16,3,0,21,2,7,continuous,0,continuous_scalar,0.0006237661978380493,0.43082706766917295,0.008270676691729295,0.005639097744360888
16,3,1,20,2,6,continuous,0,continuous_scalar,0.0002550086783773724,0.25676691729323303,-0.01791979949874687,-0.022932330827067582
16,3,2,16,2,2,continuous,0,continuous_scalar,0.22624041040211734,0.31065162907268173,0.06969924812030079,-0.004761904761904745
16,3,3,1,0,1,continuous,0,continuous_scalar,0.00032281978712448556,0.3210526315789473,-0.010601503759398456,-0.01102756892230572
16,3,4,25,3,2,continuous,0,continuous_scalar,0.017347330594374127,0.3730576441102757,0.011954887218045074,-0.006265664160400974
16,3,5,3,0,3,continuous,0,continuous_scalar,9.439134748240384e-05,0.4016290726817043,-0.02238095238095239,-0.0357142857142857
16,3,6,30,3,7,continuous,0,continuous_scalar,0.00266101795750558,0.28533834586466167,-0.008395989974937335,0.005639097744360888
16,3,7,27,3,4,continuous,0,continuous_scalar,0.24840373019632653,0.6759398496240602,0.3143859649122807,0.03421052631578947
16,3,8,29,3,6,continuous,0,continuous_scalar,0.21243144159950256,0.39749373433583957,0.11636591478696742,0.040476190476190554
16,3,9,17,2,3,categorical,3,prototype_discretization,0.0021705150430219693,0.4047619047619048,-0.019047619047619046,0.029448621553884613
16,3,10,9,1,1,categorical,3,prototype_discretization,0.0004941320054782876,0.3547619047619048,-0.011904761904761885,0.005639097744360888
16,3,11,12,1,4,categorical,2,prototype_discretization,0.0010329018087683161,0.34761904761904766,-0.0047619047619047675,-0.018170426065162837
16,3,12,18,2,4,categorical,2,threshold_binning,0.011090779719011129,0.3634085213032581,0.0,-0.011904761904761862
16,3,13,23,3,0,categorical,2,threshold_binning,0.006368685723910508,0.3238095238095238,0.0070175438596491,0.010401002506265633
16,3,14,22,2,8,continuous,0,continuous_scalar,0.2485012581339289,0.5902255639097744,0.1201754385964912,0.0508771929824563
16,3,15,11,1,3,categorical,3,threshold_binning,0.02196181080523245,0.39010025062656645,0.0,-0.0357142857142857
17,2,0,19,2,4,categorical,3,threshold_binning,0.08719106340726421,0.7904040404040404,0.06843434343434343,0.015151515151515138
17,2,1,18,2,3,continuous,0,continuous_scalar,0.04907512064781881,0.595959595959596,-0.00277777777777779,0.0
17,2,2,21,2,6,continuous,0,continuous_scalar,0.019192297161441933,0.6363636363636364,0.002525252525252508,0.0
17,2,3,27,3,4,categorical,3,prototype_discretization,0.10423195655135335,0.8068181818181819,-0.01111111111111116,-0.0277777777777779
17,2,4,14,1,6,categorical,2,prototype_discretization,0.05095870539645572,0.5694444444444444,0.0,0.0
17,2,5,28,3,5,continuous,0,continuous_scalar,0.15836901586138333,0.8851010101010102,0.08333333333333326,-0.01388888888888895
17,2,6,12,1,4,continuous,0,continuous_scalar,0.0530252572662282,0.5757575757575757,0.0,-0.01388888888888895
17,2,7,24,3,1,continuous,0,continuous_scalar,0.046185123923093145,0.4709595959595959,0.0,0.0
17,2,8,9,1,1,continuous,0,continuous_scalar,0.08858392958256134,0.4873737373737374,0.0,0.0
17,2,9,16,2,1,continuous,0,continuous_scalar,0.005919134864484478,0.6073232323232323,0.0,0.0
17,2,10,26,3,3,continuous,0,continuous_scalar,0.019736668805728972,0.6994949494949495,0.0,-0.01388888888888895
17,2,11,17,2,2,continuous,0,continuous_scalar,0.12817988995390198,0.7815656565656566,-0.011111111111111138,0.015151515151515138
17,2,12,7,0,7,continuous,0,continuous_scalar,0.15652945291706583,0.7361111111111112,0.008333333333333304,0.0
17,2,13,6,0,6,categorical,4,threshold_binning,0.03282238366121871,0.5101010101010102,-0.00277777777777779,-0.01388888888888895
18,4,0,21,3,1,continuous,0,continuous_scalar,0.04934440081778118,0.2507832080200501,0.07609649122807013,0.0357142857142857
18,4,1,0,0,0,continuous,0,continuous_scalar,0.031062468608882895,0.18777412280701755,0.002631578947368407,0.013157894736842035
18,4,2,16,2,2,continuous,0,continuous_scalar,0.27707617469243284,0.2552474937343358,0.07232926065162903,0.01092575187969913
18,4,3,17,2,3,categorical,2,prototype_discretization,3.0463365921770914e-05,0.2507440476190476,0.007142857142857162,0.013157894736842035
18,4,4,15,2,1,categorical,4,threshold_binning,0.0031281094720048276,0.26691729323308266,0.009774436090225547,-0.00469924812030087
18,4,5,18,2,4,continuous,0,continuous_scalar,0.2921909595961081,0.34680451127819545,0.11437969924812026,0.013157894736842035
18,4,6,11,1,3,continuous,0,continuous_scalar,0.017639311683053334,0.24232456140350875,0.034328007518796985,0.013157894736842035
18,4,7,25,3,5,continuous,0,continuous_scalar,0.008480381961494,0.2627271303258145,0.00714285714285714,0.013157894736842035
18,4,8,22,3,2,categorical,2,threshold_binning,0.0004892021344894941,0.3458646616541353,0.017857142857142905,0.0
18,4,9,23,3,3,continuous,0,continuous_scalar,0.29436463094821763,0.9082080200501255,0.42232142857142846,0.271890664160401
18,4,10,3,0,3,continuous,0,continuous_scalar,0.0055596492354277344,0.3488408521303258,0.02857142857142856,0.0
18,4,11,14,2,0,continuous,0,continuous_scalar,0.02063424748418623,0.18182174185463656,0.01334586466165415,0.028782894736842035
19,4,0,20,3,0,categorical,3,prototype_discretization,0.023681434192891693,0.2957692307692308,-0.0040000000000000036,0.01961538461538459
19,4,1,13,1,5,continuous,0,continuous_scalar,0.043992627109626654,0.2862820512820513,-0.01680769230769221,0.009615384615384581
19,4,2,27,3,7,categorical,4,threshold_binning,0.12078761307099678,0.5303205128205128,0.03166666666666677,-0.01961538461538448
19,4,3,12,1,4,continuous,0,continuous_scalar,0.09284219778550136,0.36557692307692313,0.02005128205128206,-0.021217948717948687
19,4,4,26,3,6,continuous,0,continuous_scalar,0.0869027353605009,0.3792307692307692,0.10837179487179491,0.029230769230769393
19,4,5,21,3,1,continuous,0,continuous_scalar,0.002054634362775226,0.1694230769230769,-0.006166666666666654,0.0
19,4,6,29,3,9,categorical,5,threshold_binning,0.014121701065050786,0.510576923076923,0.06811538461538472,0.05249999999999999
19,4,7,11,1,3,continuous,0,continuous_scalar,0.13997382793843563,0.4705128205128205,0.019166666666666686,0.01961538461538459
19,4,8,17,2,3,categorical,2,threshold_binning,0.025422681419224838,0.2576923076923077,0.0,0.0
19,4,9,23,3,3,continuous,0,continuous_scalar,0.051377643800464785,0.23903846153846153,-0.018166666666666664,-0.0019871794871794135
19,4,10,3,0,3,continuous,0,continuous_scalar,0.049744587499970946,0.2767307692307692,-0.03649999999999998,-0.02083333333333326
19,4,11,15,2,1,categorical,2,threshold_binning,0.021063085035780395,0.27564102564102566,-0.020000000000000018,0.010833333333333472
19,4,12,2,0,2,categorical,5,threshold_binning,0.03892123559628815,0.3264102564102564,0.025333333333333385,0.020448717948718054
19,4,13,6,0,6,continuous,0,continuous_scalar,0.14488371739796022,0.5186538461538461,0.03437179487179494,0.018012820512820604
19,4,14,18,2,4,continuous,0,continuous_scalar,0.14423027836453162,0.5202564102564102,0.07426923076923084,0.029230769230769282
20,2,0,31,3,6,categorical,3,threshold_binning,0.11440230791231927,0.6864801864801865,0.02447552447552446,0.012820512820512775
20,2,1,15,1,7,continuous,0,continuous_scalar,0.047708811658520756,0.4988344988344988,-0.004662004662004638,0.002331002331002363
20,2,2,0,0,0,categorical,2,prototype_discretization,0.08174954366255553,0.5606060606060606,0.0034965034965035004,-0.012820512820512775
20,2,3,5,0,5,categorical,5,threshold_binning,0.10469273271218517,0.7715617715617715,0.020512820512820506,0.012820512820512775
20,2,4,16,2,0,continuous,0,continuous_scalar,0.14169110828253575,0.6678321678321678,0.04219114219114224,0.015151515151515138
20,2,5,32,3,7,continuous,0,continuous_scalar,0.1691057967893821,0.9055944055944056,0.20582750582750586,0.05594405594405605
20,2,6,12,1,4,continuous,0,continuous_scalar,0.15865102338571535,0.7354312354312355,0.01282051282051282,0.012820512820512775
20,2,7,11,1,3,categorical,6,threshold_binning,0.09965126199670002,0.7354312354312355,0.016317016317016275,0.012820512820512775
20,2,8,17,2,1,continuous,0,continuous_scalar,0.08234741360008607,0.5337995337995338,0.011188811188811165,0.0
21,4,0,0,0,0,continuous,0,continuous_scalar,0.106028843210994,0.3247863247863248,-0.018482905982905962,-0.04006410256410253
21,4,1,26,3,2,continuous,0,continuous_scalar,0.14736319100697517,0.5894764957264957,0.29535256410256416,0.06944444444444453
21,4,2,2,0,2,continuous,0,continuous_scalar,0.030255790851520855,0.21367521367521367,-0.004166666666666652,-0.01041666666666663
21,4,3,27,3,3,continuous,0,continuous_scalar,0.014082527495888833,0.2315705128205128,0.022275641025641148,0.01388888888888895
21,4,4,19,2,4,continuous,0,continuous_scalar,0.011138466205400068,0.26629273504273504,-0.014209401709401659,-0.02430555555555547
21,4,5,23,2,8,continuous,0,continuous_scalar,0.1254896622742311,0.23157051282051283,-0.020779914529914477,-0.01041666666666663
21,4,6,3,0,3,categorical,3,threshold_binning,0.06771488181991069,0.31517094017094016,-0.013301282051282004,-0.02430555555555547
21,4,7,16,2,1,continuous,0,continuous_scalar,0.012996226072034553,0.2678952991452992,-0.04097222222222212,-0.0347222222222221
21,4,8,8,1,0,categorical,3,prototype_discretization,0.09715343473553445,0.3536324786324786,-0.006570512820512775,-0.02430555555555547
21,4,9,21,2,6,categorical,4,prototype_discretization,0.07083123357832141,0.39289529914529914,0.0063034188034188695,-0.01041666666666663
21,4,10,22,2,7,continuous,0,continuous_scalar,0.018674601551035754,0.25721153846153844,-0.008333333333333304,-0.01041666666666663
21,4,11,17,2,2,continuous,0,continuous_scalar,0.13552154872243774,0.3669871794871795,0.06682692307692317,-0.006944444444444309
21,4,12,25,3,1,categorical,2,threshold_binning,0.08761835740540906,0.3450854700854701,-0.006249999999999955,-0.05208333333333326
21,4,13,9,1,1,categorical,3,prototype_discretization,0.07513123507030632,0.3060897435897436,-0.006249999999999978,-0.01041666666666663
22,2,0,30,3,5,continuous,0,continuous_scalar,0.10966818128275159,0.6391369047619048,0.2769345238095238,0.07440476190476186
22,2,1,7,0,7,categorical,2,threshold_binning,0.05604271059449211,0.7113095238095238,0.003125,0.0
22,2,2,20,2,5,categorical,4,prototype_discretization,0.07088812695257056,0.5319940476190477,0.0,0.0
22,2,3,5,0,5,categorical,3,threshold_binning,0.07899574607033004,0.6168154761904762,0.0,0.0
22,2,4,22,2,7,categorical,4,prototype_discretization,0.06718290992649605,0.5111607142857143,0.0,0.0
22,2,5,3,0,3,continuous,0,continuous_scalar,0.10767910879414176,0.6413690476190477,0.025,0.0
22,2,6,25,3,0,continuous,0,continuous_scalar,0.11002893800558866,0.7083333333333333,0.036011904761904745,0.0
22,2,7,24,2,9,categorical,2,threshold_binning,0.03267709717866923,0.48735119047619047,0.0,0.0
22,2,8,23,2,8,continuous,0,continuous_scalar,0.004265332655032259,0.6495535714285714,0.00625,0.0
22,2,9,15,2,0,categorical,2,prototype_discretization,0.016041932478653768,0.5200892857142857,0.0,0.0
22,2,10,29,3,4,continuous,0,continuous_scalar,0.028565309938574434,0.4739583333333333,0.0,0.015625
22,2,11,21,2,6,continuous,0,continuous_scalar,0.10434621988415098,0.6852678571428572,0.028125,0.0
22,2,12,28,3,3,continuous,0,continuous_scalar,0.10699109375589184,0.6815476190476191,-0.003125,0.0
22,2,13,17,2,2,categorical,6,prototype_discretization,0.004315490807744646,0.6086309523809523,0.0,0.0
22,2,14,18,2,3,continuous,0,continuous_scalar,0.10231180167491208,0.6577380952380952,0.021875,0.0
23,3,0,5,0,5,categorical,2,prototype_discretization,0.042207804338303664,0.33888888888888885,-0.006666666666666643,-0.016666666666666607
23,3,1,26,3,3,continuous,0,continuous_scalar,0.09190330929609976,0.5075396825396825,0.002777777777777812,-0.016666666666666607
23,3,2,12,1,4,categorical,2,prototype_discretization,0.00824507186185106,0.3357142857142857,0.011666666666666714,-0.002777777777777768
23,3,3,4,0,4,categorical,3,prototype_discretization,0.01272546964734037,0.375,0.0,-0.016666666666666607
23,3,4,6,0,6,continuous,0,continuous_scalar,0.010617979105989956,0.3158730158730159,-0.011111111111111072,-0.002777777777777768
23,3,5,16,2,1,continuous,0,continuous_scalar,0.09488693223589668,0.5261904761904762,0.021111111111111146,-0.004761904761904634
23,3,6,2,0,2,continuous,0,continuous_scalar,0.08486232707478704,0.48055555555555546,0.13404761904761903,0.025793650793650813
23,3,7,11,1,3,continuous,0,continuous_scalar,0.08057028247673097,0.375,0.11253968253968256,0.07499999999999996
23,3,8,9,1,1,continuous,0,continuous_scalar,0.01472105009463854,0.37936507936507935,-0.013730158730158658,-0.030555555555555447
23,3,9,0,0,0,continuous,0,continuous_scalar,0.09539281757195447,0.5341269841269841,0.00555555555555558,-0.002777777777777768
23,3,10,21,2,6,continuous,0,continuous_scalar,0.10065343470948221,0.3813492063492063,0.008412698412698427,0.0
23,3,11,28,3,5,continuous,0,continuous_scalar,0.08854891270962466,0.5071428571428571,0.054603174603174584,0.02857142857142858
23,3,12,10,1,2,continuous,0,continuous_scalar,0.08413458394259614,0.4698412698412698,0.06849206349206347,0.025000000000000022
23,3,13,19,2,4,continuous,0,continuous_scalar,0.061672823143070495,0.5337301587301587,0.01031746031746037,-0.016666666666666607
23,3,14,8,1,0,continuous,0,continuous_scalar,0.09674759322441225,0.5373015873015873,0.008888888888888924,0.009126984126984095
23,3,15,22,2,7,categorical,5,threshold_binning,0.03210960856722173,0.298015873015873,0.00277777777777779,-0.002777777777777768
24,2,0,4,0,4,continuous,0,continuous_scalar,0.0029693368590305957,0.5185185185185185,0.0,-0.012820512820512775
24,2,1,22,3,1,continuous,0,continuous_scalar,0.12941136009067503,0.7863247863247863,0.1495726495726496,0.08974358974358976
24,2,2,29,3,8,categorical,3,prototype_discretization,0.002106435085741364,0.5156695156695157,0.0,0.0
24,2,3,24,3,3,continuous,0,continuous_scalar,0.13802929663975347,0.6310541310541311,0.02564102564102566,0.0
24,2,4,16,2,1,continuous,0,continuous_scalar,0.0629582893410364,0.7364672364672364,-0.02877492877492871,-0.031339031339031265
24,2,5,27,3,6,continuous,0,continuous_scalar,0.09640685126288392,0.7236467236467237,0.023646723646723666,0.0
24,2,6,18,2,3,continuous,0,continuous_scalar,0.16130032876258282,0.7535612535612535,-0.007692307692307665,0.0
24,2,7,1,0,1,continuous,0,continuous_scalar,0.0008257237040304249,0.5982905982905984,0.0,-0.012820512820512775
24,2,8,26,3,5,continuous,0,continuous_scalar,0.00376636777247367,0.6994301994301995,-0.007692307692307665,0.0
24,2,9,5,0,5,categorical,3,threshold_binning,0.1355645274187841,0.5071225071225072,0.0,-0.012820512820512775
24,2,10,13,1,5,continuous,0,continuous_scalar,0.18139406550214918,0.7165242165242165,-0.011111111111111094,0.0
24,2,11,8,1,0,categorical,2,threshold_binning,0.001466700580550274,0.5541310541310541,0.0,0.0
24,2,12,14,1,6,continuous,0,continuous_scalar,0.04601243543570735,0.566951566951567,-0.020227920227920172,-0.031339031339031265
24,2,13,2,0,2,continuous,0,continuous_scalar,0.006085209373957458,0.4871794871794872,0.0,0.0
24,2,14,10,1,2,continuous,0,continuous_scalar,0.005017943205771537,0.41310541310541316,0.0,0.0
24,2,15,25,3,4,categorical,4,prototype_discretization,0.026685128964872427,0.7022792022792023,0.0,-0.005698005698005604
25,2,0,19,2,2,continuous,0,continuous_scalar,0.15636001647406714,0.7161172161172161,0.021428571428571398,0.0
25,2,1,9,1,1,continuous,0,continuous_scalar,0.01704477332846145,0.5141941391941391,0.0035714285714285587,0.0
25,2,2,0,0,0,continuous,0,continuous_scalar,0.1619461737509995,0.6547619047619048,0.04697802197802194,0.017857142857142794
25,2,3,13,1,5,continuous,0,continuous_scalar,0.1563588655132725,0.6982600732600732,0.027014652014651985,0.0
25,2,4,14,1,6,continuous,0,continuous_scalar,0.07421299909173446,0.5782967032967032,0.017857142857142815,0.017857142857142794
25,2,5,21,2,4,categorical,3,prototype_discretization,0.11715561860969048,0.771978021978022,0.019413919413919345,0.0
25,2,6,22,2,5,categorical,3,prototype_discretization,0.0520503579247043,0.49633699633699635,0.0,0.0
25,2,7,16,1,8,continuous,0,continuous_scalar,0.006529098151331652,0.5114468864468864,0.0,0.017857142857142794
25,2,8,2,0,2,continuous,0,continuous_scalar,0.0007171626655905023,0.4633699633699634,0.0,0.0
25,2,9,3,0,3,continuous,0,continuous_scalar,0.04291274404098573,0.41208791208791207,0.0,0.017857142857142794
25,2,10,28,3,5,continuous,0,continuous_scalar,0.14698057706425097,0.7541208791208791,0.059432234432234374,0.022893772893772812
25,2,11,6,0,6,continuous,0,continuous_scalar,0.01692165610421325,0.5242673992673992,0.0071428571428571175,0.017857142857142794
25,2,12,1,0,1,categorical,2,threshold_binning,0.04044948373775503,0.5036630036630036,0.017857142857142794,0.017857142857142794
25,2,13,30,3,7,categorical,3,prototype_discretization,0.004949812092649515,0.7518315018315018,0.014285714285714235,0.017857142857142794
25,2,14,26,3,3,categorical,2,prototype_discretization,6.603499780367005e-05,0.7591575091575091,0.012271062271062227,0.017857142857142794
25,2,15,7,0,7,categorical,3,threshold_binning,0.005344626452489841,0.5773809523809523,0.0035714285714285587,0.0
26,3,0,25,2,7,categorical,2,threshold_binning,0.020908475378190083,0.3363095238095238,0.00012531328320801726,0.006265664160400974
26,3,1,14,1,6,continuous,0,continuous_scalar,0.1884423085572742,0.6265664160401002,0.2216165413533835,0.006265664160400974
26,3,2,15,1,7,categorical,2,prototype_discretization,0.0077901490681587015,0.30952380952380953,-0.0070175438596491,-0.005639097744360888
26,3,3,19,2,1,continuous,0,continuous_scalar,0.0008994694406032478,0.3698308270676692,0.09072681704260657,0.08662280701754399
26,3,4,22,2,4,continuous,0,continuous_scalar,0.20417302395693676,0.38048245614035087,0.07274436090225567,0.03007518796992492
26,3,5,11,1,3,categorical,3,threshold_binning,0.07532239356192,0.4208959899749374,0.05971177944862156,0.018170426065162837
26,3,6,5,0,5,categorical,2,prototype_discretization,0.044054717061686434,0.3283208020050125,0.0,0.0
26,3,7,27,3,0,categorical,3,threshold_binning,0.030603899942462383,0.3787593984962406,0.0019110275689223188,0.006265664160400974
26,3,8,20,2,2,continuous,0,continuous_scalar,0.005735684376595259,0.3201754385964912,0.004761904761904745,-0.01754385964912275
26,3,9,2,0,2,continuous,0,continuous_scalar,0.21201141885962604,0.4475250626566416,-0.011654135338345828,0.006265664160400974
26,3,10,23,2,5,categorical,3,threshold_binning,0.001694210714008538,0.2556390977443609,0.0,0.011904761904761862
26,3,11,26,2,8,continuous,0,continuous_scalar,0.1860921972638762,0.7066102756892231,0.3160087719298246,0.03007518796992492
26,3,12,8,1,0,continuous,0,continuous_scalar,0.02227205181866214,0.3674812030075188,-0.00213032581453636,0.011904761904761862
27,4,0,19,2,1,categorical,4,threshold_binning,0.0534967737008599,0.27604166666666663,0.019444444444444396,-0.01388888888888895
27,4,1,7,0,7,continuous,0,continuous_scalar,0.05751133512474183,0.1938131313131313,0.05555555555555554,0.05729166666666663
27,4,2,29,3,1,continuous,0,continuous_scalar,0.2374592195430118,0.5422979797979798,0.361395202020202,0.09390782828282829
27,4,3,6,0,6,continuous,0,continuous_scalar,0.05786720023908622,0.25520833333333337,0.016666666666666607,0.02777777777777768
27,4,4,10,1,2,continuous,0,continuous_scalar,0.22235935947869653,0.3598484848484848,0.16133207070707067,0.06944444444444442
27,4,5,5,0,5,continuous,0,continuous_scalar,0.21745207592133733,0.4618055555555556,0.20697601010101008,0.10243055555555547
27,4,6,9,1,1,categorical,4,threshold_binning,0.14103390954128617,0.5415088383838383,0.1719381313131313,0.09469696969696961
27,4,7,22,2,4,categorical,3,prototype_discretization,0.012820126450980246,0.1893939393939394,0.0027777777777777237,0.05555555555555547
28,2,0,18,2,1,categorical,2,threshold_binning,0.010444075589562259,0.6282051282051282,0.001985111662531036,-0.02564102564102555
28,2,1,30,3,4,continuous,0,continuous_scalar,0.0662188630064829,0.6108354011579818,0.03540115798180319,-0.009511993382961048
28,2,2,27,3,1,continuous,0,continuous_scalar,0.10577478096240407,0.7105045492142266,-0.0024813895781637283,-0.02564102564102555
28,2,3,34,3,8,continuous,0,continuous_scalar,0.0,0.7332506203473945,0.0154673283705542,-0.009511993382961048
28,2,4,22,2,5,continuous,0,continuous_scalar,0.010461008752111643,0.5368072787427627,0.0013234077750206908,-0.012820512820512775
28,2,5,28,3,2,continuous,0,continuous_scalar,0.1167661430363925,0.8329197684036393,0.036807278742762614,0.006617038875103454
28,2,6,24,2,7,continuous,0,continuous_scalar,0.13666584885034297,0.5206782464846981,0.0811414392059554,0.048387096774193505
28,2,7,5,0,5,continuous,0,continuous_scalar,0.17463422647107427,0.7878411910669976,0.012324234904880082,0.003308519437551727
28,2,8,32,3,6,categorical,3,threshold_binning,0.008714644046616808,0.7692307692307692,0.0071133167907361464,0.003308519437551727
28,2,9,10,1,2,categorical,2,prototype_discretization,0.12287979414320725,0.6323407775020679,0.0,-0.012820512820512775
28,2,10,13,1,5,categorical,2,threshold_binning,0.05641464074015986,0.4917287014061208,-0.007692307692307665,-0.02564102564102555
28,2,11,8,1,0,categorical,2,prototype_discretization,0.03546076513772276,0.5053763440860215,0.0006617038875103454,-0.009511993382961048
28,2,12,29,3,3,continuous,0,continuous_scalar,0.1555652092639227,0.7489660876757651,0.007775020678246536,-0.02564102564102555
29,2,0,10,1,2,continuous,0,continuous_scalar,0.022921725533657233,0.5075187969924813,-0.0026315789473684292,-0.017857142857142905
29,2,1,6,0,6,categorical,4,threshold_binning,0.019197944748819577,0.518796992481203,0.0,-0.013157894736842146
29,2,2,8,1,0,categorical,3,threshold_binning,0.033703930218323026,0.5225563909774436,0.0,-0.017857142857142905
29,2,3,0,0,0,continuous,0,continuous_scalar,0.061620778005079306,0.4426691729323308,-0.0026315789473684292,0.0
29,2,4,4,0,4,categorical,3,prototype_discretization,0.04681213038526516,0.6090225563909775,0.01597744360902249,-0.017857142857142905
29,2,5,2,0,2,categorical,2,threshold_binning,0.06421734174217172,0.5592105263157895,-0.007894736842105288,-0.017857142857142905
29,2,6,19,2,1,continuous,0,continuous_scalar,0.07957470976991161,0.5,-0.0026315789473684292,0.0
29,2,7,5,0,5,continuous,0,continuous_scalar,0.12036900601886885,0.743421052631579,0.009022556390977422,-0.013157894736842146
29,2,8,23,2,5,continuous,0,continuous_scalar,0.09859625408509416,0.6353383458646616,0.07556390977443603,-0.017857142857142905
29,2,9,15,1,7,continuous,0,continuous_scalar,0.10982361495421836,0.7124060150375939,0.03984962406015036,0.0
29,2,10,14,1,6,continuous,0,continuous_scalar,0.08510890019674454,0.5488721804511278,0.0,-0.017857142857142905
29,2,11,16,1,8,categorical,4,threshold_binning,0.09372621195216506,0.7819548872180451,-0.01052631578947374,0.0
29,2,12,33,3,7,continuous,0,continuous_scalar,0.023293694281095307,0.5394736842105263,-0.003571428571428581,-0.03101503759398505
29,2,13,22,2,4,continuous,0,continuous_scalar,0.11802413751353767,0.6851503759398496,0.03834586466165413,0.0
29,2,14,3,0,3,continuous,0,continuous_scalar,0.009013872344588083,0.4859022556390977,-0.007894736842105288,-0.013157894736842146
29,2,15,24,2,6,continuous,0,continuous_scalar,0.013995748250460328,0.5883458646616542,-2.2204460492503132e-17,-0.013157894736842146
30,4,0,20,2,4,categorical,3,threshold_binning,0.04623118879833896,0.23504273504273504,0.03408119658119655,-0.0017361111111111605
30,4,1,11,1,3,continuous,0,continuous_scalar,0.09774227090573566,0.30433455433455436,0.06114926739926736,0.038461538461538436
30,4,2,24,2,8,categorical,3,threshold_binning,0.04684767055969385,0.3283730158730158,0.0038461538461538546,0.0
30,4,3,25,3,0,continuous,0,continuous_scalar,0.18651089108377356,0.6935286935286935,0.08290598290598283,0.015625
30,4,4,10,1,2,continuous,0,continuous_scalar,0.20206640774113846,0.6840086996336996,0.11352640415140407,0.07331730769230771
30,4,5,18,2,2,categorical,2,prototype_discretization,0.12759810678567185,0.4642857142857143,0.16901709401709397,-0.017857142857142905
30,4,6,16,2,0,continuous,0,continuous_scalar,0.023806225709690636,0.3510950854700855,0.0,0.0
30,4,7,19,2,3,categorical,6,prototype_discretization,0.024837963200820053,0.21306471306471308,0.0,0.0
30,4,8,6,0,6,categorical,2,threshold_binning,0.018317912292901264,0.2541208791208791,0.0,0.0
30,4,9,7,0,7,continuous,0,continuous_scalar,0.023675786758798837,0.20749389499389498,0.01877670940170939,0.019230769230769273
30,4,10,22,2,6,continuous,0,continuous_scalar,0.0996374618250073,0.34416971916971917,0.062313034188034175,0.03622939560439553
30,4,11,5,0,5,continuous,0,continuous_scalar,0.10272811433842957,0.33625228937728935,0.037740384615384606,0.019230769230769273
31,4,0,12,1,4,categorical,2,threshold_binning,0.09372064376198691,0.2833333333333333,0.004212454212454153,0.02083333333333326
31,4,1,8,1,0,categorical,2,prototype_discretization,0.04651247010974905,0.3038461538461539,-0.009157509157509191,0.019230769230769162
31,4,2,4,0,4,continuous,0,continuous_scalar,0.12105500799100755,0.2323260073260073,0.02368131868131864,-0.004761904761904745
31,4,3,28,3,6,continuous,0,continuous_scalar,0.047277917820486105,0.24519230769230768,0.011538461538461497,0.019230769230769162
31,4,4,22,3,0,categorical,5,prototype_discretization,0.056634195306011915,0.6025641025641025,0.4095238095238095,0.10215201465201462
31,4,5,1,0,1,categorical,2,threshold_binning,0.019496705900762287,0.175,0.007692307692307665,-0.004761904761904745
31,4,6,24,3,2,continuous,0,continuous_scalar,0.07503536822161408,0.5614468864468865,0.12880036630036623,0.016483516483516536
31,4,7,14,2,0,continuous,0,continuous_scalar,0.024593562047594587,0.18923992673992673,-0.004395604395604447,0.02083333333333326
31,4,8,0,0,0,categorical,4,threshold_binning,0.028574701448891383,0.22156593406593406,0.016538461538461457,0.002564102564102555
31,4,9,13,1,5,continuous,0,continuous_scalar,0.1436095392776068,0.4929945054945055,0.11904761904761896,0.044642857142856984
31,4,10,15,2,1,continuous,0,continuous_scalar,0.14241459405203133,0.3669871794871795,0.01007326007326006,0.019230769230769162
31,4,11,2,0,2,continuous,0,continuous_scalar,0.06306150394576904,0.17316849816849816,0.004212454212454153,0.0
31,4,12,5,0,5,continuous,0,continuous_scalar,0.13801379011648898,0.39931318681318684,0.01153846153846152,0.02083333333333326
32,4,0,28,3,1,continuous,0,continuous_scalar,0.12892135984860673,0.7875,0.38730158730158726,0.12043650793650795
32,4,1,9,1,1,continuous,0,continuous_scalar,0.01376336403610842,0.2363095238095238,0.01658730158730155,0.025000000000000022
32,4,2,20,2,3,continuous,0,continuous_scalar,0.01612736953508537,0.298015873015873,-0.0025396825396825306,0.025000000000000022
32,4,3,7,0,7,categorical,4,prototype_discretization,0.07521222412673394,0.4625,0.012896825396825351,0.03392857142857142
32,4,4,2,0,2,categorical,4,threshold_binning,0.06905864242079968,0.2875,0.05222222222222226,0.025000000000000022
32,4,5,1,0,1,continuous,0,continuous_scalar,0.013940406344295485,0.28075396825396826,0.014126984126984099,0.0
32,4,6,10,1,2,continuous,0,continuous_scalar,0.1063233089224052,0.39642857142857146,0.03194444444444442,0.05277777777777781
32,4,7,12,1,4,categorical,6,threshold_binning,0.00938508905539301,0.36289682539682544,0.0,-0.008928571428571397
32,4,8,16,1,8,categorical,4,prototype_discretization,0.07909731664490033,0.4666666666666667,0.006746031746031722,0.025000000000000022
32,4,9,24,2,7,continuous,0,continuous_scalar,0.10248964070462625,0.35873015873015873,0.055634920634920634,0.06884920634920633
32,4,10,15,1,7,continuous,0,continuous_scalar,0.08539527839369966,0.1978174603174603,0.028888888888888898,0.008928571428571397
32,4,11,13,1,5,categorical,2,prototype_discretization,0.024538563471313564,0.3875,0.03666666666666667,0.02003968253968247
32,4,12,3,0,3,categorical,2,prototype_discretization,0.06540061065524115,0.28035714285714286,0.007579365079365075,0.04781746031746026
32,4,13,25,2,8,continuous,0,continuous_scalar,0.1063238548858874,0.42440476190476195,0.010714285714285676,0.016071428571428514
32,4,14,0,0,0,continuous,0,continuous_scalar,0.01862769256120415,0.2523809523809524,0.002777777777777768,0.025000000000000022
32,4,15,19,2,2,continuous,0,continuous_scalar,0.08539527839369966,0.21706349206349207,0.03142857142857145,0.03888888888888886
33,4,0,13,1,5,categorical,2,prototype_discretization,0.0397812074024808,0.3771929824561403,-0.0033333333333333435,0.0
33,4,1,12,1,4,continuous,0,continuous_scalar,0.03293625281854747,0.26783625730994154,-0.0014035087719298732,0.0
33,4,2,4,0,4,continuous,0,continuous_scalar,0.03213473292214041,0.2330409356725146,-0.006666666666666687,0.0
33,4,3,18,2,4,categorical,3,threshold_binning,0.012211681029583775,0.5599415204678363,0.00912280701754382,0.013157894736842035
33,4,4,17,2,3,categorical,3,prototype_discretization,0.08799179061524008,0.49912280701754386,0.007894736842105222,0.0
33,4,5,11,1,3,continuous,0,continuous_scalar,0.12610108306815906,0.7745614035087719,-0.004035087719298258,0.0
33,4,6,15,2,1,categorical,2,threshold_binning,0.002081473868279716,0.4175438596491228,-0.013157894736842146,-0.0035087719298245723
33,4,7,21,3,1,categorical,3,threshold_binning,0.014924831556645432,0.5305555555555556,0.0,0.013157894736842035
33,4,8,25,3,5,continuous,0,continuous_scalar,0.07007342287836446,0.19839181286549706,0.0389473684210526,0.056140350877192935
33,4,9,28,3,8,continuous,0,continuous_scalar,0.03725376866854835,0.26929824561403504,-0.0026315789473684292,0.0
33,4,10,20,3,0,continuous,0,continuous_scalar,0.10129035612139325,0.6434210526315789,-0.009298245614035116,0.0
33,4,11,24,3,4,continuous,0,continuous_scalar,0.12878705695204617,0.6906432748538012,0.008040935672514581,0.013157894736842035
33,4,12,1,0,1,categorical,3,threshold_binning,0.10283902952541882,0.4861111111111111,-0.020526315789473747,-0.01666666666666672
33,4,13,16,2,2,continuous,0,continuous_scalar,0.10544833666856089,0.8473684210526315,0.015789473684210485,0.0
33,4,14,9,1,1,continuous,0,continuous_scalar,0.10614497590459132,0.7628654970760234,0.015789473684210485,0.0
34,4,0,17,2,1,continuous,0,continuous_scalar,0.10403208190252031,0.20815295815295815,-0.00555555555555558,0.0
34,4,1,19,2,3,categorical,4,prototype_discretization,0.015097030689179445,0.3419191919191919,-0.00277777777777779,-0.01388888888888895
34,4,2,29,3,4,continuous,0,continuous_scalar,0.18929957691841778,0.874098124098124,0.20873737373737367,0.06388888888888877
34,4,3,27,3,2,continuous,0,continuous_scalar,0.00034796790967099876,0.238023088023088,-0.00277777777777779,-0.01388888888888895
34,4,4,7,0,7,continuous,0,continuous_scalar,0.19164177418611855,0.7625180375180375,0.024054834054833975,-0.01388888888888895
34,4,5,14,1,6,continuous,0,continuous_scalar,0.11795394167443894,0.4964646464646465,-0.011363636363636465,-0.011363636363636465
34,4,6,11,1,3,continuous,0,continuous_scalar,0.020952792020614553,0.19585137085137086,-0.00277777777777779,0.0
34,4,7,25,3,0,continuous,0,continuous_scalar,0.15648032121965263,0.26987734487734494,0.0,0.0
34,4,8,2,0,2,continuous,0,continuous_scalar,0.07926242923199447,0.20955988455988456,0.002272727272727271,0.0
34,4,9,22,2,6,categorical,2,threshold_binning,0.08817506755320186,0.4305555555555556,0.05371572871572865,-0.01388888888888895
34,4,10,16,2,0,categorical,5,threshold_binning,0.03646534688863316,0.6027056277056276,-0.01388888888888895,-0.01388888888888895
34,4,11,10,1,2,categorical,3,prototype_discretization,0.00029166980555730705,0.24563492063492065,-0.00555555555555558,0.0
35,2,0,30,3,5,continuous,0,continuous_scalar,0.23756968821238308,0.9714285714285714,0.5028571428571429,0.4771428571428571
35,2,1,6,0,6,categorical,2,prototype_discretization,0.011183183764045139,0.5485714285714286,0.0,0.0
35,2,2,17,2,0,continuous,0,continuous_scalar,0.1239818964462048,0.4828571428571429,0.0,0.0
35,2,3,23,2,6,continuous,0,continuous_scalar,0.012143561216084722,0.5114285714285713,0.0,0.0
35,2,4,28,3,3,continuous,0,continuous_scalar,0.13447594395441897,0.5114285714285713,0.0,0.0
35,2,5,15,1,7,continuous,0,continuous_scalar,0.020159255317250706,0.5342857142857143,0.0,0.0
35,2,6,19,2,2,continuous,0,continuous_scalar,0.0023556010904603555,0.42,0.0,0.0
35,2,7,26,3,1,continuous,0,continuous_scalar,0.11400484224445308,0.5228571428571429,0.0,0.0
35,2,8,16,1,8,categorical,3,prototype_discretization,0.01142482880789574,0.39714285714285713,0.0,0.0
35,2,9,20,2,3,categorical,3,threshold_binning,0.01128220092265115,0.47714285714285715,0.0,0.0
35,2,10,25,3,0,continuous,0,continuous_scalar,0.0041683967519344335,0.4657142857142857,0.0,0.0
35,2,11,18,2,1,continuous,0,continuous_scalar,0.136264560842085,0.5514285714285714,0.0,0.0
35,2,12,10,1,2,categorical,2,threshold_binning,0.044744925671740494,0.49428571428571433,0.0,0.0
35,2,13,21,2,4,continuous,0,continuous_scalar,0.03251819320170857,0.38857142857142857,0.0,0.0
35,2,14,7,0,7,continuous,0,continuous_scalar,0.10372292155668374,0.5685714285714285,0.0,0.0
36,4,0,13,1,5,continuous,0,continuous_scalar,0.1863987211921966,0.5226621417797889,-0.016868229809406256,-0.009402852049910981
36,4,1,3,0,3,continuous,0,continuous_scalar,0.053962706832022235,0.21094199917729328,-0.0049465240641711535,-0.04077540106951871
36,4,2,5,0,5,categorical,2,prototype_discretization,0.1166054033926905,0.4641025641025641,0.02308720691073629,-0.010180995475113086
36,4,3,11,1,3,continuous,0,continuous_scalar,0.02519041180085408,0.23391951186068835,0.01835664335664331,0.004524886877828038
36,4,4,16,1,8,continuous,0,continuous_scalar,0.060027126474649986,0.26684834773070065,0.009090909090909084,-0.02941176470588236
36,4,5,12,1,4,continuous,0,continuous_scalar,0.0020531552133172533,0.27368709721650897,-0.010828877005347626,-0.02606951871657759
36,4,6,9,1,1,categorical,2,prototype_discretization,0.004156072981601528,0.20192307692307693,0.0006375976964212215,-0.02606951871657759
36,4,7,33,3,5,continuous,0,continuous_scalar,0.16122824379281608,0.30058617852735503,0.2800109694227341,0.24105306458247633
36,4,8,20,2,2,categorical,4,threshold_binning,0.16660065396781693,0.5181921020156314,0.06473673385438088,-0.011363636363636354
36,4,9,34,3,6,continuous,0,continuous_scalar,0.025243321738267,0.23135540929658577,-0.002468120115178962,-0.014705882352941124
36,4,10,23,2,5,categorical,2,threshold_binning,0.011908927111546135,0.2282051282051282,-0.02219251336898396,-0.02606951871657759
36,4,11,30,3,2,continuous,0,continuous_scalar,0.18662525550222164,0.6076066090771973,0.1488872891814068,0.004524886877828038
37,3,0,22,2,7,categorical,4,prototype_discretization,0.1263484102832942,0.46437198067632846,0.007177363699102823,-0.04166666666666674
37,3,1,29,3,6,continuous,0,continuous_scalar,0.1591292720763693,0.7979641131815045,0.35392512077294686,0.2482746721877156
37,3,2,7,0,7,continuous,0,continuous_scalar,0.13739073086072162,0.42507763975155277,-0.03262594893029676,-0.0367063492063493
37,3,3,23,3,0,continuous,0,continuous_scalar,0.0024940132853916346,0.3012853692201518,-0.03143547273982057,0.01449275362318847
37,3,4,9,1,1,continuous,0,continuous_scalar,0.1560207315543553,0.3982919254658385,0.06734817115251897,0.0013802622498274575
37,3,5,16,2,1,continuous,0,continuous_scalar,0.09352950106422935,0.37469806763285024,-0.021118012422360312,-0.030365769496204287
37,3,6,30,3,7,continuous,0,continuous_scalar,0.09447983744107201,0.36693409247757075,0.07111801242236022,0.04166666666666663
37,3,7,12,1,4,categorical,2,threshold_binning,0.04657517689662017,0.3586956521739131,0.03242753623188401,-0.0013802622498275685
37,3,8,27,3,4,continuous,0,continuous_scalar,0.08189101214173122,0.3760783298826777,-0.04612663906142165,-0.05119910282953766
37,3,9,21,2,6,categorical,6,prototype_discretization,0.0015744726719000134,0.43197895100069017,-0.008695652173913016,-0.01587301587301604
37,3,10,25,3,2,continuous,0,continuous_scalar,0.1005668417243152,0.4485420979986197,-0.030365769496204308,-0.030365769496204287
38,2,0,29,3,3,categorical,2,prototype_discretization,0.10818555198130636,0.6290322580645161,0.0,0.0
38,2,1,12,1,4,continuous,0,continuous_scalar,0.06326423852975957,0.5606229143492769,0.006896551724137901,0.01724137931034475
38,2,2,5,0,5,continuous,0,continuous_scalar,0.06319257949962223,0.4961067853170189,0.0034482758620689503,0.01724137931034475
38,2,3,26,3,0,continuous,0,continuous_scalar,0.27536117092875173,0.9666295884315907,0.09065628476084538,0.01724137931034475
38,2,4,9,1,1,continuous,0,continuous_scalar,0.004407134263754551,0.5317018909899889,0.0,0.0
38,2,5,23,2,7,categorical,2,threshold_binning,0.004192437265905283,0.4872080088987764,0.0,0.0
38,2,6,11,1,3,categorical,4,threshold_binning,0.21616472754393892,0.9182424916573971,0.026473859844271374,0.03337041156840925
38,2,7,10,1,2,continuous,0,continuous_scalar,1.3429222380663358e-05,0.5189098998887652,0.0,0.0
38,2,8,20,2,4,continuous,0,continuous_scalar,0.26521873076458063,0.967741935483871,0.1541713014460512,0.01724137931034475
39,3,0,19,2,5,continuous,0,continuous_scalar,0.08069207350199799,0.21609730848861283,0.00897170462387853,0.0
39,3,1,6,0,6,continuous,0,continuous_scalar,0.005403043554576226,0.2919254658385093,0.0,0.01449275362318836
39,3,2,10,1,2,continuous,0,continuous_scalar,0.04628939948928071,0.33738785369220153,0.0,0.01449275362318836
39,3,3,25,3,2,continuous,0,continuous_scalar,0.21264026663759233,0.6534679089026915,0.18683574879227044,0.030365769496204287
39,3,4,9,1,1,continuous,0,continuous_scalar,0.0013848141322863664,0.3030538302277433,0.005797101449275343,0.030365769496204287
39,3,5,16,2,2,categorical,2,threshold_binning,0.004572935578011852,0.2663906142167012,0.0,0.015873015873015817
39,3,6,14,2,0,continuous,0,continuous_scalar,0.0013848141322863664,0.37862318840579706,0.0,0.01449275362318836
39,3,7,1,0,1,continuous,0,continuous_scalar,0.004766658015287198,0.388543823326432,0.006349206349206327,0.0
39,3,8,18,2,4,continuous,0,continuous_scalar,0.029998816422556543,0.42089371980676327,0.009247757073844,0.0
39,3,9,15,2,1,continuous,0,continuous_scalar,0.0015492474547577947,0.2641476880607316,0.0031746031746031633,0.0
39,3,10,20,2,6,continuous,0,continuous_scalar,0.1921567516486697,0.4802449965493443,0.1027777777777777,0.0
39,3,11,13,1,5,continuous,0,continuous_scalar,0.2106159635024128,0.49335748792270534,0.08495514147688052,0.01449275362318836
39,3,12,17,2,3,continuous,0,continuous_scalar,0.185744973920372,0.6366459627329193,0.33010697032436165,0.1275879917184265
39,3,13,3,0,3,continuous,0,continuous_scalar,0.00974124944679151,0.4094202898550725,0.0028985507246376717,0.01449275362318836
39,3,14,11,1,3,continuous,0,continuous_scalar,0.008492020305387829,0.34808488612836436,0.0028985507246376717,0.0462387853692201
39,3,15,21,2,7,continuous,0,continuous_scalar,0.00456697225773279,0.2933057280883367,0.0,0.01449275362318836
40,2,0,18,2,4,continuous,0,continuous_scalar,0.09900348127841925,0.8666666666666667,0.4065116279069768,0.09651162790697676
40,2,1,23,3,1,continuous,0,continuous_scalar,0.15954961609896406,0.4058139534883721,0.013333333333333308,0.0
40,2,2,20,2,6,categorical,3,prototype_discretization,0.09657307410861755,0.46550387596899223,0.006666666666666643,0.0
40,2,3,5,0,5,categorical,3,prototype_discretization,0.08304815729518006,0.5089147286821706,0.0,-0.016666666666666607
40,2,4,4,0,4,continuous,0,continuous_scalar,0.0021396770527443896,0.45891472868217054,0.0,0.0
40,2,5,26,3,4,continuous,0,continuous_scalar,0.10598955744794705,0.5275193798449612,0.009999999999999964,0.0
40,2,6,8,1,0,continuous,0,continuous_scalar,0.1214573158085347,0.48914728682170544,0.006666666666666643,0.0
40,2,7,17,2,3,continuous,0,continuous_scalar,0.13499027679617737,0.47403100775193796,0.011317829457364325,0.0
40,2,8,6,0,6,categorical,2,prototype_discretization,0.12023974137676346,0.7403100775193798,-0.0033333333333333214,0.016666666666666607
40,2,9,12,1,4,categorical,2,threshold_binning,0.07700910273665214,0.6046511627906976,0.053333333333333344,0.016666666666666607
41,2,0,18,2,0,continuous,0,continuous_scalar,0.10703309919340102,0.5587962962962962,0.033333333333333305,0.0
41,2,1,0,0,0,continuous,0,continuous_scalar,0.11879413485898238,0.4736111111111111,0.029629629629629606,0.01851851851851849
41,2,2,23,2,5,categorical,3,prototype_discretization,0.09597053914979425,0.575925925925926,0.011111111111111094,0.05555555555555558
41,2,3,29,3,5,continuous,0,continuous_scalar,0.01748500861090573,0.5157407407407407,0.06305555555555556,0.01851851851851849
41,2,4,28,3,4,continuous,0,continuous_scalar,0.11693923874966734,0.4601851851851852,0.01851851851851849,0.01851851851851849
41,2,5,2,0,2,continuous,0,continuous_scalar,3.4331262347650697e-06,0.4601851851851852,0.0037037037037036978,0.05555555555555558
41,2,6,17,1,9,categorical,3,prototype_discretization,0.0792285218240358,0.6712962962962963,0.02222222222222219,0.01851851851851849
41,2,7,27,3,3,continuous,0,continuous_scalar,0.15392405448040838,0.8703703703703703,0.20481481481481478,0.14861111111111103
41,2,8,20,2,2,categorical,4,prototype_discretization,0.09218594580156994,0.7342592592592592,0.026296296296296307,0.01851851851851849
41,2,9,19,2,1,continuous,0,continuous_scalar,0.0002199555687421494,0.5592592592592592,0.014814814814814791,0.0
41,2,10,8,1,0,categorical,3,threshold_binning,1.0421707353886902e-05,0.6097222222222223,0.0,0.01851851851851849
41,2,11,30,3,6,continuous,0,continuous_scalar,0.017117727883056263,0.6097222222222223,0.017314814814814804,0.0
41,2,12,14,1,6,continuous,0,continuous_scalar,0.16373421018622622,0.7828703703703703,0.05342592592592592,0.0
41,2,13,22,2,4,continuous,0,continuous_scalar,0.0004737058225898171,0.5898148148148148,0.0,0.0
41,2,14,26,3,2,continuous,0,continuous_scalar,0.0028361417578345567,0.46759259259259256,0.0,0.03703703703703698
41,2,15,31,3,7,continuous,0,continuous_scalar,0.03404386127919751,0.5351851851851852,0.0,0.01851851851851849
42,3,0,6,0,6,continuous,0,continuous_scalar,0.09592725136371484,0.3653846153846154,-0.02916666666666663,-0.02083333333333326
42,3,1,11,1,3,continuous,0,continuous_scalar,0.04270186231142699,0.30288461538461536,-0.03749999999999998,-0.04166666666666663
42,3,2,24,2,9,categorical,4,prototype_discretization,0.028410457992937028,0.3413461538461539,-0.025641025641025616,-0.02083333333333326
42,3,3,23,2,8,continuous,0,continuous_scalar,0.11501091964677933,0.5016025641025641,-0.010576923076923084,-0.01602564102564108
42,3,4,21,2,6,categorical,3,threshold_binning,0.07962499981256209,0.5528846153846154,0.11666666666666667,0.08493589743589747
42,3,5,8,1,0,continuous,0,continuous_scalar,0.11464383660459834,0.4134615384615385,-0.005769230769230793,0.0
42,3,6,30,3,5,continuous,0,continuous_scalar,0.10091077653586905,0.2900641025641026,0.13269230769230772,0.07532051282051277
42,3,7,25,3,0,continuous,0,continuous_scalar,0.10347950395538365,0.49839743589743585,0.021794871794871808,0.02083333333333337
42,3,8,22,2,7,continuous,0,continuous_scalar,0.008810464616274893,0.3605769230769231,0.010897435897435925,-0.02083333333333326
42,3,9,18,2,3,categorical,3,threshold_binning,0.07868237666953194,0.4615384615384615,0.010897435897435904,-0.028846153846153855
42,3,10,27,3,2,categorical,3,prototype_discretization,0.05761967034589373,0.4743589743589744,0.06282051282051285,0.04166666666666674
42,3,11,28,3,3,continuous,0,continuous_scalar,0.03565359828100193,0.4038461538461539,-0.018269230769230704,-0.049679487179487225
42,3,12,0,0,0,continuous,0,continuous_scalar,0.1385242818640262,0.4118589743589744,-0.0016025641025640969,-0.028846153846153855
43,4,0,24,3,2,continuous,0,continuous_scalar,0.09704909340447779,0.4415584415584416,0.03906926406926405,0.004870129870129802
43,4,1,27,3,5,continuous,0,continuous_scalar,0.14127373352259975,0.6347402597402597,0.022727272727272707,0.0
43,4,2,7,0,7,continuous,0,continuous_scalar,0.145997912626998,0.6599927849927849,0.1003246753246753,0.0
43,4,3,10,1,2,continuous,0,continuous_scalar,0.10213836963045415,0.35930735930735935,0.025649350649350634,0.0
43,4,4,14,2,0,categorical,2,threshold_binning,0.10530277927441362,0.4772727272727273,0.0,0.0
43,4,5,18,2,4,continuous,0,continuous_scalar,0.08811955826291298,0.29094516594516595,0.004545454545454542,0.0
43,4,6,25,3,3,continuous,0,continuous_scalar,0.08356678468089589,0.3225108225108225,0.11161616161616161,0.03661616161616166
43,4,7,3,0,3,continuous,0,continuous_scalar,0.004347008247454233,0.22907647907647904,0.0,0.0
43,4,8,23,3,1,categorical,3,prototype_discretization,0.08969845216295427,0.5340909090909091,0.16356421356421355,0.0
43,4,9,26,3,4,continuous,0,continuous_scalar,0.05635345355014759,0.5827922077922078,0.06854256854256857,0.0
43,4,10,2,0,2,continuous,0,continuous_scalar,0.08615285463669174,0.26424963924963923,0.009090909090909084,0.0
44,4,0,3,0,3,continuous,0,continuous_scalar,0.04983241172337824,0.2833333333333333,0.017638888888888916,-0.01805555555555549
44,4,1,8,1,0,categorical,4,threshold_binning,0.08907911946222337,0.3277777777777778,-0.019444444444444466,-0.01736111111111116
44,4,2,19,2,3,categorical,2,threshold_binning,0.05749462117217894,0.2638888888888889,-0.024583333333333356,-0.03125
44,4,3,4,0,4,categorical,2,threshold_binning,0.007023830644952465,0.35833333333333334,0.011805555555555602,-0.003472222222222099
44,4,4,21,2,5,categorical,3,threshold_binning,0.05790568587204969,0.4201388888888889,0.005416666666666692,-0.028472222222222232
44,4,5,25,3,3,continuous,0,continuous_scalar,0.161158827746538,0.4854166666666666,0.11555555555555556,-0.03888888888888875
44,4,6,26,3,4,categorical,4,prototype_discretization,0.01552648743309961,0.3868055555555555,0.002083333333333348,-0.02083333333333326
44,4,7,5,0,5,continuous,0,continuous_scalar,0.07373894130739407,0.2722222222222222,0.013888888888888885,-0.007638888888888973
44,4,8,1,0,1,continuous,0,continuous_scalar,0.07290182596713624,0.2409722222222222,0.008333333333333326,-0.01805555555555549
44,4,9,24,3,2,continuous,0,continuous_scalar,0.127968215089654,0.17152777777777778,0.0001388888888888662,-0.03541666666666665
44,4,10,6,0,6,continuous,0,continuous_scalar,0.1686888234715026,0.39791666666666664,0.054305555555555565,-0.03125
44,4,11,14,1,6,categorical,2,prototype_discretization,0.017830282864489767,0.28888888888888886,0.002083333333333348,0.00694444444444442
44,4,12,22,3,0,continuous,0,continuous_scalar,0.10085092724540298,0.2986111111111111,0.07625000000000001,0.04583333333333339
45,3,0,18,2,3,continuous,0,continuous_scalar,0.12663003999667297,0.6130536130536131,0.13426573426573438,0.04312354312354327
45,3,1,27,3,3,categorical,3,threshold_binning,0.10187226139379592,0.7214452214452214,0.07552447552447568,-0.015151515151515138
45,3,2,30,3,6,continuous,0,continuous_scalar,0.049547522726708475,0.317016317016317,0.0,0.012820512820512997
45,3,3,26,3,2,continuous,0,continuous_scalar,0.06941598108406208,0.31934731934731936,-0.013986013986013957,-0.002331002331002141
45,3,4,5,0,5,categorical,4,threshold_binning,0.03914149951655597,0.31002331002331,0.0,0.012820512820512997
45,3,5,8,1,0,continuous,0,continuous_scalar,0.09650889742643402,0.3857808857808858,0.0,-0.030303030303030276
45,3,6,4,0,4,continuous,0,continuous_scalar,0.013830735020763256,0.34965034965034963,-0.006060606060606055,-0.015151515151515138
45,3,7,29,3,5,categorical,2,threshold_binning,0.06812181414494603,0.37878787878787873,0.06620046620046623,0.04312354312354327
45,3,8,15,2,0,continuous,0,continuous_scalar,0.05080741572252288,0.3682983682983683,-0.0013986013986012845,-0.002331002331002141
45,3,9,17,2,2,continuous,0,continuous_scalar,0.0434122264121322,0.32051282051282054,-0.006060606060606055,-0.015151515151515138
45,3,10,7,0,7,continuous,0,continuous_scalar,0.10059974868200798,0.34965034965034963,0.0030303030303030277,-0.002331002331002141
45,3,11,0,0,0,continuous,0,continuous_scalar,0.14422394648688858,0.5955710955710957,-0.02424242424242422,-0.002331002331002141
45,3,12,32,3,8,categorical,2,threshold_binning,0.09588791138650964,0.5897435897435898,0.055477855477855484,0.012820512820512997
46,4,0,5,0,5,continuous,0,continuous_scalar,0.13366446300222687,0.3194444444444444,0.14000000000000004,0.05555555555555558
46,4,1,7,0,7,continuous,0,continuous_scalar,0.07685659875717253,0.25,0.002777777777777768,0.01388888888888884
46,4,2,10,1,2,continuous,0,continuous_scalar,0.14866111157271153,0.3833333333333333,0.08277777777777781,0.040277777777777746
46,4,3,16,2,0,continuous,0,continuous_scalar,0.12521308981675913,0.3138888888888889,0.07444444444444445,-0.011111111111111183
46,4,4,13,1,5,continuous,0,continuous_scalar,0.09449370996492598,0.2236111111111111,-0.017222222222222205,0.005555555555555647
46,4,5,2,0,2,continuous,0,continuous_scalar,0.00913668235317295,0.1972222222222222,0.0247222222222222,0.0722222222222223
46,4,6,28,3,4,continuous,0,continuous_scalar,0.13385469597548957,0.3875,0.3177777777777778,0.13611111111111107
46,4,7,0,0,0,continuous,0,continuous_scalar,0.1560887029084839,0.28055555555555556,0.021666666666666657,0.004166666666666763
46,4,8,24,3,0,continuous,0,continuous_scalar,0.12203094564905755,0.3652777777777778,0.27999999999999997,0.20416666666666672
47,2,0,21,2,3,continuous,0,continuous_scalar,0.13030057976167664,0.5317693059628543,0.0,0.0
47,2,1,13,1,5,continuous,0,continuous_scalar,0.0004721596766087755,0.6700879765395895,0.0030303030303030277,0.0
47,2,2,29,3,1,categorical,2,prototype_discretization,0.07852660086924845,0.8636363636363636,0.1510263929618768,0.030303030303030276
47,2,3,25,2,7,categorical,2,prototype_discretization,0.0016017898496435029,0.5,0.0,0.0
47,2,4,7,0,7,continuous,0,continuous_scalar,0.11838603042288817,0.6871945259042034,0.0030303030303030277,0.0
47,2,5,33,3,5,continuous,0,continuous_scalar,0.03259431787924139,0.7013685239491692,0.0058651026392961825,0.0
47,2,6,23,2,5,categorical,6,prototype_discretization,0.07558453439924644,0.7052785923753666,0.0,0.0
47,2,7,20,2,2,categorical,4,prototype_discretization,0.0016171449653603826,0.5259042033235581,0.0,0.015151515151515138
47,2,8,12,1,4,continuous,0,continuous_scalar,0.12096880721523832,0.6730205278592376,0.006060606060606055,0.0
47,2,9,2,0,2,continuous,0,continuous_scalar,0.13477179306409523,0.7043010752688172,0.025024437927663713,0.016129032258064502
47,2,10,24,2,6,continuous,0,continuous_scalar,0.015072493303536688,0.43792766373411535,0.0,0.015151515151515138
47,2,11,27,2,9,categorical,5,threshold_binning,0.0024618272117206573,0.5723362658846529,0.0,0.0
47,2,12,18,2,0,categorical,2,threshold_binning,0.06455590078765756,0.7126099706744868,0.0421309872922776,-0.016129032258064502
47,2,13,32,3,4,categorical,5,threshold_binning,0.07248099073281342,0.60752688172043,0.0,0.0
47,2,14,8,1,0,continuous,0,continuous_scalar,0.09070047470174196,0.5791788856304985,0.0,0.0
47,2,15,16,1,8,categorical,5,prototype_discretization,0.05990455515928241,0.6984359726295211,0.053274682306940345,0.016129032258064502
48,4,0,26,3,2,continuous,0,continuous_scalar,0.003122936275999179,0.4328263841421736,0.08161825017088167,0.008937115516062799
48,4,1,25,3,1,categorical,3,prototype_discretization,0.14873269527884336,0.40789473684210525,0.04406015037593978,0.0
48,4,2,24,3,0,continuous,0,continuous_scalar,0.13705322576931983,0.4035116199589884,0.006848940533150971,-0.07612781954887227
48,4,3,22,2,5,categorical,2,prototype_discretization,0.051735457848227626,0.3026315789473684,0.013157894736842146,-0.024350649350649345
48,4,4,32,3,8,categorical,3,threshold_binning,0.14449559788179694,0.4605263157894737,0.09479835953520158,-0.04935064935064937
48,4,5,8,1,0,continuous,0,continuous_scalar,0.1613791535314221,0.35868933697881067,0.04017088174982906,-0.006484962406015149
48,4,6,19,2,2,categorical,2,threshold_binning,0.15155120649899606,0.3625,-0.00571428571428576,-0.04107142857142865
48,4,7,3,0,3,continuous,0,continuous_scalar,0.2019297269153949,0.3535116199589884,0.05396787423103209,-0.005357142857142949
49,2,0,18,2,2,continuous,0,continuous_scalar,0.15309053065608677,0.8253484320557491,0.15932055749128926,0.030052264808362428
49,2,1,25,3,1,categorical,3,prototype_discretization,0.13001478954499435,0.8571428571428572,0.1472996515679443,0.017857142857142905
49,2,2,19,2,3,continuous,0,continuous_scalar,0.015409413840424914,0.41506968641114983,0.0,0.0
49,2,3,23,2,7,continuous,0,continuous_scalar,0.13780962585083392,0.6816202090592334,-0.0035714285714285587,0.0
49,2,4,14,1,6,continuous,0,continuous_scalar,0.06424680288595833,0.33231707317073167,0.0,0.0
49,2,5,4,0,4,continuous,0,continuous_scalar,0.07162235957111934,0.5135017421602788,0.0,0.0
49,2,6,8,1,0,continuous,0,continuous_scalar,0.13485539580306985,0.6393728222996515,-0.0071428571428571175,0.0
49,2,7,30,3,6,continuous,0,continuous_scalar,0.14130859351137662,0.7482578397212544,0.0,0.0
49,2,8,6,0,6,categorical,4,prototype_discretization,0.14284712833603105,0.7434668989547037,-0.0071428571428571175,-0.017857142857142794
49,2,9,9,1,1,continuous,0,continuous_scalar,0.008795360000104849,0.4882404181184669,0.0,0.0
50,2,0,11,1,3,categorical,4,threshold_binning,0.0884113006452689,0.6068412162162162,-0.01038851351351342,-0.013513513513513375
50,2,1,16,1,8,continuous,0,continuous_scalar,0.1789183737148058,0.7347972972972974,0.016722972972973028,0.0
50,2,2,31,3,7,continuous,0,continuous_scalar,0.12706168838908752,0.8201013513513513,0.0038006756756757466,0.0
50,2,3,18,2,1,continuous,0,continuous_scalar,0.21160959565266188,0.35895270270270274,-0.008108108108108025,0.0
50,2,4,25,3,1,continuous,0,continuous_scalar,0.07653255557952345,0.7284628378378378,-0.006841216216216139,-0.013513513513513375
50,2,5,5,0,5,categorical,3,threshold_binning,0.13000428621957075,0.7888513513513513,-0.012246621621621512,0.0
50,2,6,30,3,6,continuous,0,continuous_scalar,0.07676569176761036,0.6461148648648649,-0.0108108108108107,0.0
50,2,7,26,3,2,categorical,2,threshold_binning,0.11069650803147137,0.8158783783783784,0.2336993243243244,0.0603885135135136
51,3,0,6,0,6,continuous,0,continuous_scalar,0.04495023916187407,0.3376068376068376,0.032478632478632606,0.04444444444444462
51,3,1,2,0,2,continuous,0,continuous_scalar,0.2121483616598518,0.5295726495726496,0.07870085470085482,0.047863247863248026
51,3,2,12,1,4,categorical,3,threshold_binning,0.1456070013803368,0.46239316239316236,0.23446153846153858,0.14205128205128215
51,3,3,5,0,5,continuous,0,continuous_scalar,0.1388029937350023,0.3297435897435897,0.05449572649572663,0.0705982905982907
51,3,4,24,2,6,categorical,3,threshold_binning,0.03808520935282531,0.2866666666666667,0.03264957264957282,0.0
51,3,5,26,3,1,continuous,0,continuous_scalar,0.04243831700154044,0.4625641025641026,0.1470085470085471,0.057264957264957395
51,3,6,16,1,8,continuous,0,continuous_scalar,0.2673774228526573,0.3883760683760684,0.13781196581196598,0.1396581196581197
51,3,7,20,2,2,categorical,2,prototype_discretization,0.11059045485591198,0.4358974358974359,0.06003418803418814,0.022222222222222365
52,3,0,32,3,5,continuous,0,continuous_scalar,0.08573546857898619,0.6763890781881786,0.019612920812321133,0.027304529553405232
52,3,1,11,1,3,continuous,0,continuous_scalar,0.1092695705822291,0.34228340375266914,-0.023510971786833833,-0.015151515151515138
52,3,2,26,2,9,continuous,0,continuous_scalar,0.006452482593698256,0.45554495479532964,0.00529735132433784,-0.0006587615283266679
52,3,3,31,3,4,categorical,4,threshold_binning,0.22259917952399308,0.7066693925764391,0.09266275952932623,0.0
52,3,4,2,0,2,continuous,0,continuous_scalar,0.050307511072811895,0.349597928308573,0.018958702466948328,-0.0006587615283266679
52,3,5,27,3,0,continuous,0,continuous_scalar,0.09495171637363177,0.36593067102812227,-0.022048066875653062,-0.015151515151515138
52,3,6,21,2,4,continuous,0,continuous_scalar,0.2395344069128398,0.78544818499841,0.17610285766207803,0.02298850574712641
52,3,7,3,0,3,categorical,5,prototype_discretization,0.19114966436180988,0.6865430920903184,-0.003062105310980856,0.011494252873563093
53,2,0,28,3,4,continuous,0,continuous_scalar,0.10732141196006449,0.460752688172043,-0.003010752688172058,0.0
53,2,1,11,1,3,continuous,0,continuous_scalar,0.10861546442752852,0.5602150537634408,-0.013333333333333286,-0.016666666666666607
53,2,2,17,2,1,continuous,0,continuous_scalar,0.18630498791757955,0.789247311827957,0.360752688172043,0.13118279569892466
53,2,3,8,1,0,categorical,6,prototype_discretization,0.054421530315961184,0.5247311827956989,0.0,0.0
53,2,4,32,3,8,continuous,0,continuous_scalar,0.07286116777413666,0.6209677419354839,0.01021505376344083,0.0
53,2,5,25,3,1,continuous,0,continuous_scalar,0.0706968633290691,0.6231182795698924,-0.013225806451612865,0.0
53,2,6,14,1,6,categorical,4,prototype_discretization,0.09454575715802313,0.5053763440860215,-0.013333333333333286,-0.016666666666666607
53,2,7,26,3,2,categorical,3,threshold_binning,0.1094089969321911,0.5779569892473119,0.020107526881720416,0.0
53,2,8,23,2,7,categorical,5,prototype_discretization,0.0026332228314332076,0.5274193548387096,-0.009999999999999964,0.0
53,2,9,0,0,0,continuous,0,continuous_scalar,0.19319059735401306,0.7048387096774194,-0.006774193548387086,0.0
54,4,0,0,0,0,continuous,0,continuous_scalar,0.054539237895253403,0.2448529411764706,-0.018264705882352916,-0.01941176470588235
54,4,1,13,1,5,continuous,0,continuous_scalar,0.06397514787847888,0.3403921568627451,0.0011764705882352678,-0.01941176470588235
54,4,2,10,1,2,continuous,0,continuous_scalar,0.2636708452419534,0.6563235294117646,0.08806862745098043,0.044117647058823484
54,4,3,31,3,6,categorical,2,threshold_binning,0.050776338248748366,0.4852941176470588,0.12658823529411764,0.010000000000000009
54,4,4,22,2,6,continuous,0,continuous_scalar,0.00554811420554309,0.2695588235294118,-0.015156862745097976,-0.02941176470588236
54,4,5,33,3,8,continuous,0,continuous_scalar,0.22078097354822504,0.8200980392156864,0.22453921568627452,0.06553921568627452
54,4,6,26,3,1,categorical,3,threshold_binning,0.021481615158134886,0.36397058823529416,0.009882352941176453,-0.014705882352941124
54,4,7,29,3,4,continuous,0,continuous_scalar,0.17388524133918193,0.6371078431372549,0.12549019607843134,0.03470588235294114
54,4,8,34,3,9,continuous,0,continuous_scalar,0.1020233059004063,0.1937745098039216,0.06993137254901963,0.024705882352941133
54,4,9,1,0,1,categorical,2,threshold_binning,0.04331918058407475,0.31862745098039214,-0.001225490196078427,-0.004705882352941226
55,3,0,21,2,7,continuous,0,continuous_scalar,0.009212669926201884,0.4182758620689655,0.009999999999999964,-0.01666666666666672
55,3,1,4,0,4,continuous,0,continuous_scalar,0.2103619584070958,0.8355172413793103,0.032068965517241296,0.013333333333333197
55,3,2,22,3,0,continuous,0,continuous_scalar,0.0019359123479874805,0.39908045977011497,0.029333333333333232,0.0
55,3,3,26,3,4,categorical,2,threshold_binning,0.11942019404358974,0.6436781609195402,0.20972413793103434,0.005172413793103403
55,3,4,17,2,3,continuous,0,continuous_scalar,0.20678356476839274,0.8233333333333333,0.056666666666666574,0.029999999999999916
55,3,5,2,0,2,continuous,0,continuous_scalar,0.010426674836132735,0.31011494252873567,0.0,0.0
55,3,6,13,1,5,continuous,0,continuous_scalar,0.20285168726351363,0.8870114942528735,0.1208965517241378,0.06517241379310335
55,3,7,30,3,8,continuous,0,continuous_scalar,0.0681568468738068,0.32459770114942527,0.02666666666666657,0.016666666666666607
55,3,8,16,2,2,continuous,0,continuous_scalar,0.04780408253127947,0.4339080459770115,0.009999999999999964,0.0
55,3,9,29,3,7,continuous,0,continuous_scalar,0.048866742569968244,0.36459770114942525,0.0033333333333333214,0.0
55,3,10,10,1,2,continuous,0,continuous_scalar,0.0065847508186452795,0.3004597701149425,0.013333333333333286,0.0
55,3,11,6,0,6,continuous,0,continuous_scalar,0.06759491561338622,0.34862068965517246,0.013333333333333286,0.0
56,3,0,14,1,6,continuous,0,continuous_scalar,0.09324935683147445,0.3636111111111111,-0.002777777777777768,0.0
56,3,1,25,3,0,continuous,0,continuous_scalar,0.4231663558465545,0.9658333333333333,0.39350000000000007,0.24888888888888894
56,3,2,24,2,8,continuous,0,continuous_scalar,0.054455399351982355,0.32944444444444443,0.0,0.0
56,3,3,13,1,5,categorical,3,threshold_binning,0.006242618531796438,0.7222222222222222,0.17088888888888895,0.006944444444444531
56,3,4,7,0,7,continuous,0,continuous_scalar,0.01692702044770939,0.28777777777777774,0.002666666666666684,0.0
56,3,5,3,0,3,continuous,0,continuous_scalar,0.26928785214702744,0.3625,0.0,0.0
56,3,6,31,3,6,continuous,0,continuous_scalar,0.0,0.44416666666666665,0.0,0.0
56,3,7,11,1,3,continuous,0,continuous_scalar,0.12402044497740047,0.3758333333333333,0.0,0.0
56,3,8,10,1,2,categorical,4,prototype_discretization,0.012650951866054985,0.3566666666666667,0.0,0.01333333333333342
57,3,0,20,2,2,continuous,0,continuous_scalar,0.14904886686202118,0.47751322751322745,0.08531746031746021,0.01388888888888884
57,3,1,23,2,5,continuous,0,continuous_scalar,0.11229211211884177,0.3994708994708995,-0.0074074074074073955,0.0
57,3,2,22,2,4,continuous,0,continuous_scalar,0.10971150900213614,0.5654761904761906,0.21455026455026446,0.006613756613756516
57,3,3,1,0,1,continuous,0,continuous_scalar,0.15121843777299568,0.6309523809523809,0.03425925925925912,0.0
57,3,4,18,2,0,categorical,2,prototype_discretization,0.09678261525705929,0.5793650793650794,0.09642857142857138,-0.01851851851851849
57,3,5,3,0,3,continuous,0,continuous_scalar,0.09625954792311374,0.34920634920634913,0.0,0.0
57,3,6,7,0,7,continuous,0,continuous_scalar,0.1279114247124794,0.46759259259259256,-0.005555555555555624,-0.013888888888889062
57,3,7,32,3,8,continuous,0,continuous_scalar,0.001563629236290855,0.36177248677248675,-0.002777777777777812,-0.013888888888889062
57,3,8,27,3,3,continuous,0,continuous_scalar,0.0018317938700578766,0.31283068783068785,0.0,-0.013888888888889062
57,3,9,6,0,6,continuous,0,continuous_scalar,0.15338006324500408,0.44973544973544977,0.06468253968253959,0.029761904761904767
58,3,0,13,1,5,continuous,0,continuous_scalar,0.03378389722967919,0.307051282051282,0.00555555555555558,0.0
58,3,1,33,3,8,categorical,4,prototype_discretization,0.11146996330389061,0.5587606837606837,-0.005598290598290578,0.0
58,3,2,29,3,4,categorical,4,threshold_binning,0.002459993110720582,0.38739316239316235,0.00555555555555558,-0.012820512820512775
58,3,3,32,3,7,continuous,0,continuous_scalar,0.026383884000527835,0.39444444444444443,0.0,0.0
58,3,4,8,1,0,continuous,0,continuous_scalar,0.1575580433877852,0.6482905982905983,0.002777777777777812,0.0
58,3,5,27,3,2,continuous,0,continuous_scalar,0.14202757249391879,0.7532051282051282,0.06867521367521368,0.0
58,3,6,24,2,8,categorical,4,prototype_discretization,0.12656403958838516,0.767094017094017,0.1055982905982906,0.0
58,3,7,20,2,4,categorical,3,prototype_discretization,0.0980975767648234,0.5448717948717948,-0.025427350427350403,0.0010683760683761756
58,3,8,15,1,7,continuous,0,continuous_scalar,0.1301824034664746,0.5980769230769231,-0.01794871794871793,0.0
58,3,9,22,2,6,continuous,0,continuous_scalar,0.00014886058227112482,0.3194444444444444,-0.032735042735042706,-0.03846153846153855
58,3,10,26,3,1,continuous,0,continuous_scalar,0.07815776900548033,0.5141025641025642,-0.020598290598290502,-0.008333333333333304
58,3,11,9,1,1,continuous,0,continuous_scalar,0.01093059646076998,0.3076923076923077,0.00555555555555558,0.01388888888888895
58,3,12,12,1,4,categorical,4,threshold_binning,0.08223540060527317,0.21388888888888888,0.00833333333333337,0.0
59,2,0,19,2,2,continuous,0,continuous_scalar,0.12115996018407936,0.5304259634888439,0.0570993914807302,-0.014705882352941124
59,2,1,3,0,3,categorical,5,threshold_binning,0.11121998318132109,0.601419878296146,0.0,-0.014705882352941124
59,2,2,10,1,2,continuous,0,continuous_scalar,0.12786214898500906,0.5456389452332657,-2.2204460492503132e-17,0.0
59,2,3,25,3,0,continuous,0,continuous_scalar,0.11128426851585355,0.584685598377282,0.02160243407707909,-0.017241379310344862
59,2,4,30,3,5,continuous,0,continuous_scalar,0.17595752529556274,0.808316430020284,0.35973630831643,0.24594320486815424
59,2,5,24,2,7,categorical,3,threshold_binning,0.036937560173143064,0.5192697768762677,-0.002941176470588225,0.002535496957403627
59,2,6,14,1,6,categorical,4,threshold_binning,0.06021942212373313,0.42190669371196754,-0.00588235294117645,-0.014705882352941124
59,2,7,2,0,2,continuous,0,continuous_scalar,0.07985975345524814,0.5258620689655172,0.003955375253549676,-0.014705882352941124
59,2,8,6,0,6,categorical,3,threshold_binning,0.05244982865237539,0.5304259634888439,-0.009330628803245445,-0.0319472616632861
59,2,9,12,1,4,categorical,2,threshold_binning,0.0007109385110716331,0.5101419878296146,0.0,-0.014705882352941124
59,2,10,8,1,0,continuous,0,continuous_scalar,0.000324330163624476,0.5182555780933062,0.0034482758620689503,0.01724137931034475
59,2,11,15,1,7,continuous,0,continuous_scalar,0.1220142807589784,0.5872210953346856,0.03488843813387423,-0.014705882352941124
60,2,0,26,3,3,continuous,0,continuous_scalar,0.030035657911813014,0.5916666666666667,0.005277777777777803,-0.012500000000000067
60,2,1,12,1,4,categorical,3,prototype_discretization,0.05410828011648362,0.7597222222222222,0.00277777777777779,-0.012500000000000067
60,2,2,10,1,2,continuous,0,continuous_scalar,0.09046320075697521,0.5708333333333333,0.0005555555555555536,0.0
60,2,3,17,2,3,continuous,0,continuous_scalar,0.09323011689583734,0.6833333333333333,0.02416666666666669,0.0
60,2,4,19,2,5,continuous,0,continuous_scalar,0.054884465961664616,0.711111111111111,0.05472222222222221,0.01388888888888895
60,2,5,25,3,2,continuous,0,continuous_scalar,0.05385471094759299,0.7375,0.0669444444444444,0.001388888888888884
60,2,6,3,0,3,continuous,0,continuous_scalar,0.0436629653365143,0.4861111111111111,0.01027777777777783,0.01388888888888895
60,2,7,27,3,4,categorical,6,threshold_binning,0.03064656703220752,0.5194444444444445,0.012500000000000067,-0.012500000000000067
60,2,8,31,3,8,continuous,0,continuous_scalar,0.058800700903419906,0.6,0.04361111111111109,0.01388888888888895
60,2,9,1,0,1,continuous,0,continuous_scalar,0.0841808899530575,0.5513888888888889,0.012500000000000067,0.0
60,2,10,22,2,8,continuous,0,continuous_scalar,0.06824157982608277,0.48888888888888893,0.025555555555555574,0.0
60,2,11,9,1,1,continuous,0,continuous_scalar,0.08436459626814244,0.5541666666666667,0.015833333333333366,0.012500000000000067
60,2,12,20,2,6,continuous,0,continuous_scalar,0.046505458032141275,0.6527777777777778,0.006111111111111134,0.0
60,2,13,29,3,6,continuous,0,continuous_scalar,0.0853063536320597,0.7,0.09638888888888889,0.01388888888888895
60,2,14,11,1,3,continuous,0,continuous_scalar,0.04446096593397883,0.5,0.0025000000000000135,0.012500000000000067
60,2,15,13,1,5,continuous,0,continuous_scalar,0.07725349049202895,0.5361111111111111,0.012500000000000067,-0.012500000000000067
61,3,0,11,1,3,continuous,0,continuous_scalar,0.1070233356838533,0.3837719298245614,0.12076023391812865,0.07675438596491224
61,3,1,15,2,1,continuous,0,continuous_scalar,0.06906265511257229,0.36622807017543857,0.01739766081871339,0.02777777777777768
61,3,2,18,2,4,continuous,0,continuous_scalar,0.06223505701421835,0.27850877192982454,0.05921052631578951,0.01388888888888884
61,3,3,4,0,4,continuous,0,continuous_scalar,0.0212668476240655,0.3866959064327485,-0.0020467836257310524,-0.02412280701754388
61,3,4,25,3,4,continuous,0,continuous_scalar,0.05917174374318964,0.37646198830409355,0.0140350877192982,0.0314327485380117
61,3,5,8,1,0,continuous,0,continuous_scalar,0.059208394747280034,0.3757309941520468,-0.00482456140350882,0.0
61,3,6,16,2,2,continuous,0,continuous_scalar,0.05960128161301849,0.28216374269005845,0.008479532163742665,0.003654970760233911
61,3,7,19,2,5,categorical,2,threshold_binning,0.0808676147241948,0.5935672514619883,0.09736842105263162,0.02777777777777768
61,3,8,9,1,1,categorical,5,prototype_discretization,0.055913426067528624,0.32748538011695905,-0.013888888888888928,0.0
61,3,9,20,2,6,continuous,0,continuous_scalar,0.10291258672014256,0.40131578947368424,0.2318713450292397,0.05555555555555536
61,3,10,5,0,5,categorical,2,prototype_discretization,0.03648795575973785,0.35233918128654973,0.0,-0.01388888888888895
61,3,11,10,1,2,continuous,0,continuous_scalar,0.10982725406609488,0.5014619883040935,0.022368421052631482,0.0
61,3,12,6,0,6,continuous,0,continuous_scalar,0.1098092219971818,0.49122807017543857,0.029970760233918113,0.0
61,3,13,21,3,0,continuous,0,continuous_scalar,0.06661262512692188,0.44225146198830406,0.03567251461988297,0.0314327485380117
62,4,0,18,2,1,continuous,0,continuous_scalar,0.33077746381585316,0.479605463980464,0.2497958638583638,0.09712683150183155
62,4,1,5,0,5,continuous,0,continuous_scalar,0.1255310197902568,0.22992025335775337,0.03138545482295485,-0.0060763888888888395
62,4,2,24,2,7,categorical,3,prototype_discretization,0.01770623581303475,0.28348214285714285,0.02713675213675215,0.05741567460317465
62,4,3,28,3,2,continuous,0,continuous_scalar,0.048085935435459096,0.4122786935286935,0.03735691391941391,0.05271291208791207
62,4,4,21,2,4,categorical,4,threshold_binning,0.04150209341697334,0.24689980158730157,0.009579136141636168,-0.031746031746031744
62,4,5,31,3,5,continuous,0,continuous_scalar,0.033598504128011866,0.4036935286935287,0.06090697496947497,-0.0078125
62,4,6,22,2,5,categorical,3,threshold_binning,0.08901796929956948,0.2957589285714286,0.003352029914529897,0.028416895604395642
62,4,7,4,0,4,continuous,0,continuous_scalar,0.01253273108911292,0.2275831807081807,0.008258928571428537,-0.010044642857142905
62,4,8,26,3,0,categorical,4,threshold_binning,0.03039304363414159,0.24243551587301587,0.013318452380952372,-0.016121031746031744
62,4,9,33,3,7,categorical,2,threshold_binning,0.0,0.2857142857142857,0.02448107448107444,-0.0022321428571429047
62,4,10,13,1,5,continuous,0,continuous_scalar,0.02212778900549217,0.29328830891330887,0.012599206349206327,0.0078125
62,4,11,11,1,3,continuous,0,continuous_scalar,0.006723328079893082,0.2791609432234432,0.0034722222222221878,0.0078125
62,4,12,17,2,0,continuous,0,continuous_scalar,0.24200388649220175,0.4172103937728938,0.13557501526251525,0.07304067460317465
63,2,0,16,2,2,categorical,3,prototype_discretization,0.16705008393660004,0.67535153019024,0.08105872622001664,-0.003308519437551616
63,2,1,17,2,3,continuous,0,continuous_scalar,0.08050031160349404,0.45616211745244006,0.010918114143920655,0.012820512820512886
63,2,2,24,3,0,categorical,3,threshold_binning,0.19109864848226427,0.8039702233250621,0.14863523573200998,0.14474772539288683
63,2,3,20,2,6,continuous,0,continuous_scalar,0.0,0.4851116625310174,0.003804797353184508,0.025641025641025772
63,2,4,0,0,0,continuous,0,continuous_scalar,0.027479311687092948,0.4851116625310174,0.0076923076923077535,-0.016129032258064502
63,2,5,9,1,1,continuous,0,continuous_scalar,0.1774148983714198,0.5591397849462365,0.006368899917287086,0.022332506203474045
63,2,6,1,0,1,categorical,3,threshold_binning,0.1279605146012304,0.6166253101736973,0.06501240694789093,0.025641025641025772
63,2,7,12,1,4,continuous,0,continuous_scalar,0.05694872089965059,0.4532671629445823,0.012820512820512909,-0.003308519437551616
63,2,8,27,3,3,continuous,0,continuous_scalar,0.08050550159550326,0.4272125723738627,0.029528535980148974,0.0
63,2,9,26,3,2,continuous,0,continuous_scalar,0.09104200882274467,0.6112489660876758,0.0596360628618694,0.05459057071960305
64,2,0,8,1,0,categorical,2,prototype_discretization,0.02283210721733986,0.5041666666666667,0.0,-0.01388888888888884
64,2,1,27,3,1,categorical,2,threshold_binning,0.01732845231035688,0.5083333333333333,0.0,-0.01388888888888884
64,2,2,13,1,5,continuous,0,continuous_scalar,0.1725144962068037,0.8180555555555555,0.007222222222222197,-0.012499999999999956
64,2,3,29,3,3,continuous,0,continuous_scalar,0.1708905656316571,0.7097222222222221,0.026666666666666637,0.0
64,2,4,15,1,7,continuous,0,continuous_scalar,0.02384095235981535,0.4666666666666667,-0.01583333333333332,-0.026388888888888906
64,2,5,1,0,1,continuous,0,continuous_scalar,0.017172075316947602,0.5458333333333333,-0.002777777777777768,-0.01388888888888884
64,2,6,2,0,2,continuous,0,continuous_scalar,0.06247747770393438,0.4472222222222222,-0.0036111111111110984,-0.01388888888888884
64,2,7,31,3,5,continuous,0,continuous_scalar,0.13930741339009767,0.7583333333333333,0.18027777777777773,-0.01388888888888884
64,2,8,14,1,6,continuous,0,continuous_scalar,0.12049955092306523,0.6444444444444444,-0.01583333333333332,0.0
64,2,9,11,1,3,continuous,0,continuous_scalar,0.08395238616030472,0.49444444444444446,-0.007499999999999974,0.0
64,2,10,22,2,6,continuous,0,continuous_scalar,0.1691845227796775,0.7652777777777777,-0.0011111111111111072,0.0
65,4,0,23,3,0,continuous,0,continuous_scalar,0.10133420908190366,0.3703869047619047,0.037708333333333344,0.015625
65,4,1,21,2,4,categorical,2,prototype_discretization,0.12890558929992854,0.48333333333333334,0.058154761904761945,0.0
65,4,2,20,2,3,continuous,0,continuous_scalar,0.13007975488515902,0.3449404761904762,0.03125000000000002,0.015625
65,4,3,24,3,1,categorical,2,threshold_binning,0.017855166479470146,0.32663690476190477,0.0,0.0
65,4,4,15,1,7,categorical,2,prototype_discretization,0.138250319776446,0.5,0.08035714285714288,-0.011904761904761862
65,4,5,28,3,5,continuous,0,continuous_scalar,0.18074111883065497,0.6211309523809524,0.10074404761904765,0.0
65,4,6,2,0,2,continuous,0,continuous_scalar,0.13548394885563153,0.2636904761904762,0.01636904761904765,0.0
65,4,7,25,3,2,continuous,0,continuous_scalar,0.0027202799244900717,0.2739583333333333,0.0,0.0
65,4,8,0,0,0,continuous,0,continuous_scalar,0.16462961286631608,0.6351190476190476,0.030654761904761928,0.011904761904761973
66,3,0,4,0,4,continuous,0,continuous_scalar,0.09685504513028206,0.2832167832167832,0.008624708624708677,-0.012820512820512775
66,3,1,3,0,3,categorical,3,prototype_discretization,0.09925406874290574,0.40326340326340326,0.05407925407925409,0.05128205128205121
66,3,2,22,2,8,continuous,0,continuous_scalar,0.07928761242337591,0.3624708624708624,-0.0030303030303030056,-0.012820512820512775
66,3,3,32,3,9,continuous,0,continuous_scalar,0.18954452385487078,0.6072261072261073,0.009790209790209836,0.0
66,3,4,13,1,5,categorical,5,prototype_discretization,0.060403424998470026,0.3741258741258741,-0.026107226107226066,-0.038461538461538436
66,3,5,14,2,0,continuous,0,continuous_scalar,0.1974191107420724,0.5058275058275058,0.06293706293706305,0.0
66,3,6,1,0,1,continuous,0,continuous_scalar,0.18979639799589382,0.5256410256410257,0.027272727272727317,0.0
66,3,7,8,1,0,continuous,0,continuous_scalar,0.08743981611212925,0.3881118881118881,0.06550116550116562,0.13752913752913765
67,2,0,5,0,5,continuous,0,continuous_scalar,0.06980908953849244,0.5557275541795665,-0.006191950464396312,-0.014705882352941235
67,2,1,22,2,4,categorical,5,threshold_binning,0.12502505991993765,0.7376160990712074,-0.015015479876161053,-0.014705882352941235
67,2,2,23,2,5,categorical,3,threshold_binning,0.06129497875208785,0.5263157894736843,0.0023219814241485894,-0.02941176470588247
67,2,3,24,3,0,continuous,0,continuous_scalar,0.144566703959248,0.7724458204334366,0.04736842105263148,-0.001547987616099089
67,2,4,8,1,0,continuous,0,continuous_scalar,0.09561948722259839,0.5897832817337462,0.074922600619195,0.02786377708978316
67,2,5,1,0,1,categorical,4,threshold_binning,0.08457361945082975,0.4930340557275542,0.007585139318885404,0.014705882352941124
67,2,6,19,2,1,categorical,4,threshold_binning,0.0694800401621566,0.7058823529411764,0.04086687306501537,0.013157894736842035
67,2,7,28,3,4,continuous,0,continuous_scalar,0.10231896927881404,0.7020123839009288,0.06578947368421047,0.0
67,2,8,9,1,1,categorical,3,prototype_discretization,0.0,0.5,0.0,0.0
67,2,9,20,2,2,continuous,0,continuous_scalar,0.05447807504378057,0.5030959752321982,0.002321981424148567,0.0
67,2,10,15,1,7,categorical,5,prototype_discretization,0.04655275088051102,0.44969040247678016,-0.005882352941176494,0.0
67,2,11,12,1,4,continuous,0,continuous_scalar,0.14628122579154373,0.7724458204334366,0.03080495356037143,0.001547987616098978
68,4,0,6,0,6,continuous,0,continuous_scalar,0.14458524869974956,0.34851085222938766,0.0219627626378198,0.05581270369599889
68,4,1,2,0,2,continuous,0,continuous_scalar,0.026152598543231084,0.20169371056098748,-0.02119565217391308,0.0009881422924901129
68,4,2,19,2,1,continuous,0,continuous_scalar,0.1336590554107522,0.4048522987310173,0.1804573191872963,0.11162540739199778
68,4,3,10,1,2,continuous,0,continuous_scalar,0.03989229504275874,0.22213265376880936,0.00204216073781287,0.032691040843214725
68,4,4,28,3,3,categorical,3,threshold_binning,0.06187496043515532,0.3381483600305111,0.04391599056930864,0.0009881422924901129
68,4,5,26,3,1,continuous,0,continuous_scalar,0.04045236942368267,0.28761008251854936,0.05205862977602107,0.008152173913043459
68,4,6,16,1,8,continuous,0,continuous_scalar,0.015106070110941745,0.26048384300672633,0.013471673254281936,-0.0009057971014493349
68,4,7,21,2,3,continuous,0,continuous_scalar,0.045221912374314555,0.3102550100547812,-0.011215415019762864,-0.0009057971014493349
68,4,8,27,3,2,continuous,0,continuous_scalar,0.12474457612907983,0.3843136745024617,0.07082726579294085,0.009057971014492794
68,4,9,4,0,4,categorical,4,prototype_discretization,0.031147339273835103,0.26037549407114624,0.0,-0.0009057971014493349
68,4,10,11,1,3,continuous,0,continuous_scalar,0.15761961346495995,0.3805257957145829,0.043946328271271075,0.021821475625823372
68,4,11,30,3,5,continuous,0,continuous_scalar,0.031715551256756604,0.15342209278136051,-0.013043478260869601,-0.00988142292490124
68,4,12,23,2,5,categorical,2,prototype_discretization,0.1028294042083255,0.284324942791762,-0.021739130434782594,-0.00988142292490124
68,4,13,24,2,6,continuous,0,continuous_scalar,0.028604574056036655,0.1722791415297136,0.025576416337285912,-0.03260869565217395
68,4,14,18,2,0,continuous,0,continuous_scalar,0.016394431570420483,0.2856337979335691,0.004413702239789185,0.032691040843214725
69,4,0,13,1,5,categorical,4,threshold_binning,0.028707102822747067,0.20357142857142857,0.014999999999999947,0.0
69,4,1,25,2,7,continuous,0,continuous_scalar,0.21436642995351032,0.8686507936507936,0.30968253968253967,0.0527777777777777
69,4,2,26,2,8,continuous,0,continuous_scalar,0.035130244600605515,0.27222222222222225,0.0023809523809523725,0.0
69,4,3,3,0,3,continuous,0,continuous_scalar,0.1738290102768642,0.3353174603174603,0.008095238095238022,0.0
69,4,4,28,3,1,continuous,0,continuous_scalar,0.2172813075875428,0.8015873015873016,0.22952380952380946,0.03888888888888886
69,4,5,0,0,0,continuous,0,continuous_scalar,0.019821264052556506,0.2123015873015873,0.0121428571428571,0.011904761904761862
69,4,6,1,0,1,continuous,0,continuous_scalar,0.1380981609811953,0.20079365079365077,0.004047619047618944,0.0
69,4,7,18,2,0,continuous,0,continuous_scalar,0.06868714901502875,0.3468253968253968,0.026428571428571378,0.036904761904761774
69,4,8,22,2,4,categorical,6,prototype_discretization,0.10407933070994954,0.1599206349206349,0.009761904761904727,0.011904761904761862
70,2,0,29,3,4,categorical,2,prototype_discretization,0.07016622958474887,0.4666666666666667,0.0125,0.012499999999999956
70,2,1,20,2,3,continuous,0,continuous_scalar,0.023801985169572975,0.421969696969697,0.0,0.0
70,2,2,8,1,0,categorical,3,prototype_discretization,0.015213881546396782,0.5390151515151516,0.004999999999999982,0.0
70,2,3,26,3,1,continuous,0,continuous_scalar,0.01470436603833869,0.38977272727272727,0.004999999999999982,0.012499999999999956
70,2,4,22,2,5,continuous,0,continuous_scalar,0.17190200025140942,0.9875,0.009999999999999986,0.012499999999999956
70,2,5,9,1,1,continuous,0,continuous_scalar,0.009773256799870067,0.49696969696969695,0.007499999999999974,0.012499999999999956
70,2,6,6,0,6,continuous,0,continuous_scalar,0.009772753266100524,0.44696969696969696,0.004999999999999982,0.012499999999999956
70,2,7,1,0,1,continuous,0,continuous_scalar,0.09986464524571143,0.5272727272727272,0.007499999999999974,0.012499999999999956
70,2,8,12,1,4,categorical,2,threshold_binning,0.007691447238072701,0.47916666666666663,0.0,0.0
70,2,9,11,1,3,categorical,2,prototype_discretization,0.0005392208249375347,0.4878787878787879,0.0,0.012499999999999956
70,2,10,10,1,2,continuous,0,continuous_scalar,0.16138570354117993,0.9625,0.004999999999999982,0.0
70,2,11,2,0,2,continuous,0,continuous_scalar,0.1625070307792483,0.9625,0.01749999999999998,0.012499999999999956
70,2,12,19,2,2,categorical,3,threshold_binning,0.009576771704655746,0.5306818181818181,0.004999999999999982,0.012499999999999956
70,2,13,28,3,3,continuous,0,continuous_scalar,0.17190173331784483,0.9625,0.01749999999999998,0.012499999999999956
70,2,14,16,1,8,continuous,0,continuous_scalar,0.0694664329118509,0.5068181818181818,0.007499999999999974,0.0
70,2,15,3,0,3,continuous,0,continuous_scalar,0.0017325417800612942,0.603030303030303,0.0,0.0
71,4,0,22,3,1,continuous,0,continuous_scalar,0.09305850974065492,0.33018648018648017,-0.005769230769230749,0.0
71,4,1,25,3,4,continuous,0,continuous_scalar,0.1207604581034884,0.663432400932401,0.008146853146853195,-0.020979020979020935
71,4,2,16,2,1,continuous,0,continuous_scalar,0.20036228834258724,0.7164044289044289,0.018624708624708664,-0.02803030303030296
71,4,3,5,0,5,continuous,0,continuous_scalar,0.022450060235311462,0.263053613053613,0.0,0.0
71,4,4,8,1,0,continuous,0,continuous_scalar,0.022450060235311462,0.2868881118881119,0.0,0.0
71,4,5,14,1,6,continuous,0,continuous_scalar,0.10781204475879974,0.32199883449883454,0.006468531468531502,0.0
71,4,6,21,3,0,continuous,0,continuous_scalar,0.14818719967464064,0.3501748251748252,0.0019230769230769607,-0.009615384615384581
71,4,7,18,2,3,categorical,4,prototype_discretization,0.00045136379166933966,0.21794871794871792,0.0,0.0
71,4,8,7,0,7,continuous,0,continuous_scalar,0.0,0.2900058275058275,0.0,0.0
71,4,9,26,3,5,continuous,0,continuous_scalar,0.20650206810265256,0.5877622377622377,0.047622377622377664,-0.009615384615384581
71,4,10,27,3,6,continuous,0,continuous_scalar,0.0012419863244090153,0.2342074592074592,0.0038461538461538767,0.009615384615384692
71,4,11,15,2,0,categorical,2,threshold_binning,0.07666136181467717,0.3926282051282051,0.0,0.0
71,4,12,11,1,3,categorical,3,prototype_discretization,0.0,0.30463286713286714,0.0,0.0
71,4,13,24,3,3,continuous,0,continuous_scalar,6.259887579805616e-05,0.7175407925407925,0.02874125874125879,-0.0017482517482517723
72,4,0,22,3,1,continuous,0,continuous_scalar,0.1028395817754418,0.38660714285714287,0.11955357142857151,0.031696428571428625
72,4,1,13,1,5,categorical,5,prototype_discretization,0.07703157315981628,0.4674107142857143,0.007500000000000018,-0.08124999999999993
72,4,2,20,2,6,categorical,4,threshold_binning,0.07776995113969326,0.2875,-0.06999999999999992,-0.09241071428571423
72,4,3,26,3,5,continuous,0,continuous_scalar,0.011724874595995452,0.3580357142857143,0.0013392857142857206,-0.02499999999999991
72,4,4,15,2,1,continuous,0,continuous_scalar,0.11620842651317484,0.515625,0.09330357142857146,0.006696428571428603
72,4,5,8,1,0,continuous,0,continuous_scalar,0.05315461507839092,0.284375,-0.009999999999999964,-0.04999999999999993
72,4,6,28,3,7,continuous,0,continuous_scalar,0.09629782483648106,0.30267857142857146,-0.017321428571428488,-0.03392857142857131
72,4,7,21,3,0,continuous,0,continuous_scalar,0.02523673865140186,0.21964285714285714,-0.003125,-0.04955357142857131
72,4,8,14,2,0,continuous,0,continuous_scalar,0.04528941963138636,0.3575892857142857,-0.030803571428571375,-0.009374999999999911
72,4,9,23,3,2,categorical,3,prototype_discretization,0.0747961172151316,0.515625,0.05241071428571433,-0.042857142857142816
72,4,10,7,0,7,continuous,0,continuous_scalar,0.09511720216064423,0.3790178571428572,0.010357142857142908,-0.024553571428571397
72,4,11,6,0,6,continuous,0,continuous_scalar,0.03525386147094773,0.30089285714285713,0.0,-0.03392857142857131
72,4,12,1,0,1,continuous,0,continuous_scalar,0.09880228856769732,0.29464285714285715,-0.029553571428571356,-0.008928571428571397
72,4,13,30,3,9,categorical,2,prototype_discretization,0.0003991451747525437,0.2375,0.0,-0.042857142857142816
72,4,14,25,3,4,continuous,0,continuous_scalar,0.09007838002904475,0.21116071428571428,-0.06330357142857138,-0.08080357142857131
73,4,0,13,1,5,categorical,2,threshold_binning,0.05647548409103749,0.26398026315789475,0.006212044534412908,0.0
73,4,1,12,1,4,continuous,0,continuous_scalar,0.08551703946654647,0.3833502024291498,0.0024291497975708507,0.009552125506072762
73,4,2,1,0,1,categorical,3,threshold_binning,0.08965644320417147,0.3774671052631579,0.008185728744939214,0.013157894736842035
73,4,3,5,0,5,categorical,3,prototype_discretization,0.061404867675724936,0.3208502024291498,-0.007692307692307709,0.015625
73,4,4,22,2,5,categorical,3,prototype_discretization,0.07997962801629953,0.47039473684210525,0.0201796558704453,0.002467105263157854
73,4,5,14,1,6,continuous,0,continuous_scalar,0.11239246579885513,0.2971912955465587,-0.0052631578947368585,-0.019230769230769273
73,4,6,32,3,9,continuous,0,continuous_scalar,0.10684647228783042,0.39897520242914986,0.08346406882591087,-0.02169787449392724
73,4,7,29,3,6,continuous,0,continuous_scalar,0.0829334473326037,0.3498228744939271,-0.0024291497975708954,0.015625
73,4,8,6,0,6,continuous,0,continuous_scalar,0.08107707152334782,0.21229757085020243,0.018484311740890668,0.028782894736842035
73,4,9,7,0,7,categorical,3,threshold_binning,0.06080861805472434,0.3643724696356275,-0.007692307692307709,0.015625
73,4,10,26,3,3,continuous,0,continuous_scalar,0.08090981737735772,0.37493674089068824,0.004579959514170007,0.028782894736842035
73,4,11,25,3,2,continuous,0,continuous_scalar,0.10199864517150097,0.6604251012145749,0.2806047570850202,0.0910931174089068
74,3,0,22,2,7,continuous,0,continuous_scalar,0.08237185065257399,0.3223981900452489,0.0451734539969834,0.021794871794871717
74,3,1,1,0,1,categorical,2,threshold_binning,0.04086160133928505,0.37254901960784315,0.0033333333333333214,-0.012820512820512775
74,3,2,19,2,4,continuous,0,continuous_scalar,0.1118198236099632,0.36327300150829567,0.06206636500754141,0.016666666666666607
74,3,3,15,2,0,continuous,0,continuous_scalar,0.035785016103560045,0.36546003016591255,0.00512820512820511,0.016666666666666607
74,3,4,18,2,3,continuous,0,continuous_scalar,0.11863388696077258,0.40482654600301665,0.015897435897435884,0.04230769230769216
74,3,5,0,0,0,continuous,0,continuous_scalar,0.12121181188578274,0.37073906485671193,0.005641025641025643,0.0038461538461538325
74,3,6,21,2,6,continuous,0,continuous_scalar,0.09323005201126452,0.40482654600301665,0.03340874811463039,0.012820512820512775
74,3,7,16,2,1,categorical,5,prototype_discretization,0.04584159019801968,0.2731523378582202,-0.008280542986425332,-0.06191553544494721
74,3,8,30,3,6,continuous,0,continuous_scalar,0.12215505264683756,0.6990196078431373,0.31113122171945706,0.1472850678733033
74,3,9,17,2,2,continuous,0,continuous_scalar,0.11305914114467928,0.5749622926093514,0.05708898944193062,-0.016666666666666607
74,3,10,8,1,0,categorical,6,prototype_discretization,0.1034214287044635,0.4193061840120664,-0.026968325791855173,-0.06191553544494721
74,3,11,28,3,4,continuous,0,continuous_scalar,0.011608744742797833,0.36251885369532433,0.0039215686274509665,-0.012820512820512775
75,2,0,0,0,0,categorical,2,prototype_discretization,0.012924956890632345,0.563588850174216,0.0,0.0
75,2,1,12,1,4,continuous,0,continuous_scalar,0.22600496808765946,0.6628919860627178,0.023519163763066266,0.017857142857142905
75,2,2,13,1,5,continuous,0,continuous_scalar,0.183087341596946,0.5548780487804879,0.002090592334494801,0.0
75,2,3,15,2,1,continuous,0,continuous_scalar,0.0031592896340968068,0.5135017421602788,0.007142857142857162,0.017857142857142905
75,2,4,28,3,5,continuous,0,continuous_scalar,0.2088988935827778,0.6759581881533101,0.12778745644599313,0.017857142857142905
75,2,5,26,3,3,categorical,2,threshold_binning,0.001974491104782821,0.48867595818815335,0.0,0.017857142857142905
75,2,6,22,2,8,continuous,0,continuous_scalar,0.1548191359823338,0.5849303135888502,0.0680313588850175,0.017857142857142905
75,2,7,20,2,6,continuous,0,continuous_scalar,0.19714350310251288,0.5849303135888502,0.21358885017421608,0.12674216027874574
75,2,8,21,2,7,categorical,2,threshold_binning,0.011987420018258062,0.6816202090592334,0.0,0.0
76,3,0,10,1,2,continuous,0,continuous_scalar,0.034557698665843975,0.3592253580811933,2.2204460492503132e-17,0.0
76,3,1,9,1,1,continuous,0,continuous_scalar,0.12282182786012616,0.5741164505466565,-0.015840325451309468,0.0
76,3,2,4,0,4,categorical,5,threshold_binning,0.09168840114551209,0.4255869141452666,0.01111111111111116,0.0185185185185186
76,3,3,20,2,6,continuous,0,continuous_scalar,0.004371184717946888,0.3714297821849309,-0.011111111111111094,0.0185185185185186
76,3,4,14,2,0,continuous,0,continuous_scalar,0.05621661552809507,0.5317399779642343,-0.018323586744639363,0.0
76,3,5,6,0,6,continuous,0,continuous_scalar,0.12020191245693804,0.5285617425205525,-0.005314009661835706,0.0
76,3,6,23,2,9,categorical,4,prototype_discretization,0.05490708134271293,0.3998220188151538,0.007407407407407441,-0.01754385964912286
76,3,7,21,2,7,categorical,2,prototype_discretization,0.05364719119829638,0.45169082125603865,0.0012882447665056862,-0.01851851851851849
76,3,8,13,1,5,continuous,0,continuous_scalar,0.10993958524693408,0.35837782862954487,0.013814730061869684,0.01449275362318847
76,3,9,18,2,4,continuous,0,continuous_scalar,0.03581207648206479,0.36825154674124927,-0.011111111111111094,-0.01851851851851849
76,3,10,26,3,2,continuous,0,continuous_scalar,0.12044826654345728,0.8853716416645478,0.2291041613696076,0.05555555555555547
76,3,11,22,2,8,continuous,0,continuous_scalar,0.129156218669692,0.5090685651326384,-0.013840155945419097,-0.01851851851851849
76,3,12,15,2,1,continuous,0,continuous_scalar,0.0662319401423803,0.4674124925841174,-0.0008051529790660039,-0.004025764895330131
77,3,0,11,1,3,continuous,0,continuous_scalar,0.13643869354956917,0.41106442577030816,0.06018907563025204,0.00770308123249297
77,3,1,27,3,3,continuous,0,continuous_scalar,0.18586725573657226,0.6614145658263305,0.36593137254901953,0.019607843137254832
77,3,2,25,3,1,continuous,0,continuous_scalar,0.12385978059513875,0.3581932773109244,0.06246498599439769,0.060049019607843146
77,3,3,20,2,3,continuous,0,continuous_scalar,0.027918624844556927,0.25875350140056025,0.05472689075630242,0.060049019607843146
77,3,4,2,0,2,categorical,6,prototype_discretization,0.0,0.34401260504201686,0.028676470588235213,0.0808823529411764
77,3,5,23,2,6,categorical,3,prototype_discretization,0.0,0.3333333333333333,0.0,0.027310924369747913
77,3,6,18,2,1,continuous,0,continuous_scalar,0.18706828657462035,0.22969187675070027,0.03851540616246494,0.04044117647058809
77,3,7,30,3,6,categorical,2,threshold_binning,0.0,0.3897058823529412,0.012499999999999956,0.05112044817927164
77,3,8,29,3,5,continuous,0,continuous_scalar,0.10374952724008561,0.4831932773109244,0.18448879551820724,0.1832983193277311
77,3,9,14,1,6,continuous,0,continuous_scalar,0.05353283921637417,0.374124649859944,0.049964985994397734,0.05112044817927164
77,3,10,19,2,2,continuous,0,continuous_scalar,0.18156499224308276,0.5738795518207284,0.04982492997198875,0.039215686274509776
78,4,0,7,0,7,continuous,0,continuous_scalar,0.15055808441005067,0.2539473684210526,0.03100877192982454,0.02631578947368418
78,4,1,29,3,1,categorical,2,threshold_binning,0.08775788090498658,0.3375,0.02451754385964906,0.04923245614035088
78,4,2,12,1,4,continuous,0,continuous_scalar,0.14953494383558993,0.25109649122807015,0.031469298245613994,-0.01041666666666663
78,4,3,11,1,3,categorical,2,prototype_discretization,0.176008865078284,0.48684210526315785,0.1415350877192982,0.01589912280701755
78,4,4,10,1,2,continuous,0,continuous_scalar,0.01707629722739316,0.2963815789473684,-0.012499999999999978,-0.03125
78,4,5,31,3,3,continuous,0,continuous_scalar,0.2498154118593848,0.786951754385965,0.5156798245614035,0.26524122807017547
78,4,6,33,3,5,continuous,0,continuous_scalar,0.10783273191685508,0.22752192982456143,0.027039473684210513,-0.02149122807017545
78,4,7,9,1,1,categorical,2,threshold_binning,0.06141578476745579,0.3020833333333333,0.01995614035087716,0.013157894736842035
79,3,0,7,0,7,continuous,0,continuous_scalar,0.08907702105667559,0.3782733961002212,-0.003246385759119219,-0.021505376344086113
79,3,1,25,3,3,continuous,0,continuous_scalar,0.08135093628161501,0.5624839224160108,0.002325461748212154,-0.02590420332355814
79,3,2,12,1,4,continuous,0,continuous_scalar,0.08660592313513236,0.5369655811081957,0.027936409939805486,-0.010752688172043001
79,3,3,14,1,6,continuous,0,continuous_scalar,0.09450502874001289,0.4073159438184905,0.005510109584812439,-0.003961516694963252
79,3,4,3,0,3,continuous,0,continuous_scalar,0.08199763204524624,0.5038328960230488,0.00024180686319903445,0.010752688172043001
79,3,5,26,3,4,continuous,0,continuous_scalar,0.08508841132576477,0.5341359263260791,0.04129752533827229,0.028296547821165752
79,3,6,16,2,0,categorical,3,prototype_discretization,0.07530015708224805,0.4003189792663477,-0.012110922467459017,0.0
79,3,7,23,3,1,continuous,0,continuous_scalar,0.040265697235401327,0.23748520862272984,0.004301075268817201,-0.010752688172043001
79,3,8,28,3,6,continuous,0,continuous_scalar,0.0011971977172052905,0.355121675155631,0.005319750990379113,0.0
79,3,9,27,3,5,continuous,0,continuous_scalar,0.01787209635849725,0.3693985697381283,-0.004301075268817201,0.0
79,3,10,20,2,4,categorical,4,threshold_binning,0.07214730199972647,0.4971446210835005,-0.03497453310696104,-0.04740957966764425
79,3,11,31,3,9,continuous,0,continuous_scalar,0.0025560833579294927,0.24075217368935534,-0.0021505376344086004,-0.021505376344086113
79,3,12,29,3,7,continuous,0,continuous_scalar,0.09212878885220967,0.44039718063487165,-0.0037351443123939234,-0.015151515151515138
79,3,13,15,1,7,continuous,0,continuous_scalar,0.09331598943943109,0.45994752276585893,-0.028044451304213715,-0.021505376344086113
79,3,14,17,2,1,continuous,0,continuous_scalar,0.08449757609350017,0.4620054535164892,0.007907598909296664,-0.021505376344086113
79,3,15,2,0,2,categorical,4,prototype_discretization,0.0020941592794043364,0.3487678139630601,0.0021505376344086004,-0.010752688172043001
80,2,0,8,1,0,categorical,2,prototype_discretization,0.1247603797684153,0.8194444444444444,0.13918128654970754,0.0
80,2,1,6,0,6,continuous,0,continuous_scalar,0.19426294742658382,0.9312865497076024,0.22485380116959056,0.028508771929824483
80,2,2,19,2,3,continuous,0,continuous_scalar,0.022160446275527573,0.5409356725146199,-0.0026315789473684292,-0.013157894736842146
80,2,3,20,2,4,continuous,0,continuous_scalar,0.0482686481426249,0.45906432748538006,-0.0052631578947368585,-0.013157894736842146
80,2,4,22,2,6,continuous,0,continuous_scalar,0.04354662068246383,0.47441520467836257,-0.0026315789473684292,-0.013157894736842146
80,2,5,16,2,0,continuous,0,continuous_scalar,0.19442293611170278,0.9451754385964912,0.05672514619883038,0.0007309941520468044
80,2,6,29,3,3,categorical,3,prototype_discretization,0.057683616127705575,0.5745614035087719,-0.010526315789473717,-0.013157894736842146
80,2,7,10,1,2,continuous,0,continuous_scalar,0.0682146397686375,0.5109649122807017,-0.007894736842105288,-0.013157894736842146
80,2,8,24,2,8,continuous,0,continuous_scalar,0.10873857340761345,0.5277777777777778,0.0,0.0
80,2,9,4,0,4,continuous,0,continuous_scalar,0.01024991640229285,0.5007309941520468,0.0,0.014619883040935644
80,2,10,21,2,5,categorical,5,threshold_binning,0.08791941854970489,0.5657894736842105,0.0,0.0007309941520468044
80,2,11,13,1,5,continuous,0,continuous_scalar,0.03404324991848244,0.39108187134502925,0.0,0.0007309941520468044
80,2,12,18,2,2,continuous,0,continuous_scalar,0.005728607418245104,0.6096491228070176,0.0,-0.013157894736842146
81,2,0,7,0,7,continuous,0,continuous_scalar,0.11274800983946173,0.6962121212121212,0.023787878787878736,-0.022727272727272818
81,2,1,5,0,5,continuous,0,continuous_scalar,0.05732742790006212,0.4962121212121212,0.0,0.0
81,2,2,20,2,5,categorical,3,threshold_binning,0.02781633653111902,0.5621212121212121,-0.024696969696969752,-0.05075757575757578
81,2,3,11,1,3,categorical,6,threshold_binning,0.10645256698625537,0.8181818181818181,0.03030303030303023,0.011363636363636243
81,2,4,16,2,1,categorical,2,prototype_discretization,0.04563632749568443,0.46515151515151515,0.001212121212121109,-0.022727272727272818
81,2,5,22,2,7,continuous,0,continuous_scalar,0.11662313488414495,0.6795454545454545,0.037272727272727194,0.0
81,2,6,4,0,4,categorical,3,prototype_discretization,0.09062972292925106,0.7143939393939394,0.01348484848484841,-0.03409090909090917
81,2,7,26,3,2,continuous,0,continuous_scalar,0.04458521266127854,0.428030303030303,-0.011363636363636442,-0.011363636363636465
81,2,8,8,1,0,categorical,4,threshold_binning,0.09704938318571288,0.7515151515151515,0.0,0.0
81,2,9,15,2,0,continuous,0,continuous_scalar,0.05462199988028915,0.4348484848484848,-0.020151515151515254,-0.01666666666666672
81,2,10,3,0,3,continuous,0,continuous_scalar,0.051298632148991496,0.4628787878787879,-0.013636363636363714,-0.05075757575757578
81,2,11,31,3,7,categorical,3,prototype_discretization,0.08760983142922475,0.7340909090909091,0.030151515151515106,-0.028030303030303072
81,2,12,17,2,2,continuous,0,continuous_scalar,0.1076014141285245,0.7303030303030302,0.06757575757575751,-0.011363636363636465
82,2,0,13,1,5,continuous,0,continuous_scalar,0.1501846801172455,0.7752252252252252,0.05063063063063054,0.016666666666666607
82,2,1,17,2,0,categorical,3,prototype_discretization,0.13152541554475686,0.7806306306306307,0.027927927927927886,0.0
82,2,2,16,1,8,categorical,5,threshold_binning,0.07501932812149568,0.42882882882882883,0.0,0.0
82,2,3,24,3,0,categorical,2,prototype_discretization,0.01398800456275579,0.5756756756756757,-0.010810810810810877,0.0
82,2,4,14,1,6,continuous,0,continuous_scalar,0.07739429645455558,0.4734234234234234,0.0,0.0
82,2,5,8,1,0,categorical,3,prototype_discretization,0.04439373037352834,0.49324324324324326,0.0,0.0
82,2,6,3,0,3,categorical,2,threshold_binning,0.04299328456476037,0.46081081081081077,0.0,0.0
82,2,7,4,0,4,continuous,0,continuous_scalar,0.15589613761751037,0.7855855855855856,0.021891891891891845,0.003153153153153121
82,2,8,9,1,1,continuous,0,continuous_scalar,0.01176095364402545,0.4297297297297298,0.008108108108108091,0.013513513513513487
82,2,9,18,2,1,continuous,0,continuous_scalar,0.1663047405756347,0.8315315315315315,0.04063063063063057,-0.013513513513513598
82,2,10,29,3,5,continuous,0,continuous_scalar,0.1305394284237313,0.5846846846846847,0.1327927927927927,0.08108108108108103
83,3,0,30,3,6,categorical,2,prototype_discretization,0.004914277939137851,0.5238095238095238,0.0,0.0
83,3,1,28,3,4,continuous,0,continuous_scalar,0.03287355637199519,0.30864197530864196,0.0,0.0
83,3,2,21,2,4,continuous,0,continuous_scalar,0.11789308224730377,0.43562610229276894,0.03527336860670194,0.0
83,3,3,6,0,6,continuous,0,continuous_scalar,0.0617531384234177,0.31040564373897706,0.0,0.012345679012345734
83,3,4,0,0,0,categorical,4,threshold_binning,0.10752619419512305,0.6084656084656085,0.030687830687830743,0.015873015873015817
83,3,5,11,1,3,continuous,0,continuous_scalar,0.11910327698966387,0.3774250440917107,0.010582010582010581,0.012345679012345734
83,3,6,27,3,3,continuous,0,continuous_scalar,0.09998422869226166,0.3880070546737214,0.030335097001763733,0.012345679012345734
83,3,7,18,2,1,categorical,3,threshold_binning,0.0954363466130994,0.6190476190476191,0.10158730158730163,0.040564373897707284
83,3,8,16,1,8,categorical,3,threshold_binning,0.02423451297423912,0.3333333333333333,0.0,0.0
83,3,9,26,3,2,categorical,5,threshold_binning,0.07147078968958526,0.5079365079365079,0.008818342151675474,0.024691358024691357
83,3,10,3,0,3,categorical,2,threshold_binning,0.07180045992000167,0.4761904761904762,0.007407407407407441,0.012345679012345734
83,3,11,8,1,0,categorical,2,prototype_discretization,0.07457639522093351,0.5396825396825397,0.024338624338624437,-0.012345679012345734
83,3,12,24,3,0,continuous,0,continuous_scalar,0.11843374072323795,0.6084656084656085,0.1326278659611993,0.08818342151675496
84,4,0,29,3,5,categorical,4,prototype_discretization,0.10068009649147493,0.29375,0.044374999999999984,0.038541666666666585
84,4,1,10,1,2,continuous,0,continuous_scalar,0.11710203089558216,0.3072916666666667,0.002499999999999969,0.004166666666666652
84,4,2,23,2,5,continuous,0,continuous_scalar,0.0950353297785209,0.28020833333333334,0.002499999999999969,0.012499999999999956
84,4,3,9,1,1,continuous,0,continuous_scalar,0.060012662099748364,0.29375,-0.027916666666666635,-0.018750000000000044
84,4,4,6,0,6,continuous,0,continuous_scalar,0.28182237027776896,0.80625,0.40124999999999994,0.22083333333333333
84,4,5,22,2,4,continuous,0,continuous_scalar,0.048623123398271566,0.20416666666666666,-0.00708333333333333,-0.03125
84,4,6,25,3,1,categorical,2,prototype_discretization,0.07329282723974528,0.19791666666666669,0.009999999999999964,0.02083333333333337
84,4,7,19,2,1,categorical,3,threshold_binning,0.22343155981888782,0.6291666666666667,0.30999999999999994,0.022916666666666585
85,2,0,22,2,7,continuous,0,continuous_scalar,0.0906285038616704,0.5743243243243243,0.002702702702702675,0.0
85,2,1,8,1,0,continuous,0,continuous_scalar,0.0840490502120362,0.5386100386100386,0.005405405405405373,0.0
85,2,2,7,0,7,continuous,0,continuous_scalar,0.07357431283843323,0.6554054054054055,-0.0027027027027027193,-0.013513513513513598
85,2,3,27,3,2,categorical,2,prototype_discretization,0.004553172223024371,0.6645752895752897,0.0,0.0
85,2,4,1,0,1,continuous,0,continuous_scalar,0.02749466230117172,0.45801158301158307,-0.005405405405405439,0.013513513513513487
85,2,5,20,2,5,continuous,0,continuous_scalar,0.10250877657945943,0.6954633204633205,0.21254826254826256,0.1114864864864864
85,2,6,32,3,7,continuous,0,continuous_scalar,0.10844321602708086,0.5965250965250966,0.1558880308880309,0.06708494208494209
85,2,7,13,1,5,continuous,0,continuous_scalar,0.007874793494577712,0.4666988416988417,0.0,0.0
85,2,8,2,0,2,continuous,0,continuous_scalar,0.09845652230893374,0.6274131274131274,-0.005405405405405461,-0.013513513513513598
85,2,9,3,0,3,continuous,0,continuous_scalar,0.05435091138665362,0.4666988416988417,-0.0027027027027027193,-0.013513513513513598
85,2,10,19,2,4,continuous,0,continuous_scalar,0.09602107622689483,0.5202702702702703,-0.008108108108108159,-0.013513513513513598
85,2,11,10,1,2,continuous,0,continuous_scalar,0.07000859955981019,0.515926640926641,0.002702702702702697,0.013513513513513487
85,2,12,23,2,8,continuous,0,continuous_scalar,0.06013721875658457,0.4174710424710425,-2.2204460492503132e-17,0.013513513513513487
85,2,13,14,1,6,continuous,0,continuous_scalar,0.035119307208280055,0.4888996138996139,0.0,0.0
85,2,14,25,3,0,continuous,0,continuous_scalar,0.08677987701538906,0.6500965250965252,0.0,0.013513513513513487
86,2,0,0,0,0,continuous,0,continuous_scalar,0.12887301576244167,0.45,-0.014561403508771952,-0.033333333333333326
86,2,1,18,2,2,continuous,0,continuous_scalar,0.030481402732598615,0.4692982456140351,-0.017894736842105297,-0.016666666666666607
86,2,2,22,2,6,continuous,0,continuous_scalar,0.029457942437033705,0.48245614035087714,0.005438596491228065,0.0
86,2,3,7,0,7,continuous,0,continuous_scalar,0.0308200866088829,0.3973684210526316,-0.019824561403508835,-0.033333333333333326
86,2,4,5,0,5,continuous,0,continuous_scalar,0.11845027072202736,0.4929824561403509,-0.01526315789473689,-0.016666666666666607
86,2,5,17,2,1,continuous,0,continuous_scalar,0.08535160137942169,0.48684210526315785,-0.012631578947368416,-0.029824561403508865
86,2,6,20,2,4,categorical,6,threshold_binning,0.0007471126501085371,0.4736842105263158,0.0019298245614034482,0.013157894736842035
86,2,7,1,0,1,continuous,0,continuous_scalar,0.006956522289676572,0.5324561403508772,-0.005964912280701751,-0.029824561403508865
86,2,8,16,2,0,continuous,0,continuous_scalar,0.10483185643786734,0.5035087719298246,0.0091228070175438,0.013157894736842035
86,2,9,24,3,0,categorical,4,prototype_discretization,0.06888363796677398,0.6008771929824561,-0.020701754385964888,-0.016666666666666607
86,2,10,25,3,1,continuous,0,continuous_scalar,0.1140537743378141,0.5850877192982455,-0.001403508771929829,-0.016666666666666607
86,2,11,29,3,5,continuous,0,continuous_scalar,0.1519750307676531,0.7315789473684211,0.2450877192982456,0.3017543859649122
86,2,12,27,3,3,categorical,2,prototype_discretization,0.0005347024084135304,0.493859649122807,0.007368421052631557,-0.013157894736842146
86,2,13,14,1,6,categorical,5,prototype_discretization,0.09861848035613073,0.5394736842105263,0.0,-0.0035087719298245723
86,2,14,13,1,5,continuous,0,continuous_scalar,0.02949305295505059,0.5929824561403509,-0.011228070175438632,-0.029824561403508865
86,2,15,10,1,2,continuous,0,continuous_scalar,0.000471510188105589,0.47631578947368425,0.007192982456140329,-0.0368421052631579
87,3,0,29,3,4,categorical,4,threshold_binning,0.04319392333468946,0.6098484848484849,0.14090909090909093,0.058080808080808066
87,3,1,15,1,7,continuous,0,continuous_scalar,0.001991163201269614,0.29924242424242425,-0.036111111111111024,-0.08333333333333337
87,3,2,9,1,1,continuous,0,continuous_scalar,0.09704106677201665,0.2815656565656565,-0.044191919191919136,-0.04166666666666652
87,3,3,1,0,1,continuous,0,continuous_scalar,0.03314684570384662,0.3863636363636364,-0.028282828282828243,-0.02651515151515149
87,3,4,26,3,1,continuous,0,continuous_scalar,0.018925743174991436,0.35479797979797983,0.01388888888888895,0.01388888888888895
87,3,5,21,2,4,categorical,2,prototype_discretization,0.11956751198581095,0.40277777777777785,0.03333333333333335,0.01388888888888895
87,3,6,22,2,5,categorical,4,prototype_discretization,0.054131019881518694,0.2727272727272727,0.019949494949495005,0.015151515151515138
87,3,7,4,0,4,continuous,0,continuous_scalar,0.23971016080600477,0.3863636363636364,0.09722222222222228,-0.025252525252525193
87,3,8,17,2,0,categorical,5,prototype_discretization,0.2436924765381018,0.6199494949494949,0.169949494949495,0.01388888888888895
87,3,9,18,2,1,continuous,0,continuous_scalar,0.14860008860175003,0.22979797979797978,0.002272727272727315,-0.06944444444444453
88,3,0,14,1,6,continuous,0,continuous_scalar,0.09147976996170697,0.35523504273504275,0.004878917378917436,-0.031339031339031265
88,3,1,18,2,3,continuous,0,continuous_scalar,0.0991114639816178,0.43500712250712253,0.06980056980056984,-0.03703703703703687
88,3,2,19,2,4,continuous,0,continuous_scalar,0.11394567354038242,0.5892094017094016,0.06648860398860401,-0.01851851851851849
88,3,3,0,0,0,continuous,0,continuous_scalar,0.06678586881084465,0.3164173789173789,-0.01367521367521365,0.012820512820512775
88,3,4,23,2,8,continuous,0,continuous_scalar,0.07860764003543237,0.4341168091168091,0.03625356125356134,-0.012820512820512775
88,3,5,22,2,7,continuous,0,continuous_scalar,0.0857783016109242,0.30982905982905984,0.005591168091168086,-0.005698005698005715
88,3,6,13,1,5,categorical,5,prototype_discretization,0.04919413243928972,0.2752849002849003,0.007692307692307665,-0.02564102564102555
88,3,7,15,2,0,categorical,2,threshold_binning,0.03841955128109581,0.3819444444444444,0.01025641025641022,0.02564102564102566
88,3,8,26,3,1,continuous,0,continuous_scalar,0.12232086348839537,0.5641025641025641,0.24878917378917392,0.085826210826211
88,3,9,12,1,4,continuous,0,continuous_scalar,0.11416681555062283,0.4196937321937322,0.004558404558404572,-0.049857549857549865
88,3,10,6,0,6,continuous,0,continuous_scalar,0.0862450567543486,0.4246794871794872,-0.006267806267806253,-0.012820512820512775
88,3,11,16,2,1,continuous,0,continuous_scalar,0.05394486254533927,0.37767094017094016,0.010256410256410286,0.04558404558404572
89,2,0,33,3,5,continuous,0,continuous_scalar,0.09980868084781432,0.6198412698412699,0.07333333333333332,-0.01388888888888884
89,2,1,29,3,1,continuous,0,continuous_scalar,0.1568975284686195,0.7876984126984128,0.1513492063492064,0.042063492063492136
89,2,2,7,0,7,categorical,2,prototype_discretization,0.09698352851103016,0.6087301587301588,0.0,0.0
89,2,3,9,1,1,continuous,0,continuous_scalar,0.0987880887845057,0.8166666666666667,0.00023809523809525945,0.0
89,2,4,30,3,2,continuous,0,continuous_scalar,0.07325547858927038,0.5071428571428571,0.0,0.0
89,2,5,25,2,7,continuous,0,continuous_scalar,0.16036421446181912,0.7456349206349207,0.05365079365079373,0.01388888888888895
89,2,6,10,1,2,continuous,0,continuous_scalar,0.15285350225545527,0.47857142857142854,2.2204460492503132e-17,-0.01388888888888884
89,2,7,31,3,3,categorical,6,prototype_discretization,0.028649188941239453,0.4373015873015873,0.0,0.0
89,2,8,14,1,6,categorical,2,prototype_discretization,0.04643122879022102,0.3821428571428571,0.0,0.0
89,2,9,26,2,8,continuous,0,continuous_scalar,0.07610807370600328,0.55,0.0,0.0
89,2,10,23,2,5,continuous,0,continuous_scalar,0.009860486644021817,0.790079365079365,0.005555555555555603,0.0
90,4,0,26,3,5,categorical,3,prototype_discretization,0.0,0.25,0.0,0.0
90,4,1,29,3,8,categorical,5,threshold_binning,0.08266182915037674,0.38296703296703294,0.02871168305378846,-0.004516097937150465
90,4,2,3,0,3,continuous,0,continuous_scalar,0.017775745809694196,0.2804993252361674,-0.01453634085213027,0.026315789473684292
90,4,3,7,0,7,categorical,4,threshold_binning,0.02865576640602833,0.2758338153074995,-0.03954887218045104,-0.023746867167919627
90,4,4,22,3,1,continuous,0,continuous_scalar,0.20468936647164776,0.5563210911895122,0.11214623096202052,0.05346780412569896
90,4,5,28,3,7,continuous,0,continuous_scalar,0.011838349261720761,0.1881169269327164,-0.024548872180451053,0.0006578947368421906
90,4,6,18,2,4,categorical,3,threshold_binning,0.13493637145314372,0.44514170040485823,0.009443319838056774,-0.01065162907268169
90,4,7,24,3,3,categorical,3,threshold_binning,0.040707861989106614,0.25694042799305955,0.006053113553113665,0.007983902062849602
90,4,8,10,1,2,continuous,0,continuous_scalar,0.19682719300035348,0.6234745517640254,0.10510651629072695,0.04673703489492975
90,4,9,23,3,2,continuous,0,continuous_scalar,0.021749860331030182,0.2117384808174282,0.10672450356660892,0.04037256603046091
90,4,10,19,2,5,categorical,5,threshold_binning,0.08720292517548536,0.3096370734528629,0.04130229419703111,0.01196741854636596
90,4,11,25,3,4,categorical,3,threshold_binning,0.07848419041225332,0.31553643724696356,0.04700838635049169,0.02506265664160412
90,4,12,17,2,3,continuous,0,continuous_scalar,0.03894020045397008,0.1662810873337189,-0.030419799498746757,-0.012499999999999956
90,4,13,15,2,1,categorical,2,prototype_discretization,0.05553034008518945,0.3375,0.056239637555427116,0.034237034894929796
91,4,0,28,3,1,continuous,0,continuous_scalar,0.007274747049748382,0.20389342339806735,0.005263157894736814,0.02786377708978338
91,4,1,11,1,3,continuous,0,continuous_scalar,0.10250446852633646,0.39050098508302844,0.08024298714701192,0.005136504362510674
91,4,2,5,0,5,categorical,3,threshold_binning,0.0808505118633224,0.3657754010695187,0.02607843137254897,0.013157894736842035
91,4,3,0,0,0,continuous,0,continuous_scalar,0.07676681380179703,0.2361900741157707,0.011145510835913308,0.04453044375644999
91,4,4,15,1,7,continuous,0,continuous_scalar,0.10621729049912107,0.346894643024674,0.031247771836007087,0.012745098039215641
91,4,5,25,2,8,continuous,0,continuous_scalar,0.06824283723411545,0.21893235763204805,0.002631578947368407,0.013157894736842035
91,4,6,10,1,2,continuous,0,continuous_scalar,0.07455026404932559,0.3100525377615161,0.008513931888544856,0.013157894736842035
91,4,7,31,3,4,continuous,0,continuous_scalar,0.10103888439264315,0.252364199268224,-0.0055108359133127175,-0.0019607843137254832
91,4,8,21,2,4,continuous,0,continuous_scalar,0.10554739069208956,0.583497513838071,0.29344403790224227,0.013157894736842035
91,4,9,14,1,6,continuous,0,continuous_scalar,0.0063605916647900464,0.1892391406323295,0.004545454545454542,-0.0035087719298245723
91,4,10,17,2,0,continuous,0,continuous_scalar,0.017902696634058732,0.24467586077493197,-0.009215686274509794,0.0
91,4,11,33,3,6,continuous,0,continuous_scalar,0.0691564567272894,0.27450042217844073,0.060806829908997106,0.00041279669762639415
91,4,12,23,2,6,continuous,0,continuous_scalar,0.06956389037921207,0.30019232573412136,0.036350501923257374,0.029824561403508754
91,4,13,4,0,4,continuous,0,continuous_scalar,0.11402315648615068,0.345857960409044,0.012549019607843114,0.02786377708978338
92,2,0,24,3,4,categorical,4,prototype_discretization,0.006811630115883711,0.881578947368421,0.01639676113360322,0.0
92,2,1,18,2,4,continuous,0,continuous_scalar,0.291346328168079,0.9412955465587045,0.03785425101214572,-0.007085020242915019
92,2,2,21,3,1,continuous,0,continuous_scalar,0.29528618938811374,0.9220647773279352,0.048380566801619396,0.013157894736842035
92,2,3,28,3,8,continuous,0,continuous_scalar,0.03885021993754671,0.4736842105263158,-0.0052631578947368585,-0.013157894736842146
92,2,4,16,2,2,continuous,0,continuous_scalar,0.00956453245591702,0.48785425101214575,0.013157894736842035,0.0
92,2,5,3,0,3,continuous,0,continuous_scalar,0.1002444339434858,0.4686234817813766,0.002631578947368407,0.0
92,2,6,20,3,0,continuous,0,continuous_scalar,0.11229001995302872,0.5647773279352226,0.005263157894736814,0.0
92,2,7,0,0,0,continuous,0,continuous_scalar,0.07566334988961317,0.6629554655870445,0.0,-0.013157894736842146
92,2,8,14,2,0,categorical,3,threshold_binning,0.06994329614833217,0.5668016194331984,0.005263157894736814,-0.013157894736842146
93,2,0,17,2,3,continuous,0,continuous_scalar,0.03913642168755623,0.5147058823529411,0.0,-0.03137254901960784
93,2,1,13,1,5,categorical,4,threshold_binning,0.1669198748007615,0.7450980392156863,0.005490196078431375,-0.014705882352941124
93,2,2,0,0,0,categorical,2,prototype_discretization,0.03680598346715925,0.5068627450980392,0.0,-0.03137254901960784
93,2,3,24,3,3,continuous,0,continuous_scalar,0.19027151720906926,0.7990196078431373,0.05215686274509808,-0.016666666666666607
93,2,4,25,3,4,continuous,0,continuous_scalar,0.18282684563925491,0.5588235294117647,0.029607843137254952,-0.016666666666666607
93,2,5,15,2,1,continuous,0,continuous_scalar,0.1834052744288552,0.6196078431372549,0.10921568627450987,0.0
93,2,6,20,2,6,continuous,0,continuous_scalar,0.18579144185927957,0.7509803921568627,0.11725490196078436,-0.06274509803921569
93,2,7,16,2,2,continuous,0,continuous_scalar,0.014842640908064057,0.5147058823529411,0.0,-0.014705882352941124
94,2,0,21,2,5,continuous,0,continuous_scalar,0.10273598223062834,0.6962649753347427,0.010711768851303715,-0.015151515151515138
94,2,1,4,0,4,continuous,0,continuous_scalar,0.09638544087372161,0.6589147286821706,0.026074700493305136,-0.030303030303030276
94,2,2,5,0,5,continuous,0,continuous_scalar,0.03820058599794742,0.45630725863284005,-0.0030303030303030277,-0.015151515151515138
94,2,3,28,3,3,categorical,2,threshold_binning,0.0376134984242404,0.5017618040873855,0.006060606060606055,-0.015151515151515138
94,2,4,14,1,6,continuous,0,continuous_scalar,0.09754763222343928,0.6053558844256519,0.006060606060606055,-0.030303030303030276
94,2,5,27,3,2,continuous,0,continuous_scalar,0.044761893006834634,0.5458069062720226,0.0,0.0
94,2,6,18,2,2,categorical,2,prototype_discretization,0.06876061908521984,0.4203664552501762,-0.008386187455954897,-0.026779422128259345
94,2,7,17,2,1,continuous,0,continuous_scalar,0.08468625662979296,0.6437632135306555,-0.008386187455954897,-0.030303030303030276
94,2,8,7,0,7,continuous,0,continuous_scalar,0.10570708566578046,0.6518675123326286,-0.022339675828047946,0.0035236081747709314
94,2,9,31,3,6,continuous,0,continuous_scalar,0.09245832457452385,0.6472868217054264,0.01980267794221282,-0.011627906976744207
94,2,10,0,0,0,continuous,0,continuous_scalar,0.09156870710853539,0.6169837914023961,0.0,-0.015151515151515138
94,2,11,12,1,4,continuous,0,continuous_scalar,0.09056571413240373,0.5295983086680761,-0.024453840732910504,-0.015151515151515138
94,2,12,26,3,1,continuous,0,continuous_scalar,0.04900826004693208,0.6412966878083157,0.10274841437632132,0.0
95,3,0,7,0,7,continuous,0,continuous_scalar,0.022182153357092563,0.2860750360750361,-0.015873015873015928,-0.0007215007215007896
95,3,1,30,3,7,continuous,0,continuous_scalar,0.11222717676775085,0.5404761904761904,0.23974025974025964,0.01291486291486299
95,3,2,17,2,0,continuous,0,continuous_scalar,0.11561760083321149,0.3641414141414141,0.015873015873015817,0.0
95,3,3,23,3,0,continuous,0,continuous_scalar,0.11567769270235678,0.3950937950937951,0.0249639249639249,0.0
95,3,4,1,0,1,continuous,0,continuous_scalar,0.05772741799654979,0.3194805194805195,0.009235209235209218,0.015151515151515138
95,3,5,26,3,3,continuous,0,continuous_scalar,0.009835354383059625,0.3952380952380952,0.0006349206349206326,0.0
95,3,6,27,3,4,continuous,0,continuous_scalar,0.10423560207261255,0.2861471861471861,0.0,-0.0007215007215007896
95,3,7,0,0,0,continuous,0,continuous_scalar,0.06283671955392266,0.47308802308802306,0.005772005772005739,-0.0007215007215007896
95,3,8,15,1,7,continuous,0,continuous_scalar,0.11008255097527364,0.44357864357864357,0.010202020202020167,-0.01666666666666672
95,3,9,8,1,0,continuous,0,continuous_scalar,0.0313502734982832,0.35808080808080806,-0.015873015873015928,-0.015873015873015928
95,3,10,19,2,2,continuous,0,continuous_scalar,0.1141419967355715,0.6093795093795095,0.16196248196248192,0.031024531024530955
95,3,11,12,1,4,categorical,2,prototype_discretization,0.021133871772982586,0.3666666666666667,-0.012698412698412742,-0.0007215007215007896
95,3,12,22,2,5,continuous,0,continuous_scalar,0.0,0.4239538239538239,0.0,-0.0007215007215007896
95,3,13,14,1,6,continuous,0,continuous_scalar,0.06909630458753839,0.41031746031746036,0.005916305916305875,0.031024531024530955
95,3,14,21,2,4,continuous,0,continuous_scalar,0.053855284763794385,0.45959595959595956,-0.0003174603174603607,-0.015873015873015928
96,4,0,14,1,6,categorical,2,prototype_discretization,0.0,0.25,0.0,0.0
96,4,1,21,2,4,continuous,0,continuous_scalar,0.16346491287048218,0.513095238095238,0.04943722943722935,0.009523809523809379
96,4,2,8,1,0,continuous,0,continuous_scalar,0.13957835842437924,0.4380952380952381,0.09523809523809519,0.017857142857142794
96,4,3,27,3,3,categorical,3,threshold_binning,0.10071594475817296,0.44718614718614713,0.02608225108225102,0.0
96,4,4,17,2,0,continuous,0,continuous_scalar,0.055032700591730294,0.48203463203463204,0.004047619047618989,0.0011904761904760752
96,4,5,24,3,0,continuous,0,continuous_scalar,0.15191548678374767,0.520021645021645,0.033268398268398246,0.009523809523809379
96,4,6,7,0,7,continuous,0,continuous_scalar,0.017592755532805184,0.26461038961038963,-0.009740259740259782,0.0
96,4,7,9,1,1,continuous,0,continuous_scalar,0.1489778652210502,0.4546536796536796,-0.014761904761904776,0.0
96,4,8,19,2,2,categorical,2,threshold_binning,0.006458470369474745,0.2154761904761905,-0.007142857142857162,0.0
96,4,9,6,0,6,categorical,2,prototype_discretization,0.05558720106933236,0.3666666666666667,0.042380952380952366,0.0011904761904760752
96,4,10,25,3,1,categorical,3,threshold_binning,0.04230674083658256,0.4642857142857143,0.018181818181818167,0.017857142857142794
96,4,11,23,2,6,continuous,0,continuous_scalar,0.11836956354224261,0.5406926406926408,0.1839393939393939,0.044047619047619
97,2,0,11,1,3,continuous,0,continuous_scalar,0.18796784721701487,0.7604395604395604,0.20219780219780228,0.17802197802197806
97,2,1,19,2,4,continuous,0,continuous_scalar,0.12591987390251952,0.47307692307692306,-0.007692307692307665,0.014285714285714346
97,2,2,2,0,2,categorical,4,prototype_discretization,0.16665982788662032,0.5543956043956044,-0.016263736263736207,-0.014285714285714235
97,2,3,9,1,1,continuous,0,continuous_scalar,0.07185807291188324,0.378021978021978,-0.011538461538461497,0.009340659340659307
97,2,4,8,1,0,continuous,0,continuous_scalar,0.16980230710501992,0.6071428571428572,0.16571428571428576,0.08131868131868136
97,2,5,13,1,5,continuous,0,continuous_scalar,0.15363871576441088,0.4445054945054945,-0.031538461538461446,0.014285714285714346
97,2,6,4,0,4,categorical,2,threshold_binning,0.07352120169481306,0.548901098901099,-0.014285714285714235,0.014285714285714346
97,2,7,25,3,4,categorical,2,prototype_discretization,0.050632153517718194,0.6043956043956045,0.015384615384615441,0.0
98,3,0,30,3,7,continuous,0,continuous_scalar,0.008891766435836283,0.4396825396825396,-0.011111111111111249,-0.022222222222222365
98,3,1,29,3,6,categorical,4,threshold_binning,0.052504343265197435,0.36349206349206353,0.0,-0.011111111111111294
98,3,2,9,1,1,continuous,0,continuous_scalar,0.00405963825170788,0.2972222222222222,-0.0022222222222222586,0.002777777777777546
98,3,3,2,0,2,continuous,0,continuous_scalar,0.036265010389929825,0.3646825396825397,-0.006666666666666776,-0.022222222222222365
98,3,4,3,0,3,continuous,0,continuous_scalar,0.013473934932850413,0.4130952380952381,-0.006666666666666776,-0.022222222222222365
98,3,5,14,1,6,categorical,2,threshold_binning,0.020355699198451913,0.37777777777777777,0.0,-0.022222222222222365
98,3,6,4,0,4,categorical,4,threshold_binning,0.09085507173132418,0.2809523809523809,0.0,-0.011111111111111294
98,3,7,20,2,4,categorical,3,prototype_discretization,0.007598557367669431,0.3246031746031746,-0.011111111111111294,-0.011111111111111294
98,3,8,26,3,3,continuous,0,continuous_scalar,0.179624359988679,0.6218253968253968,0.10261904761904757,0.01388888888888884
98,3,9,27,3,4,categorical,2,threshold_binning,0.0002856009110703872,0.37777777777777777,0.0,-0.011111111111111294
98,3,10,31,3,8,continuous,0,continuous_scalar,0.15239081793855427,0.5956349206349206,0.13825396825396813,0.0
98,3,11,8,1,0,continuous,0,continuous_scalar,0.17565035971121742,0.5936507936507937,0.12373015873015865,0.005555555555555536
98,3,12,13,1,5,continuous,0,continuous_scalar,0.11121057310151451,0.3075396825396825,-0.0022222222222222586,-0.011111111111111294
98,3,13,10,1,2,continuous,0,continuous_scalar,0.03497891087709704,0.2785714285714286,-0.006666666666666732,-0.022222222222222365
98,3,14,21,2,5,categorical,3,prototype_discretization,0.1118553558989,0.6166666666666667,0.14690476190476182,-0.011111111111111294
99,2,0,11,1,3,continuous,0,continuous_scalar,0.18363261236823988,0.575,0.0,0.0
99,2,1,15,2,0,continuous,0,continuous_scalar,0.2065704642123534,0.9852941176470589,0.20558823529411768,0.014705882352941235
99,2,2,23,3,2,continuous,0,continuous_scalar,0.207515581932154,0.9286764705882353,0.1883823529411765,0.0022058823529411686
99,2,3,20,2,5,continuous,0,continuous_scalar,0.0069852764245908255,0.4536764705882353,0.0,0.0
99,2,4,18,2,3,continuous,0,continuous_scalar,0.0,0.5352941176470588,0.0,0.0
99,2,5,12,1,4,continuous,0,continuous_scalar,0.20445849242003009,0.7823529411764706,-0.005882352941176494,-0.014705882352941235
99,2,6,26,3,5,continuous,0,continuous_scalar,0.006878512323969643,0.4036764705882353,0.0,0.0
99,2,7,2,0,2,continuous,0,continuous_scalar,0.18114130771478323,0.5316176470588235,0.0,0.0
99,2,8,13,1,5,continuous,0,continuous_scalar,0.002817752603878928,0.41985294117647054,0.0,0.0
